variety,planting_date,days_to_harvest,head_weight_kg,head_diameter_cm,soil_ph,irrigation_liters_week,pest_present,fertilizer_type,quality_grade
Краснокочанная,2024-03-26,138,1.08,16.3,6.98,13.1,True,Комплексное,B
Белокочанная,2025-09-26,91,3.37,15.7,5.68,10.0,False,Минеральное,B
Пекинская,2026-04-21,47,1.73,14.0,6.01,14.5,False,Комплексное,A
Брюссельская,2025-12-04,104,1.01,8.3,6.68,16.4,False,Без удобрений,B
Брокколи,2024-12-10,64,1.37,11.4,6.29,14.2,False,Комплексное,A
Брокколи,2024-12-02,65,0.7,9.5,7.57,9.7,False,Комплексное,B
Пекинская,2025-10-02,75,0.74,10.5,7.3,10.7,False,Биоудобрение,A
Брокколи,2025-10-19,63,1.24,10.5,6.16,15.7,False,Без удобрений,A
Краснокочанная,2025-03-30,100,2.75,15.2,6.12,17.9,False,Комплексное,A
Цветная,2024-06-23,102,1.97,17.9,5.9,13.2,False,Комплексное,A
Пекинская,2024-08-04,65,1.1,10.7,6.1,18.2,False,Биоудобрение,A
Брюссельская,2024-11-01,101,0.85,5.4,5.34,20.0,True,Минеральное,D
Савойская,2024-11-27,107,2.27,16.8,6.47,4.9,False,Комплексное,B
Кольраби,2024-07-02,56,0.33,11.7,5.79,13.8,False,Минеральное,A
Цветная,2024-05-12,106,1.86,14.9,6.43,12.2,False,Комплексное,A
Краснокочанная,2024-06-08,141,2.79,13.2,6.78,10.5,False,Без удобрений,A
Краснокочанная,2024-11-10,105,2.05,21.2,5.66,10.9,False,Минеральное,B
Белокочанная,2024-06-04,117,3.5,16.0,7.42,14.4,False,Органическое,B
Кольраби,2024-12-18,64,0.35,7.8,6.22,25.7,False,Комплексное,B
Белокочанная,2026-04-05,93,3.77,15.4,5.95,17.3,False,Минеральное,B
Пекинская,2025-04-18,73,1.36,13.5,5.49,15.3,False,Комплексное,B
Цветная,2024-10-31,74,0.72,16.7,5.84,16.9,False,Биоудобрение,A
Пекинская,2025-08-01,55,0.99,13.8,5.84,20.5,False,Минеральное,C
Белокочанная,2026-01-13,97,3.63,23.0,7.16,11.2,False,Органическое,A
Пекинская,2026-03-05,48,0.65,12.0,6.02,10.0,False,Органическое,B
Савойская,2025-12-13,104,1.09,21.6,7.55,15.3,False,Минеральное,B
Цветная,2025-10-18,72,2.21,13.5,6.53,11.9,False,Биоудобрение,A
Брокколи,2025-11-26,75,1.36,8.8,7.0,15.6,True,Комплексное,C
Брокколи,2026-05-31,88,1.32,17.6,6.81,12.7,True,Комплексное,C
Кольраби,2025-02-22,80,0.45,6.4,5.93,13.8,True,Органическое,C
Брокколи,2026-01-25,77,0.72,15.4,7.55,3.8,True,Биоудобрение,D
Цветная,2026-03-17,86,0.72,16.1,7.09,2.4,True,Биоудобрение,D
Пекинская,2025-03-08,52,1.38,11.5,6.24,21.5,False,Комплексное,B
Брокколи,2026-02-12,71,1.25,11.9,5.91,15.9,False,Комплексное,A
Брюссельская,2024-10-02,103,0.9,7.8,6.23,7.9,False,Минеральное,B
Краснокочанная,2024-12-16,143,1.84,21.8,6.44,10.6,False,Комплексное,A
Кольраби,2025-11-16,80,0.67,7.6,7.24,16.7,False,Органическое,B
Краснокочанная,2026-05-07,115,2.45,13.4,6.22,17.5,False,Без удобрений,A
Цветная,2026-04-13,106,1.48,12.9,7.34,8.2,False,Комплексное,B
Пекинская,2025-12-13,63,0.95,11.8,5.87,13.8,False,Минеральное,B
Савойская,2024-10-23,124,1.72,16.4,6.12,14.6,False,Органическое,A
Белокочанная,2026-04-23,116,2.79,23.6,6.58,3.5,False,Минеральное,B
Кольраби,2024-10-11,65,1.06,13.0,5.86,9.0,False,Комплексное,A
Брокколи,2025-10-28,67,0.63,11.2,6.55,18.7,True,Минеральное,C
Брокколи,2024-12-10,98,0.36,14.8,7.0,14.5,True,Без удобрений,D
Белокочанная,2026-04-12,123,2.99,21.5,5.27,13.1,False,Органическое,A
Цветная,2024-08-19,89,0.85,11.8,6.65,19.2,False,Органическое,B
Брокколи,2025-04-11,81,1.35,15.9,7.46,14.7,False,Органическое,A
Белокочанная,2025-02-19,116,3.69,15.4,6.48,12.2,False,Без удобрений,A
Кольраби,2026-02-23,91,0.98,10.0,5.57,15.2,False,Комплексное,A
Цветная,2024-11-07,109,1.63,14.0,7.19,20.1,False,Минеральное,B
Кольраби,2024-10-04,90,0.28,13.7,6.05,12.8,False,Биоудобрение,A
Кольраби,2025-09-20,60,0.53,9.9,7.02,10.9,False,Комплексное,B
Цветная,2025-06-28,99,1.04,13.3,6.53,5.5,False,Органическое,A
Краснокочанная,2026-03-31,146,2.69,24.1,6.49,13.2,False,Минеральное,A
Пекинская,2024-12-29,49,1.21,15.7,5.75,13.3,False,Органическое,A
Кольраби,2024-06-14,59,0.43,11.5,7.29,9.0,False,Органическое,B
Кольраби,2024-05-15,60,1.23,7.9,6.58,12.1,False,Биоудобрение,A
Пекинская,2026-05-04,64,1.4,9.6,6.45,8.9,False,Биоудобрение,A
Пекинская,2025-12-01,50,0.76,11.6,5.71,11.8,True,Без удобрений,D
Брюссельская,2026-02-22,130,0.88,7.4,5.88,14.0,False,Органическое,A
Пекинская,2025-12-24,69,0.93,12.0,5.56,12.8,True,Комплексное,C
Брюссельская,2025-07-26,128,0.68,4.6,6.5,8.0,False,Комплексное,A
Белокочанная,2026-04-23,131,3.07,18.5,6.81,12.9,False,Минеральное,A
Кольраби,2024-06-02,85,0.77,8.1,6.33,10.0,True,Органическое,C
Белокочанная,2025-06-09,92,3.27,20.7,5.41,13.0,False,Комплексное,A
Цветная,2025-11-28,88,1.31,19.6,7.02,8.2,False,Минеральное,B
Пекинская,2026-02-25,58,0.9,8.9,5.58,8.2,True,Биоудобрение,D
Брюссельская,2025-08-04,99,0.73,8.6,6.89,9.0,False,Минеральное,A
Краснокочанная,2024-12-08,100,1.74,17.6,7.05,15.2,False,Органическое,B
Кольраби,2024-07-31,75,0.99,13.3,6.27,9.4,False,Минеральное,A
Брокколи,2024-04-14,69,0.92,9.3,5.96,4.3,False,Биоудобрение,B
Краснокочанная,2025-05-25,115,1.02,19.9,5.44,13.6,True,Комплексное,C
Брокколи,2025-12-26,103,1.3,15.2,5.39,10.2,False,Биоудобрение,B
Краснокочанная,2024-10-27,106,2.2,18.4,6.71,25.1,False,Минеральное,C
Брюссельская,2024-03-30,126,0.68,6.6,5.31,14.0,False,Органическое,B
Брокколи,2025-11-25,89,0.82,10.2,6.84,7.7,False,Комплексное,A
Савойская,2024-05-15,111,1.98,17.4,6.26,10.0,False,Минеральное,A
Краснокочанная,2024-10-29,142,1.82,13.0,6.12,10.9,False,Без удобрений,B
Белокочанная,2025-11-11,112,1.85,16.9,6.99,17.3,False,Органическое,B
Савойская,2025-12-04,120,1.85,13.3,5.43,12.2,False,Без удобрений,B
Савойская,2024-09-22,107,1.12,19.6,5.52,2.7,False,Биоудобрение,C
Цветная,2026-06-02,118,1.9,15.8,5.48,15.1,False,Комплексное,B
Краснокочанная,2026-05-19,116,2.8,22.3,6.15,12.8,False,Комплексное,A
Пекинская,2025-06-26,52,1.28,12.6,5.26,16.8,False,Органическое,C
Краснокочанная,2024-07-22,141,0.88,14.3,5.31,25.9,True,Органическое,D
Брокколи,2025-10-23,90,1.38,10.8,6.98,15.3,True,Минеральное,C
Кольраби,2024-10-28,78,0.32,8.6,7.25,17.9,False,Биоудобрение,B
Кольраби,2024-06-02,74,0.91,11.5,6.79,9.6,True,Комплексное,C
Пекинская,2025-10-22,50,0.78,15.1,5.72,15.4,True,Биоудобрение,D
Савойская,2024-06-21,115,0.95,16.3,6.79,13.7,False,Органическое,A
Краснокочанная,2026-04-03,117,3.04,13.9,5.35,9.4,False,Минеральное,B
Брюссельская,2025-06-13,96,0.63,7.0,6.74,27.2,False,Минеральное,B
Савойская,2024-05-07,135,1.83,16.4,5.5,9.2,False,Минеральное,B
Краснокочанная,2025-12-31,114,2.11,23.7,6.76,13.8,False,Минеральное,B
Цветная,2025-05-12,75,2.02,13.2,5.95,12.7,False,Минеральное,A
Савойская,2025-09-21,125,2.47,19.5,5.34,17.9,False,Минеральное,C
Цветная,2024-06-15,105,1.23,19.3,6.59,14.4,False,Без удобрений,A
Белокочанная,2025-11-14,111,3.82,18.1,7.43,14.5,False,Комплексное,B
Брокколи,2024-05-11,88,0.96,10.8,5.54,12.3,False,Органическое,B
Краснокочанная,2024-04-23,133,1.73,16.9,5.57,13.0,True,Минеральное,C
Краснокочанная,2025-02-17,102,1.62,24.2,6.23,11.8,False,Комплексное,A
Пекинская,2026-04-25,62,0.59,12.6,5.53,12.9,True,Комплексное,C
Цветная,2024-05-13,90,1.56,16.5,6.15,12.8,False,Без удобрений,B
Краснокочанная,2025-04-19,126,1.18,21.9,5.25,9.7,False,Комплексное,A
Краснокочанная,2025-04-10,141,1.26,17.1,7.29,12.9,False,Без удобрений,B
Савойская,2024-10-28,105,1.06,19.6,5.45,12.9,True,Комплексное,C
Кольраби,2026-01-27,77,0.38,6.8,7.42,7.8,False,Комплексное,B
Брюссельская,2025-10-27,111,0.37,7.1,5.33,9.6,False,Без удобрений,C
Брокколи,2025-06-17,100,0.98,10.6,6.59,19.3,True,Биоудобрение,C
Белокочанная,2025-06-05,103,1.54,22.6,5.45,16.0,False,Минеральное,B
Савойская,2025-03-08,135,2.11,14.8,6.09,12.2,False,Минеральное,A
Брюссельская,2024-11-14,127,0.92,8.2,6.94,8.2,False,Органическое,B
Брокколи,2024-07-11,68,1.42,18.6,6.63,16.2,False,Комплексное,A
Краснокочанная,2025-12-22,121,3.12,18.1,6.81,12.2,False,Биоудобрение,A
Краснокочанная,2024-12-28,103,2.34,21.8,7.23,18.5,False,Биоудобрение,B
Савойская,2024-08-14,98,1.64,20.0,5.63,11.0,False,Комплексное,B
Брюссельская,2026-04-10,120,1.25,4.8,7.0,8.3,False,Комплексное,A
Кольраби,2025-06-16,67,0.93,7.9,7.05,13.8,False,Органическое,B
Цветная,2025-09-19,86,0.76,17.0,7.44,11.8,True,Без удобрений,D
Пекинская,2026-06-15,64,0.9,9.4,6.28,12.5,True,Минеральное,B
Краснокочанная,2026-03-02,144,3.19,23.0,6.76,13.6,False,Комплексное,A
Краснокочанная,2024-03-20,107,2.59,15.4,5.81,15.6,False,Минеральное,B
Кольраби,2024-05-04,76,0.61,7.3,5.47,17.5,True,Минеральное,D
Брокколи,2024-09-08,96,0.97,12.8,6.79,22.3,True,Минеральное,C
Белокочанная,2025-12-11,105,3.0,20.7,6.13,8.4,False,Без удобрений,B
Цветная,2024-07-15,106,1.58,13.3,5.31,6.0,True,Комплексное,D
Кольраби,2024-04-07,91,0.49,10.2,5.9,15.6,True,Биоудобрение,C
Пекинская,2024-12-18,68,1.14,13.5,6.06,14.5,False,Органическое,B
Цветная,2024-09-08,116,1.45,15.0,6.39,3.9,False,Комплексное,B
Брюссельская,2025-01-23,102,0.94,5.8,5.45,11.4,False,Комплексное,A
Цветная,2025-11-20,112,1.18,14.5,7.6,11.3,False,Без удобрений,A
Белокочанная,2024-07-25,136,1.97,17.2,7.24,11.1,True,Органическое,D
Кольраби,2025-03-15,72,0.54,7.8,6.09,13.4,False,Минеральное,B
Брокколи,2025-09-27,93,0.67,10.6,5.48,14.0,False,Комплексное,B
Кольраби,2024-05-29,90,0.66,12.0,7.15,24.5,False,Комплексное,C
Савойская,2026-05-22,126,0.97,19.6,6.07,14.9,False,Органическое,A
Савойская,2025-11-17,122,2.11,22.1,7.32,16.7,False,Минеральное,B
Краснокочанная,2025-06-04,137,1.57,25.6,6.32,10.9,False,Минеральное,A
Белокочанная,2024-07-06,123,4.01,26.4,6.44,12.2,False,Органическое,A
Брюссельская,2024-07-07,127,0.57,7.4,6.7,11.7,False,Минеральное,A
Белокочанная,2024-03-30,129,2.2,20.9,5.39,19.5,False,Органическое,C
Брюссельская,2025-12-18,96,0.86,4.2,7.5,5.8,False,Органическое,B
Цветная,2025-11-12,97,0.91,14.7,5.54,15.3,False,Органическое,B
Кольраби,2024-07-04,81,0.48,12.6,5.84,13.0,False,Минеральное,A
Цветная,2024-09-11,71,0.84,14.8,7.03,8.2,False,Органическое,B
Цветная,2024-04-19,107,0.6,11.2,5.32,4.7,False,Минеральное,C
Цветная,2026-04-22,88,0.95,16.9,6.17,14.2,False,Минеральное,A
Краснокочанная,2024-07-10,150,1.23,17.4,7.54,7.4,False,Биоудобрение,B
Белокочанная,2024-07-19,102,1.81,21.1,6.91,14.6,True,Биоудобрение,C
Брюссельская,2025-10-29,91,0.77,7.2,6.01,15.3,False,Органическое,B
Белокочанная,2025-11-02,136,1.49,20.6,6.34,19.8,False,Минеральное,B
Брокколи,2024-07-30,88,0.89,11.1,7.17,13.3,False,Органическое,A
Кольраби,2026-03-24,85,0.69,9.3,6.95,11.7,False,Биоудобрение,B
Цветная,2025-09-11,109,1.57,22.0,6.05,13.9,False,Комплексное,A
Брюссельская,2026-04-29,107,0.64,6.9,5.89,14.7,False,Органическое,A
Брокколи,2025-02-17,84,1.67,15.5,7.49,14.1,False,Комплексное,B
Брюссельская,2025-09-27,123,0.54,4.8,6.87,16.6,False,Органическое,A
Кольраби,2024-06-11,85,0.68,7.6,6.83,19.7,False,Органическое,A
Белокочанная,2026-04-27,103,2.44,22.0,5.41,8.6,False,Биоудобрение,B
Брокколи,2026-05-16,60,0.83,14.6,6.39,22.4,False,Комплексное,B
Кольраби,2025-12-17,67,0.92,8.7,6.5,3.6,False,Минеральное,B
Савойская,2024-03-15,135,2.66,20.6,6.97,14.3,False,Органическое,B
Краснокочанная,2024-09-06,134,1.8,19.6,7.56,3.7,True,Минеральное,D
Белокочанная,2024-11-23,119,3.05,24.8,6.77,12.5,True,Органическое,C
Краснокочанная,2025-12-15,110,1.99,24.1,7.4,11.5,False,Органическое,A
Кольраби,2026-04-15,60,0.79,11.5,6.49,11.6,False,Комплексное,A
Краснокочанная,2024-05-03,133,2.09,20.4,7.19,15.2,False,Органическое,B
Кольраби,2026-06-07,77,0.87,9.3,5.33,15.8,False,Минеральное,B
Краснокочанная,2024-04-16,134,1.04,16.7,6.22,11.5,True,Биоудобрение,C
Брокколи,2025-03-19,96,0.52,17.8,7.58,7.0,False,Минеральное,B
Брокколи,2025-08-24,91,1.09,14.1,5.51,20.5,False,Биоудобрение,C
Пекинская,2025-06-15,71,1.27,15.2,6.03,11.5,False,Без удобрений,A
Краснокочанная,2024-06-12,102,1.84,16.4,6.63,7.4,False,Органическое,A
Белокочанная,2024-07-22,128,3.58,26.5,6.41,11.2,False,Органическое,A
Пекинская,2025-04-28,72,1.07,9.3,5.92,22.0,False,Биоудобрение,B
Брокколи,2026-05-14,94,1.07,18.9,6.46,11.6,False,Органическое,A
Кольраби,2024-04-29,72,0.45,6.4,6.55,18.0,True,Органическое,C
Пекинская,2024-04-22,80,0.88,10.8,5.84,10.5,False,Органическое,B
Белокочанная,2024-10-03,107,3.21,22.2,7.45,14.9,False,Минеральное,B
Цветная,2026-05-04,101,1.42,19.8,5.88,7.3,False,Органическое,B
Цветная,2024-09-25,86,1.62,17.0,6.09,8.6,False,Органическое,A
Пекинская,2025-02-01,67,0.92,15.8,5.75,10.3,False,Биоудобрение,B
Кольраби,2025-06-15,90,1.12,13.7,5.6,13.7,False,Минеральное,B
Краснокочанная,2026-01-14,112,0.89,16.9,5.32,15.2,False,Без удобрений,C
Кольраби,2026-01-05,76,0.6,8.0,6.37,18.1,True,Минеральное,C
Брокколи,2026-06-04,101,0.98,16.5,7.46,16.8,False,Органическое,A
Цветная,2025-04-20,75,2.08,20.9,6.3,13.3,False,Комплексное,A
Брокколи,2025-03-22,91,1.21,12.8,6.53,13.5,True,Минеральное,B
Белокочанная,2024-10-22,95,2.6,15.9,5.71,18.7,False,Без удобрений,C
Савойская,2025-01-17,102,1.49,19.6,5.24,13.6,False,Комплексное,A
Цветная,2025-03-29,92,0.8,15.1,7.01,20.6,False,Минеральное,A
Брокколи,2026-05-02,95,1.57,13.6,5.98,8.3,False,Органическое,B
Краснокочанная,2026-04-30,149,2.34,13.6,6.68,14.9,True,Органическое,C
Краснокочанная,2024-03-06,133,1.27,14.0,7.46,6.6,True,Без удобрений,D
Цветная,2025-09-19,96,1.85,19.5,5.42,10.1,False,Органическое,B
Пекинская,2025-10-07,54,0.68,13.4,6.45,12.0,False,Органическое,A
Краснокочанная,2025-03-05,106,1.41,14.2,5.8,13.1,False,Органическое,A
Брокколи,2026-06-02,99,0.67,12.1,7.27,9.1,False,Комплексное,A
Цветная,2024-08-29,108,1.81,15.0,7.51,16.3,False,Минеральное,B
Цветная,2024-06-25,77,1.83,14.3,7.44,17.3,True,Комплексное,B
Брюссельская,2026-02-08,112,0.56,6.8,5.37,17.1,False,Органическое,C
Краснокочанная,2025-06-03,146,1.94,13.4,7.58,9.0,False,Биоудобрение,B
Краснокочанная,2024-06-20,141,2.3,17.2,7.05,10.9,False,Без удобрений,B
Брокколи,2024-06-17,99,0.71,13.3,5.23,12.7,False,Минеральное,B
Савойская,2025-02-17,106,1.31,14.8,7.59,9.7,False,Без удобрений,C
Цветная,2025-07-01,121,0.65,17.0,5.43,12.2,True,Без удобрений,D
Савойская,2026-03-29,110,2.27,19.8,5.79,14.1,False,Биоудобрение,A
Брокколи,2024-03-30,73,0.64,14.6,6.97,16.2,False,Без удобрений,B
Краснокочанная,2026-05-28,132,2.24,20.3,7.29,14.4,False,Органическое,A
Краснокочанная,2025-02-20,139,2.42,20.5,6.04,10.6,False,Комплексное,A
Краснокочанная,2024-09-04,127,1.6,20.8,6.1,15.5,False,Минеральное,A
Савойская,2025-09-20,118,2.66,18.2,5.6,12.4,False,Комплексное,A
Кольраби,2025-04-23,56,0.7,7.0,6.84,6.4,False,Без удобрений,B
Брюссельская,2024-08-20,126,0.47,7.2,7.07,6.7,False,Минеральное,B
Белокочанная,2026-04-18,142,1.4,20.6,6.93,2.0,True,Комплексное,D
Краснокочанная,2025-05-24,145,1.83,19.7,7.28,18.4,False,Комплексное,A
Савойская,2026-05-13,130,1.2,23.1,5.7,13.4,False,Органическое,A
Краснокочанная,2024-07-17,110,2.46,14.5,7.51,15.0,False,Комплексное,B
Пекинская,2026-04-19,70,1.26,14.0,7.22,11.3,False,Комплексное,A
Брюссельская,2026-02-10,97,0.81,5.1,7.45,6.3,False,Без удобрений,B
Краснокочанная,2026-05-24,118,2.0,20.3,6.48,13.9,False,Органическое,A
Цветная,2026-01-28,80,1.25,9.9,7.03,18.4,False,Без удобрений,B
Савойская,2025-12-26,104,1.19,19.0,5.92,18.8,True,Минеральное,D
Брюссельская,2026-03-14,120,0.4,6.3,6.88,13.6,False,Без удобрений,A
Белокочанная,2026-02-11,104,2.2,22.4,6.02,18.8,False,Минеральное,A
Брюссельская,2024-07-19,94,0.92,3.9,6.12,16.2,False,Комплексное,B
Пекинская,2025-12-04,51,0.73,10.1,7.0,17.8,False,Органическое,B
Брокколи,2025-01-17,98,0.81,20.3,7.1,13.1,False,Комплексное,A
Брюссельская,2024-09-27,105,0.69,4.0,6.44,6.4,False,Без удобрений,B
Белокочанная,2025-03-05,135,1.85,18.3,7.44,18.4,False,Минеральное,B
Краснокочанная,2024-03-15,140,2.65,21.5,5.83,14.4,False,Минеральное,A
Савойская,2024-12-10,118,1.46,18.1,5.4,20.9,False,Органическое,B
Краснокочанная,2025-01-12,131,0.93,17.1,6.88,12.0,True,Без удобрений,D
Савойская,2024-07-01,131,2.15,18.9,5.23,13.4,False,Органическое,B
Брюссельская,2026-03-21,95,0.63,8.5,7.33,13.1,False,Органическое,B
Цветная,2024-04-26,106,1.65,11.2,6.4,9.5,False,Без удобрений,B
Белокочанная,2024-11-06,99,2.14,21.0,5.31,7.1,True,Биоудобрение,D
Цветная,2024-11-10,106,1.52,11.3,6.2,12.4,True,Минеральное,C
Белокочанная,2025-04-15,128,2.37,18.8,5.37,9.8,False,Органическое,B
Пекинская,2025-06-19,79,1.18,10.3,6.08,26.8,False,Комплексное,C
Пекинская,2025-09-06,69,1.29,13.8,6.03,17.4,False,Без удобрений,C
Пекинская,2025-05-04,59,1.28,11.2,6.38,25.7,False,Без удобрений,B
Краснокочанная,2025-10-16,133,1.82,13.1,5.43,18.0,True,Минеральное,C
Брокколи,2026-02-16,68,1.3,14.4,7.2,11.0,False,Биоудобрение,A
Кольраби,2025-01-16,71,0.9,6.6,6.18,2.9,False,Органическое,B
Белокочанная,2024-10-07,123,1.62,17.5,7.21,12.2,False,Органическое,A
Брокколи,2025-06-07,71,0.47,16.0,6.53,11.3,True,Комплексное,B
Брокколи,2025-03-17,64,0.53,10.3,6.85,14.5,False,Биоудобрение,A
Савойская,2024-06-03,110,2.23,15.7,7.37,14.7,True,Минеральное,D
Брокколи,2026-01-29,69,0.48,15.0,6.22,7.7,False,Минеральное,A
Брокколи,2025-09-15,93,0.82,18.7,6.35,16.3,False,Комплексное,A
Брокколи,2026-05-10,80,0.85,10.6,6.91,6.1,False,Минеральное,B
Брюссельская,2024-04-29,100,0.43,7.1,7.14,9.3,False,Органическое,B
Белокочанная,2026-04-22,103,1.88,21.7,7.59,14.5,False,Органическое,A
Белокочанная,2026-02-19,121,2.59,15.4,6.88,17.9,False,Органическое,B
Пекинская,2024-03-21,56,1.56,14.5,6.46,21.9,False,Органическое,B
Савойская,2026-05-02,126,1.55,15.5,5.47,9.2,True,Комплексное,C
Брокколи,2026-05-20,99,1.47,11.4,6.73,9.5,False,Минеральное,A
Брюссельская,2026-03-22,115,1.13,7.1,6.85,17.5,False,Биоудобрение,A
Цветная,2026-06-07,119,0.82,15.2,7.52,13.9,False,Органическое,A
Краснокочанная,2026-02-24,148,1.02,14.0,6.81,12.5,True,Органическое,C
Брокколи,2025-05-23,94,0.87,16.8,6.96,21.2,False,Минеральное,B
Пекинская,2024-08-14,55,0.56,10.4,6.28,13.3,True,Органическое,C
Краснокочанная,2025-02-10,114,1.85,15.9,6.63,9.5,True,Биоудобрение,C
Пекинская,2025-04-24,60,0.71,12.9,6.87,11.9,False,Органическое,B
Белокочанная,2025-03-05,99,1.22,14.5,5.21,19.4,False,Минеральное,B
Краснокочанная,2025-01-10,124,1.36,21.7,7.08,4.7,False,Комплексное,B
Брюссельская,2025-05-25,100,0.42,5.5,6.32,13.5,True,Комплексное,B
Пекинская,2025-09-18,78,1.2,11.0,5.35,9.3,False,Комплексное,B
Белокочанная,2025-07-28,138,2.47,25.2,6.57,7.8,False,Органическое,A
Пекинская,2024-07-08,57,1.6,11.6,5.3,18.3,False,Комплексное,B
Краснокочанная,2024-05-29,100,2.87,20.1,6.13,10.2,False,Минеральное,A
Брокколи,2024-08-01,98,1.32,16.8,5.56,7.3,False,Биоудобрение,C
Брокколи,2024-11-26,73,0.93,13.9,6.12,7.5,True,Органическое,C
Цветная,2026-02-06,121,1.07,13.8,5.77,12.8,False,Без удобрений,C
Краснокочанная,2024-10-20,128,2.18,14.4,5.52,17.3,False,Органическое,B
Брокколи,2026-03-29,68,0.69,13.9,6.36,9.1,True,Комплексное,C
Белокочанная,2024-08-25,114,3.37,17.4,5.66,16.8,False,Минеральное,C
Краснокочанная,2026-01-27,144,1.87,14.4,5.27,9.3,True,Комплексное,C
Краснокочанная,2024-12-17,117,2.0,18.4,5.27,20.5,False,Органическое,C
Белокочанная,2026-05-09,96,1.69,19.7,7.52,11.1,True,Органическое,D
Брюссельская,2025-05-08,124,1.02,5.6,7.35,15.6,False,Органическое,B
Цветная,2025-09-26,91,1.22,17.7,6.75,10.4,True,Без удобрений,C
Брюссельская,2024-09-09,130,0.72,5.1,5.56,13.8,False,Комплексное,B
Кольраби,2024-12-28,71,0.48,10.5,5.82,9.5,True,Комплексное,C
Кольраби,2026-01-17,73,0.37,8.1,6.06,12.2,False,Минеральное,A
Савойская,2026-01-26,122,2.35,16.4,7.36,11.4,False,Комплексное,B
Краснокочанная,2025-06-25,115,1.98,21.2,5.33,9.5,False,Минеральное,C
Белокочанная,2024-08-02,121,1.63,23.4,5.53,14.3,False,Биоудобрение,A
Цветная,2025-12-07,121,0.98,19.9,7.57,12.5,False,Органическое,B
Краснокочанная,2024-07-11,102,2.53,22.7,6.67,10.3,False,Минеральное,A
Пекинская,2024-03-19,53,0.68,12.9,6.82,10.9,False,Органическое,A
Белокочанная,2024-12-31,135,4.1,17.6,7.48,8.3,False,Минеральное,B
Пекинская,2024-08-16,55,0.81,9.2,7.48,16.5,False,Комплексное,B
Белокочанная,2025-03-20,137,1.28,21.2,7.3,12.8,True,Биоудобрение,C
Кольраби,2025-03-25,57,0.56,11.1,5.5,12.9,False,Комплексное,A
Савойская,2025-05-03,105,1.27,15.9,7.19,18.0,True,Без удобрений,D
Пекинская,2025-03-02,75,1.06,10.4,6.89,12.7,False,Органическое,A
Кольраби,2024-07-31,71,0.62,12.4,7.48,13.3,False,Биоудобрение,B
Савойская,2024-04-10,98,0.79,12.9,7.25,9.2,False,Без удобрений,B
Кольраби,2025-11-27,80,0.93,8.3,5.84,12.6,False,Без удобрений,B
Брокколи,2025-12-25,71,0.57,18.3,7.33,14.1,False,Биоудобрение,A
Кольраби,2024-09-02,63,0.81,10.5,6.67,14.0,False,Комплексное,A
Краснокочанная,2024-11-23,146,2.29,22.8,6.77,21.0,False,Комплексное,B
Краснокочанная,2025-05-18,135,3.03,21.9,6.79,13.0,False,Минеральное,A
Кольраби,2025-07-21,59,0.64,10.4,7.29,17.1,False,Биоудобрение,B
Краснокочанная,2025-06-14,131,2.78,13.2,6.27,11.5,False,Органическое,A
Белокочанная,2024-06-02,131,3.03,24.1,7.1,18.5,False,Минеральное,B
Пекинская,2025-06-09,73,0.71,15.6,6.0,13.6,False,Минеральное,B
Брюссельская,2025-09-12,120,0.4,6.7,6.45,12.6,True,Органическое,B
Брокколи,2024-10-07,104,1.36,14.1,6.3,14.2,True,Минеральное,C
Савойская,2025-07-24,130,2.37,20.9,5.21,12.6,False,Минеральное,B
Савойская,2024-06-15,133,2.4,21.3,6.13,6.3,False,Минеральное,B
Брюссельская,2025-06-07,125,1.23,7.3,7.13,16.5,False,Минеральное,A
Пекинская,2024-10-01,56,1.24,14.6,6.7,12.1,False,Биоудобрение,A
Цветная,2025-09-27,104,1.28,20.8,6.35,7.6,False,Комплексное,A
Белокочанная,2025-03-26,110,2.98,16.5,5.55,11.7,False,Органическое,B
Пекинская,2026-04-11,80,1.86,15.6,6.5,10.2,False,Комплексное,A
Брюссельская,2026-02-08,110,1.3,3.9,6.79,16.5,False,Биоудобрение,B
Кольраби,2024-10-17,68,0.89,12.6,7.39,11.4,False,Минеральное,B
Краснокочанная,2024-09-08,122,1.08,17.1,7.51,12.8,True,Органическое,C
Савойская,2024-04-10,116,1.86,19.9,5.57,12.4,False,Комплексное,A
Цветная,2025-08-21,105,1.5,15.7,5.73,13.6,False,Минеральное,A
Цветная,2025-03-05,118,2.24,11.2,5.9,18.3,False,Минеральное,B
Пекинская,2024-04-10,79,1.51,10.2,6.84,9.2,False,Минеральное,A
Кольраби,2025-07-12,68,1.01,11.6,5.31,15.1,False,Биоудобрение,B
Пекинская,2026-01-16,72,1.52,16.5,6.71,14.4,False,Органическое,A
Кольраби,2026-03-05,69,1.08,9.6,6.0,14.1,False,Минеральное,A
Цветная,2024-03-18,117,1.41,18.9,6.13,13.3,False,Без удобрений,B
Краснокочанная,2024-12-22,125,2.83,13.6,7.09,12.5,False,Минеральное,A
Брокколи,2026-05-25,87,1.26,7.8,7.11,3.3,True,Комплексное,D
Белокочанная,2024-03-06,141,3.2,17.2,6.57,9.0,True,Органическое,B
Савойская,2024-08-12,136,2.22,20.6,5.64,10.7,True,Комплексное,C
Кольраби,2025-12-21,90,1.03,8.5,6.52,12.6,True,Комплексное,B
Брюссельская,2025-11-25,130,0.53,6.9,5.37,14.6,False,Комплексное,A
Савойская,2024-03-05,118,1.26,20.5,5.95,14.4,False,Органическое,B
Цветная,2026-05-03,78,2.32,14.1,5.93,10.6,False,Комплексное,A
Краснокочанная,2024-03-20,114,2.98,20.1,7.24,8.0,False,Комплексное,B
Кольраби,2025-12-30,73,0.38,10.2,7.06,11.1,False,Комплексное,A
Белокочанная,2026-01-08,99,2.42,15.6,5.77,24.0,False,Комплексное,C
Савойская,2026-03-24,111,1.58,14.7,6.96,14.1,False,Органическое,A
Цветная,2025-04-02,115,2.31,19.3,6.33,11.8,False,Органическое,A
Савойская,2025-03-21,119,2.73,16.3,6.77,9.1,False,Минеральное,A
Цветная,2025-07-12,84,0.86,18.1,7.1,13.3,False,Минеральное,A
Цветная,2025-11-07,100,1.95,17.4,6.92,15.1,False,Комплексное,A
Брокколи,2024-03-23,101,0.54,9.9,5.78,16.7,True,Минеральное,C
Брокколи,2025-11-04,67,0.68,14.8,7.53,7.7,False,Комплексное,C
Пекинская,2025-04-25,61,0.9,15.8,6.64,15.1,False,Комплексное,A
Краснокочанная,2024-10-22,143,1.95,15.3,6.11,13.5,False,Биоудобрение,A
Белокочанная,2026-05-12,124,4.19,27.3,6.48,13.0,False,Биоудобрение,A
Брокколи,2025-03-15,85,0.95,18.1,7.3,11.6,False,Минеральное,B
Краснокочанная,2025-05-10,136,1.93,15.4,5.52,10.1,False,Органическое,B
Краснокочанная,2025-08-15,112,1.79,18.8,5.22,9.6,False,Минеральное,C
Цветная,2025-11-17,100,1.05,18.7,5.86,10.2,False,Комплексное,B
Цветная,2026-05-02,98,2.03,22.7,6.89,12.3,False,Комплексное,B
Цветная,2026-05-30,74,1.72,18.8,6.52,11.0,True,Биоудобрение,C
Краснокочанная,2024-05-05,125,2.37,18.6,5.83,9.2,False,Биоудобрение,A
Савойская,2025-12-16,107,0.95,18.1,6.39,20.8,False,Минеральное,B
Савойская,2026-01-20,127,1.26,15.1,5.29,13.0,True,Биоудобрение,C
Краснокочанная,2024-06-01,117,1.71,24.4,6.52,12.2,False,Органическое,A
Белокочанная,2024-11-23,98,3.5,25.9,5.62,7.9,False,Органическое,B
Брюссельская,2026-02-09,119,1.07,8.2,6.26,9.7,False,Органическое,A
Брюссельская,2024-05-09,116,1.27,6.9,6.12,13.7,False,Комплексное,A
Пекинская,2024-12-20,81,0.73,9.2,5.42,9.6,True,Биоудобрение,D
Пекинская,2025-07-24,60,1.79,12.0,6.97,13.3,False,Органическое,A
Краснокочанная,2026-01-22,132,1.97,17.3,7.49,12.5,False,Биоудобрение,B
Брюссельская,2025-07-16,99,0.44,7.9,5.64,13.4,False,Комплексное,B
Цветная,2025-04-08,95,1.46,10.7,7.26,13.7,True,Минеральное,C
Цветная,2025-03-06,109,1.39,14.0,6.67,12.7,False,Минеральное,A
Цветная,2025-03-09,89,1.79,17.5,7.25,12.5,True,Минеральное,C
Брокколи,2024-09-17,93,0.61,17.8,5.55,15.2,False,Органическое,B
Цветная,2026-05-14,84,0.64,17.7,6.37,13.0,True,Без удобрений,B
Кольраби,2026-04-02,56,0.63,9.1,6.0,9.7,False,Органическое,A
Савойская,2026-05-09,100,1.69,15.6,5.88,10.8,False,Минеральное,A
Савойская,2025-12-16,99,1.07,17.3,7.14,10.1,False,Комплексное,A
Брюссельская,2025-11-10,127,0.87,6.5,6.75,12.4,False,Минеральное,A
Савойская,2026-03-16,121,1.21,14.3,5.76,12.9,False,Органическое,A
Белокочанная,2026-04-29,131,4.03,20.4,6.15,13.2,False,Органическое,A
Кольраби,2025-12-02,81,0.82,9.0,5.5,10.6,True,Органическое,D
Кольраби,2024-07-17,84,0.71,10.9,7.53,12.2,False,Комплексное,B
Пекинская,2026-06-03,84,1.06,12.9,5.41,11.5,True,Без удобрений,D
Белокочанная,2026-02-03,114,2.37,20.3,7.41,17.3,True,Минеральное,D
Брокколи,2025-04-09,66,1.01,12.5,5.8,11.7,False,Органическое,B
Брюссельская,2024-12-17,98,0.57,6.2,6.76,9.9,False,Без удобрений,B
Кольраби,2024-09-09,77,0.39,9.5,5.97,19.1,True,Биоудобрение,C
Савойская,2024-03-16,124,2.15,14.5,6.38,11.1,False,Биоудобрение,A
Савойская,2024-04-27,111,2.17,21.4,5.84,9.1,False,Биоудобрение,A
Пекинская,2025-03-30,55,0.95,15.2,7.05,6.9,True,Минеральное,C
Брюссельская,2025-01-25,122,1.0,5.0,5.58,12.1,False,Органическое,B
Пекинская,2024-06-24,71,1.51,10.1,5.77,12.4,False,Минеральное,A
Кольраби,2026-02-03,80,0.81,10.9,6.63,11.8,True,Без удобрений,C
Савойская,2026-02-17,117,2.41,18.5,6.49,16.6,False,Минеральное,A
Цветная,2026-03-12,116,1.41,16.4,5.52,16.7,False,Органическое,B
Кольраби,2024-12-07,88,0.38,6.8,7.28,6.5,True,Минеральное,D
Брокколи,2026-03-22,65,1.07,13.7,5.65,20.8,False,Органическое,B
Кольраби,2026-04-24,88,0.8,6.4,6.52,10.3,False,Без удобрений,B
Белокочанная,2024-09-23,123,2.74,22.7,5.46,13.4,False,Минеральное,B
Краснокочанная,2024-03-14,142,1.12,17.4,7.43,14.2,False,Без удобрений,B
Цветная,2026-05-23,93,0.63,11.0,6.9,14.4,True,Без удобрений,D
Пекинская,2025-08-27,80,1.45,13.1,6.12,15.0,False,Биоудобрение,A
Цветная,2026-01-20,99,1.26,16.7,6.3,8.8,True,Органическое,D
Цветная,2025-01-17,116,1.25,13.8,6.52,20.7,False,Комплексное,A
Брюссельская,2025-03-04,130,0.37,4.0,7.51,9.2,False,Биоудобрение,B
Пекинская,2024-10-06,81,1.09,12.4,7.25,20.4,False,Органическое,B
Кольраби,2025-02-28,76,0.37,9.6,5.57,12.2,False,Органическое,A
Цветная,2026-05-21,76,1.68,14.5,6.36,4.5,False,Комплексное,A
Краснокочанная,2026-05-08,110,2.98,15.9,5.33,13.5,False,Минеральное,B
Белокочанная,2025-12-10,103,1.8,21.3,7.07,10.5,True,Минеральное,C
Брокколи,2025-05-31,69,0.67,10.2,7.01,11.5,False,Комплексное,A
Брокколи,2024-11-24,102,0.5,11.1,5.4,6.1,True,Органическое,D
Пекинская,2024-11-04,74,0.89,11.2,5.37,13.6,False,Без удобрений,C
Белокочанная,2026-04-28,99,2.39,25.8,5.93,18.5,False,Минеральное,B
Савойская,2026-04-15,104,2.32,21.7,6.95,18.6,False,Комплексное,A
Краснокочанная,2025-01-07,133,2.83,20.6,6.28,15.7,False,Органическое,A
Белокочанная,2025-03-21,144,2.92,17.5,6.6,12.4,True,Органическое,B
Краснокочанная,2025-04-02,118,2.4,18.2,6.78,8.4,False,Без удобрений,C
Краснокочанная,2025-01-18,135,3.1,14.1,6.36,11.6,False,Биоудобрение,A
Цветная,2025-07-15,85,2.39,21.5,6.14,15.0,False,Комплексное,A
Брюссельская,2025-04-01,100,0.65,5.9,7.34,13.4,False,Органическое,B
Пекинская,2025-05-02,80,0.67,14.2,5.78,19.1,False,Органическое,A
Пекинская,2024-07-20,58,1.09,11.9,5.94,11.6,True,Биоудобрение,C
Краснокочанная,2024-09-05,126,3.1,16.7,5.96,17.7,False,Биоудобрение,B
Брюссельская,2024-08-03,107,0.99,6.7,7.07,15.0,False,Комплексное,A
Белокочанная,2025-03-03,134,2.4,23.8,5.39,13.4,False,Минеральное,B
Пекинская,2024-10-18,60,1.62,10.6,5.28,13.1,False,Минеральное,B
Кольраби,2026-02-03,79,0.8,8.7,5.98,10.1,False,Без удобрений,B
Белокочанная,2025-08-16,126,2.13,21.5,5.46,5.1,False,Органическое,B
Белокочанная,2024-09-11,117,2.28,27.1,5.9,10.3,False,Минеральное,A
Кольраби,2025-12-22,89,0.41,9.4,6.28,12.7,False,Биоудобрение,A
Пекинская,2025-06-09,54,0.64,13.8,5.42,10.4,False,Органическое,B
Брокколи,2026-03-15,70,1.39,13.3,7.1,3.2,False,Минеральное,B
Савойская,2024-08-31,113,1.9,13.8,7.05,16.3,False,Биоудобрение,A
Брюссельская,2024-03-13,109,0.47,6.3,6.3,16.1,True,Биоудобрение,C
Белокочанная,2024-11-06,102,1.66,23.4,7.32,12.0,False,Органическое,A
Брюссельская,2025-02-03,135,0.79,6.4,7.41,17.0,True,Комплексное,C
Кольраби,2026-04-07,79,1.1,11.7,6.59,14.6,False,Минеральное,A
Кольраби,2024-07-16,70,0.78,7.3,5.49,15.3,False,Органическое,B
Краснокочанная,2025-07-09,120,1.64,20.1,6.94,7.4,False,Минеральное,B
Кольраби,2025-08-15,73,0.92,6.5,6.95,5.7,False,Органическое,B
Краснокочанная,2026-03-26,136,2.71,15.4,7.24,17.6,False,Органическое,C
Брюссельская,2026-05-19,114,0.57,6.2,5.36,11.4,False,Без удобрений,B
Савойская,2024-09-15,103,2.0,19.9,5.99,9.9,False,Комплексное,A
Цветная,2025-06-17,116,1.56,16.9,7.08,7.4,False,Органическое,B
Цветная,2026-05-28,96,2.07,16.8,7.4,13.4,True,Комплексное,C
Брокколи,2024-09-08,62,0.84,10.3,6.63,17.4,False,Органическое,B
Брюссельская,2024-10-08,99,0.68,3.7,6.46,14.8,True,Органическое,B
Пекинская,2025-02-12,53,1.65,16.0,7.42,12.5,False,Органическое,B
Белокочанная,2025-06-14,128,3.62,16.6,6.13,14.3,False,Без удобрений,B
Брюссельская,2024-03-24,107,0.91,7.4,6.59,9.8,False,Органическое,A
Савойская,2024-12-06,136,1.18,12.3,5.47,17.9,True,Минеральное,D
Пекинская,2024-08-23,78,1.57,9.1,5.37,10.2,False,Органическое,B
Брокколи,2024-08-31,82,0.86,17.7,6.89,17.4,False,Минеральное,B
Краснокочанная,2026-04-13,106,2.29,21.3,7.03,11.4,False,Комплексное,A
Пекинская,2024-10-16,68,1.49,15.0,5.54,15.5,False,Органическое,B
Кольраби,2024-06-24,63,0.76,9.3,6.04,10.6,False,Комплексное,A
Краснокочанная,2026-05-21,110,2.92,17.5,5.93,7.8,False,Органическое,B
Брокколи,2026-05-13,66,1.32,15.0,7.55,9.7,False,Органическое,B
Кольраби,2025-01-28,61,0.83,10.1,6.53,14.1,False,Без удобрений,B
Белокочанная,2024-06-01,139,1.81,16.0,5.72,16.4,False,Комплексное,A
Кольраби,2024-09-17,83,0.96,13.1,5.69,15.4,False,Комплексное,B
Брокколи,2024-07-09,96,1.15,11.6,7.25,21.0,False,Без удобрений,C
Пекинская,2025-05-17,79,0.8,11.1,6.89,10.2,False,Минеральное,A
Цветная,2025-05-02,77,0.63,17.1,5.57,19.0,True,Без удобрений,D
Савойская,2024-05-26,124,2.04,18.4,5.53,15.7,False,Комплексное,B
Брокколи,2025-02-27,93,0.84,18.0,5.74,12.6,False,Комплексное,A
Белокочанная,2025-10-03,136,3.23,25.6,6.36,9.4,False,Без удобрений,A
Кольраби,2025-08-12,62,0.86,10.5,5.39,14.3,False,Комплексное,B
Цветная,2025-08-30,96,1.25,20.9,7.07,8.3,False,Комплексное,A
Брюссельская,2026-03-15,108,1.14,6.7,7.08,12.6,False,Минеральное,A
Краснокочанная,2026-05-12,107,2.13,21.5,5.87,15.2,False,Без удобрений,B
Цветная,2026-06-06,73,1.22,13.1,5.62,13.6,False,Минеральное,B
Савойская,2025-07-21,105,1.32,21.1,7.01,9.6,False,Комплексное,A
Краснокочанная,2024-04-23,136,1.58,20.0,5.6,10.3,False,Комплексное,A
Брокколи,2024-03-13,62,0.59,15.6,5.89,14.1,False,Минеральное,B
Брюссельская,2025-02-07,105,1.03,6.6,5.85,14.0,False,Минеральное,B
Савойская,2025-01-15,105,1.66,13.7,6.51,9.5,True,Без удобрений,D
Белокочанная,2024-03-25,128,2.92,24.0,6.69,18.0,False,Органическое,A
Савойская,2025-03-20,106,1.46,18.0,6.78,17.2,False,Биоудобрение,B
Брюссельская,2026-04-27,94,0.59,4.3,6.22,18.6,False,Органическое,B
Брюссельская,2026-06-11,101,0.97,4.3,5.84,8.7,False,Комплексное,A
Краснокочанная,2025-05-27,128,1.22,17.9,6.92,14.2,False,Органическое,A
Белокочанная,2026-01-10,135,3.49,19.9,6.14,15.1,False,Без удобрений,A
Краснокочанная,2025-09-05,135,2.98,16.4,5.74,8.4,False,Органическое,B
Краснокочанная,2025-03-10,141,1.86,20.9,6.48,14.6,False,Комплексное,A
Брюссельская,2026-02-11,118,0.96,4.5,6.14,17.8,False,Биоудобрение,A
Пекинская,2025-07-14,73,1.8,9.6,6.13,14.5,False,Биоудобрение,B
Белокочанная,2025-04-20,126,1.92,20.4,5.48,15.1,False,Комплексное,B
Савойская,2025-07-14,107,0.79,17.6,6.77,4.2,True,Комплексное,C
Краснокочанная,2025-06-11,138,2.72,14.9,6.67,13.7,False,Без удобрений,B
Брокколи,2025-01-27,75,1.27,14.1,5.49,11.0,False,Биоудобрение,B
Савойская,2026-04-15,97,1.23,21.0,6.2,11.3,False,Биоудобрение,B
Савойская,2024-03-17,133,2.84,18.5,7.31,13.4,False,Комплексное,A
Савойская,2024-09-28,99,2.04,19.1,5.54,12.4,False,Органическое,A
Брюссельская,2025-02-20,129,0.72,7.3,6.21,10.6,False,Биоудобрение,A
Пекинская,2024-12-09,79,0.68,14.4,5.33,14.7,False,Биоудобрение,B
Брюссельская,2024-10-01,93,1.11,4.3,6.24,9.3,False,Без удобрений,A
Краснокочанная,2024-05-12,144,2.81,15.2,7.35,12.0,False,Органическое,B
Пекинская,2026-03-26,52,1.55,9.7,6.19,15.6,True,Минеральное,B
Брокколи,2025-03-18,70,0.47,14.1,5.53,11.9,False,Органическое,B
Кольраби,2025-06-13,65,0.77,10.7,6.2,13.2,False,Органическое,A
Кольраби,2024-10-08,70,0.51,10.7,6.62,14.7,False,Комплексное,A
Савойская,2025-10-09,128,1.02,19.6,7.36,12.0,False,Комплексное,A
Краснокочанная,2025-06-07,113,1.42,15.7,6.39,18.8,False,Минеральное,A
Кольраби,2026-01-15,84,0.59,6.8,5.93,10.7,False,Без удобрений,C
Цветная,2025-12-02,95,1.3,13.2,6.31,7.7,True,Биоудобрение,D
Пекинская,2026-05-16,68,1.73,10.8,6.84,10.4,False,Минеральное,B
Цветная,2025-03-11,92,1.09,13.2,5.62,11.6,False,Органическое,B
Пекинская,2026-04-11,62,0.68,13.0,6.99,13.6,False,Комплексное,A
Краснокочанная,2025-06-25,143,3.57,21.6,6.9,10.9,False,Комплексное,A
Кольраби,2024-05-29,75,0.28,6.6,5.39,15.6,False,Без удобрений,C
Белокочанная,2024-12-26,137,3.0,19.0,6.2,9.2,False,Минеральное,B
Пекинская,2025-08-15,78,1.62,12.5,6.75,9.9,False,Органическое,A
Брюссельская,2024-08-23,99,0.71,6.6,7.09,13.6,False,Комплексное,A
Брюссельская,2024-09-03,107,0.45,8.2,7.54,16.3,False,Органическое,C
Цветная,2024-09-05,99,1.51,13.8,5.69,11.4,False,Органическое,B
Брокколи,2025-07-25,98,1.21,10.6,7.04,21.7,True,Биоудобрение,D
Брюссельская,2026-04-12,120,0.64,4.0,7.55,11.0,False,Биоудобрение,B
Краснокочанная,2025-01-10,141,2.2,19.8,5.26,10.9,False,Органическое,B
Брюссельская,2024-09-17,125,0.57,5.4,5.25,8.8,False,Без удобрений,C
Белокочанная,2026-01-12,108,2.29,18.2,6.07,17.7,False,Минеральное,A
Пекинская,2026-03-16,73,1.59,13.0,7.33,12.8,False,Органическое,B
Савойская,2024-09-29,132,2.15,14.5,5.93,17.9,False,Биоудобрение,B
Брокколи,2024-08-27,88,0.74,12.9,6.53,11.3,True,Органическое,C
Брюссельская,2025-07-19,134,1.04,6.0,6.54,12.1,True,Органическое,B
Брокколи,2024-08-31,68,1.03,12.0,6.38,11.9,True,Органическое,C
Брюссельская,2025-12-04,91,1.04,4.4,6.85,20.3,False,Комплексное,B
Савойская,2025-03-01,115,1.35,18.7,5.59,12.4,False,Органическое,A
Савойская,2026-04-23,116,1.44,20.5,5.43,13.1,False,Комплексное,B
Цветная,2024-07-26,83,0.77,11.9,5.23,9.2,False,Органическое,B
Краснокочанная,2025-05-02,119,2.48,15.5,6.31,19.6,False,Минеральное,A
Цветная,2024-08-24,79,1.68,15.3,6.9,20.2,False,Комплексное,B
Брокколи,2026-02-06,72,0.63,16.7,7.03,13.6,False,Минеральное,A
Краснокочанная,2024-11-15,145,1.16,19.8,5.3,12.8,True,Органическое,C
Краснокочанная,2024-07-28,133,2.37,17.3,7.23,22.1,False,Органическое,C
Белокочанная,2025-08-24,137,1.69,17.6,5.72,14.2,False,Минеральное,A
Цветная,2026-02-13,94,1.26,16.5,6.61,3.7,False,Органическое,B
Цветная,2024-07-05,116,0.75,14.5,6.32,8.4,False,Органическое,A
Брюссельская,2026-02-02,104,1.15,8.3,7.54,8.2,False,Комплексное,B
Цветная,2024-08-31,116,0.8,12.7,5.23,10.3,False,Минеральное,C
Краснокочанная,2026-03-30,140,2.71,17.3,7.42,14.4,False,Органическое,B
Кольраби,2024-12-11,80,0.67,12.4,7.04,13.5,False,Комплексное,A
Брюссельская,2024-07-29,98,0.44,7.6,7.04,15.4,False,Комплексное,A
Белокочанная,2024-08-31,94,2.89,19.6,6.12,12.0,False,Без удобрений,B
Брюссельская,2026-01-07,91,1.25,4.2,6.39,8.0,False,Минеральное,A
Брокколи,2025-06-04,83,1.24,9.8,5.95,9.8,True,Минеральное,C
Брокколи,2025-07-13,90,1.02,17.4,7.03,8.8,False,Минеральное,B
Кольраби,2025-10-27,58,0.71,7.6,7.53,10.2,False,Органическое,B
Белокочанная,2026-04-23,113,1.47,16.9,7.34,12.0,False,Органическое,A
Краснокочанная,2026-02-03,136,1.97,15.5,5.36,11.8,True,Органическое,C
Белокочанная,2026-02-11,96,3.79,15.4,6.33,16.5,False,Органическое,A
Цветная,2024-08-18,120,0.88,20.7,6.68,10.2,False,Комплексное,A
Брюссельская,2025-10-09,100,0.83,4.9,6.16,14.0,True,Комплексное,B
Брокколи,2024-10-01,94,0.75,13.0,6.03,19.6,False,Органическое,B
Савойская,2024-03-20,124,1.61,21.2,6.71,10.4,False,Комплексное,A
Брокколи,2025-10-01,79,1.57,14.2,6.94,15.5,False,Органическое,A
Пекинская,2025-04-27,60,0.69,11.6,5.84,12.5,False,Органическое,A
Кольраби,2025-07-11,67,0.24,10.8,6.54,7.7,True,Органическое,C
Белокочанная,2026-03-10,98,3.05,17.6,6.37,20.9,True,Комплексное,C
Краснокочанная,2025-04-11,113,2.03,21.3,7.46,12.6,True,Комплексное,C
Брюссельская,2025-07-22,128,1.1,8.1,7.32,13.2,False,Органическое,A
Пекинская,2024-07-26,50,1.31,12.3,5.46,13.7,False,Комплексное,A
Брокколи,2025-06-30,83,1.45,9.5,6.84,21.0,False,Минеральное,B
Белокочанная,2026-02-06,136,2.31,25.9,7.4,11.6,False,Комплексное,B
Кольраби,2025-04-02,73,0.4,11.0,5.22,21.9,False,Органическое,C
Цветная,2026-06-10,101,1.68,16.9,7.04,12.1,False,Комплексное,A
Краснокочанная,2024-08-12,147,1.95,21.5,6.88,9.3,False,Комплексное,A
Савойская,2025-12-06,131,1.16,16.4,6.26,12.8,False,Органическое,A
Савойская,2025-10-30,111,1.33,19.6,6.85,13.9,False,Комплексное,A
Краснокочанная,2025-04-29,101,3.26,23.7,6.08,9.9,False,Минеральное,A
Краснокочанная,2025-06-17,117,1.38,23.9,5.68,12.3,False,Минеральное,B
Белокочанная,2026-03-06,104,3.9,18.2,6.46,14.3,False,Минеральное,B
Брюссельская,2026-04-04,108,0.96,4.8,6.39,18.4,False,Биоудобрение,A
Белокочанная,2024-12-23,133,2.5,14.2,7.54,13.4,False,Минеральное,A
Брокколи,2026-02-02,96,0.42,12.1,5.71,9.9,False,Без удобрений,B
Белокочанная,2024-03-06,125,1.42,16.6,5.81,10.5,False,Минеральное,B
Цветная,2025-06-23,78,1.66,13.2,5.52,11.0,True,Без удобрений,D
Цветная,2025-05-15,90,1.42,12.9,5.88,16.9,False,Органическое,B
Савойская,2025-09-21,114,0.93,15.5,7.25,9.1,True,Органическое,D
Краснокочанная,2025-07-20,149,2.54,14.7,5.3,9.1,False,Минеральное,B
Савойская,2024-08-20,95,1.88,18.0,7.0,15.3,False,Органическое,B
Кольраби,2026-01-23,80,0.78,12.2,5.43,11.4,False,Органическое,B
Краснокочанная,2025-06-15,100,1.85,13.8,7.19,10.6,False,Минеральное,B
Савойская,2024-10-03,131,2.77,16.8,7.27,14.0,False,Комплексное,B
Брокколи,2024-05-31,72,0.6,14.8,5.25,14.0,False,Комплексное,A
Брюссельская,2026-01-31,118,1.28,6.3,6.65,11.9,False,Органическое,A
Брокколи,2026-06-09,93,1.12,15.2,6.08,15.2,True,Минеральное,B
Краснокочанная,2024-12-23,143,2.89,21.1,6.32,19.3,False,Биоудобрение,A
Белокочанная,2025-09-16,135,2.7,22.1,5.38,14.8,False,Без удобрений,B
Белокочанная,2024-06-25,116,3.08,15.8,6.98,6.2,False,Без удобрений,B
Кольраби,2025-11-29,60,0.9,9.9,7.14,8.1,False,Органическое,A
Белокочанная,2024-03-06,132,3.94,21.8,6.15,18.8,False,Минеральное,B
Цветная,2026-02-06,70,1.11,19.8,6.82,11.5,False,Органическое,A
Белокочанная,2024-10-01,124,2.1,19.1,6.35,14.8,False,Комплексное,A
Белокочанная,2024-06-28,120,2.91,17.1,5.6,16.6,False,Минеральное,B
Белокочанная,2025-02-05,140,3.01,21.3,5.22,8.7,False,Комплексное,C
Брокколи,2025-07-11,74,1.46,15.2,6.43,11.5,False,Комплексное,A
Краснокочанная,2024-11-30,123,1.82,17.8,7.34,9.1,False,Биоудобрение,B
Кольраби,2025-02-16,84,0.38,9.0,6.25,7.7,False,Биоудобрение,B
Цветная,2026-05-25,75,1.86,13.7,6.33,15.3,False,Комплексное,A
Краснокочанная,2026-05-22,101,1.67,14.4,6.2,16.4,False,Без удобрений,B
Белокочанная,2026-06-05,113,3.15,20.9,5.35,8.0,True,Органическое,D
Брюссельская,2024-08-02,123,0.78,7.2,7.25,16.8,True,Без удобрений,D
Краснокочанная,2025-09-27,113,2.45,19.5,5.3,17.4,False,Биоудобрение,B
Краснокочанная,2024-08-05,126,3.11,14.0,6.75,11.9,False,Минеральное,A
Брюссельская,2025-07-31,106,0.53,7.4,5.61,12.4,False,Комплексное,A
Брокколи,2025-04-28,62,0.93,16.1,7.4,20.9,False,Комплексное,C
Краснокочанная,2024-05-26,102,2.57,18.7,6.01,7.4,False,Минеральное,A
Брюссельская,2025-05-04,112,0.41,5.7,6.16,10.9,False,Комплексное,A
Брокколи,2025-05-31,82,1.52,16.6,6.75,17.3,False,Минеральное,B
Брюссельская,2024-05-26,127,0.58,4.1,5.29,9.7,False,Органическое,B
Савойская,2024-03-24,125,2.52,14.1,5.27,14.5,False,Комплексное,B
Цветная,2024-07-05,102,1.32,14.1,5.31,11.8,False,Комплексное,B
Пекинская,2025-02-22,69,1.16,11.4,5.92,9.3,False,Органическое,B
Цветная,2025-06-09,84,0.98,13.1,5.44,11.2,True,Без удобрений,D
Брокколи,2024-11-26,86,1.24,10.7,6.6,4.2,False,Биоудобрение,C
Савойская,2026-02-20,105,2.41,15.6,6.43,6.9,False,Без удобрений,B
Брокколи,2024-06-21,89,0.7,12.2,5.49,12.0,True,Минеральное,C
Брокколи,2024-04-19,62,0.66,13.0,7.45,11.9,False,Комплексное,A
Брюссельская,2025-10-01,98,1.17,6.5,6.29,11.0,False,Комплексное,A
Кольраби,2024-07-31,70,0.93,9.0,7.28,9.7,False,Минеральное,A
Кольраби,2026-03-24,78,0.64,6.7,5.87,15.0,True,Комплексное,C
Белокочанная,2025-10-05,128,1.86,13.7,6.45,13.0,True,Комплексное,B
Кольраби,2024-05-26,60,0.43,7.2,7.14,9.8,True,Комплексное,C
Брокколи,2024-11-19,67,0.6,16.7,5.42,18.0,False,Органическое,B
Цветная,2024-09-02,93,1.12,19.4,5.27,16.7,False,Минеральное,B
Пекинская,2026-04-10,62,0.67,13.6,6.63,13.4,False,Биоудобрение,A
Брокколи,2025-12-09,76,1.33,16.2,5.76,15.4,False,Комплексное,B
Кольраби,2024-05-25,70,0.69,9.2,7.23,6.0,True,Минеральное,D
Кольраби,2024-04-12,58,0.26,11.2,5.2,5.7,False,Биоудобрение,C
Брокколи,2025-02-23,95,1.11,11.8,7.22,14.8,False,Органическое,A
Савойская,2026-03-13,115,2.8,24.7,6.54,12.2,False,Биоудобрение,A
Кольраби,2024-12-05,57,1.08,7.6,5.79,16.6,False,Минеральное,B
Белокочанная,2024-03-10,124,1.61,25.0,6.81,5.7,False,Комплексное,A
Кольраби,2026-01-18,57,0.34,8.4,5.5,16.8,False,Минеральное,B
Белокочанная,2026-04-16,113,3.27,16.4,5.87,16.3,True,Комплексное,C
Белокочанная,2024-12-13,134,2.16,23.2,6.38,11.4,True,Биоудобрение,C
Пекинская,2026-01-05,53,0.64,15.9,6.97,10.4,True,Минеральное,C
Брюссельская,2024-09-13,126,1.02,3.6,7.23,23.5,False,Комплексное,B
Белокочанная,2025-01-25,113,3.02,14.3,6.24,16.2,False,Минеральное,A
Брокколи,2025-08-28,65,1.46,11.4,6.28,15.6,True,Минеральное,C
Пекинская,2024-09-18,52,1.04,12.4,5.59,10.9,True,Минеральное,C
Краснокочанная,2025-06-28,105,3.05,20.9,5.77,12.3,False,Комплексное,A
Краснокочанная,2024-05-27,152,1.33,22.2,7.54,16.4,False,Комплексное,B
Брокколи,2024-05-07,101,1.37,11.9,5.44,14.2,False,Минеральное,B
Белокочанная,2025-06-08,133,3.52,19.5,6.12,15.3,False,Органическое,B
Краснокочанная,2024-03-13,140,2.15,17.2,6.63,19.4,False,Минеральное,A
Савойская,2024-11-04,119,1.53,20.7,5.53,15.0,False,Минеральное,B
Брюссельская,2025-11-08,93,0.65,7.7,6.02,12.7,False,Комплексное,A
Цветная,2024-09-17,106,1.46,18.7,7.54,11.3,True,Органическое,D
Цветная,2025-11-21,101,1.05,11.2,5.92,12.1,False,Биоудобрение,A
Пекинская,2024-10-31,70,0.85,17.1,6.35,13.8,False,Минеральное,B
Белокочанная,2025-09-20,94,4.05,16.5,5.48,12.3,False,Комплексное,A
Брюссельская,2026-03-07,107,1.22,3.8,5.62,14.7,False,Органическое,B
Краснокочанная,2025-02-10,135,3.48,25.4,7.45,12.0,False,Комплексное,A
Краснокочанная,2024-06-30,125,1.65,17.8,5.55,19.3,False,Минеральное,C
Пекинская,2025-08-31,53,1.77,16.4,5.91,14.8,False,Органическое,A
Краснокочанная,2026-05-13,141,3.04,17.8,6.33,12.2,False,Комплексное,A
Цветная,2025-08-21,120,1.68,11.9,6.87,12.0,False,Минеральное,B
Пекинская,2025-04-10,66,0.97,9.4,5.72,9.5,True,Комплексное,C
Цветная,2024-10-22,96,1.28,15.8,6.6,7.6,False,Минеральное,A
Кольраби,2024-10-26,89,0.79,10.8,5.84,20.7,False,Минеральное,B
Краснокочанная,2025-03-04,152,2.53,16.9,5.29,13.8,False,Органическое,B
Брюссельская,2024-03-09,127,1.12,4.2,7.05,12.3,False,Биоудобрение,A
Савойская,2025-04-12,131,2.38,21.4,5.75,12.5,False,Минеральное,B
Цветная,2024-09-09,71,1.31,19.0,6.23,16.9,False,Комплексное,A
Белокочанная,2025-07-25,115,3.55,23.8,7.14,14.8,False,Комплексное,A
Белокочанная,2024-07-21,130,2.88,20.1,5.57,16.4,False,Комплексное,B
Краснокочанная,2025-08-30,119,1.38,14.0,6.13,9.5,False,Комплексное,A
Кольраби,2024-03-28,89,0.28,6.2,5.65,22.3,False,Органическое,B
Брокколи,2025-04-05,75,0.49,10.5,5.58,16.8,False,Без удобрений,B
Кольраби,2024-08-10,72,0.46,14.2,6.65,17.9,False,Комплексное,A
Пекинская,2025-08-21,50,0.77,15.1,5.99,8.8,False,Без удобрений,B
Брюссельская,2025-04-05,117,0.8,8.5,6.67,13.9,False,Биоудобрение,A
Брокколи,2026-02-14,80,1.36,10.9,7.47,13.5,False,Комплексное,A
Кольраби,2025-04-26,81,0.33,5.4,7.58,2.0,True,Без удобрений,D
Белокочанная,2024-05-14,102,2.47,15.7,6.73,11.0,False,Минеральное,A
Цветная,2026-01-16,98,1.03,19.6,7.0,11.5,False,Органическое,A
Белокочанная,2025-11-12,140,1.16,15.4,5.44,11.6,False,Без удобрений,B
Белокочанная,2026-01-21,132,3.64,26.3,6.48,11.8,False,Минеральное,A
Белокочанная,2025-11-03,108,1.73,13.4,5.21,14.0,False,Минеральное,C
Пекинская,2026-01-26,55,1.63,10.8,6.81,14.5,False,Комплексное,A
Цветная,2025-09-27,84,0.99,14.8,6.7,6.4,False,Минеральное,B
Цветная,2024-03-13,93,0.87,22.5,6.13,11.6,False,Комплексное,A
Кольраби,2024-06-13,61,0.81,13.7,6.91,15.3,False,Органическое,B
Савойская,2025-02-04,100,1.64,19.5,5.62,13.4,False,Комплексное,B
Пекинская,2025-07-29,64,0.85,12.4,6.61,15.9,False,Биоудобрение,A
Савойская,2025-03-19,133,3.12,17.5,6.4,14.2,False,Органическое,A
Цветная,2025-12-20,118,0.72,19.3,7.09,19.9,False,Комплексное,B
Белокочанная,2026-01-10,125,2.09,20.7,7.57,15.0,False,Комплексное,B
Краснокочанная,2024-09-14,142,1.83,17.6,5.33,22.4,True,Органическое,D
Кольраби,2025-01-13,85,1.12,7.9,5.59,14.4,False,Органическое,A
Цветная,2025-04-12,79,1.87,19.6,6.11,8.9,False,Минеральное,A
Краснокочанная,2026-04-17,125,2.01,18.2,7.38,11.5,False,Органическое,A
Краснокочанная,2025-02-05,134,2.16,15.4,5.53,10.7,False,Без удобрений,B
Брокколи,2026-03-31,62,1.71,10.2,6.1,7.3,False,Минеральное,B
Брокколи,2024-11-17,83,1.52,17.1,7.05,13.0,False,Комплексное,A
Пекинская,2025-07-03,57,0.9,12.5,5.28,15.2,False,Комплексное,B
Савойская,2024-03-13,102,1.75,15.3,5.48,18.3,False,Комплексное,B
Брюссельская,2026-02-07,116,1.05,7.6,5.93,18.7,False,Органическое,B
Цветная,2026-06-12,82,1.88,11.8,5.54,12.9,False,Органическое,B
Брокколи,2025-12-31,91,0.67,19.3,5.89,10.7,False,Органическое,A
Савойская,2024-09-22,124,1.5,21.5,5.34,15.8,False,Биоудобрение,B
Краснокочанная,2024-12-26,137,1.87,13.1,5.41,14.0,True,Органическое,C
Белокочанная,2026-01-11,128,2.48,25.0,6.6,14.8,False,Без удобрений,A
Цветная,2025-11-09,93,1.67,15.3,6.23,7.2,False,Комплексное,A
Цветная,2026-06-04,80,0.68,12.5,5.44,7.0,False,Биоудобрение,B
Пекинская,2025-03-13,45,2.05,16.5,6.28,9.8,False,Комплексное,B
Цветная,2024-04-16,119,1.68,13.0,7.53,12.5,False,Минеральное,B
Кольраби,2026-01-04,65,0.96,12.3,7.26,18.4,False,Органическое,B
Белокочанная,2024-07-09,119,1.66,19.8,6.4,19.5,False,Биоудобрение,A
Пекинская,2024-11-05,51,0.69,15.7,5.71,13.1,True,Минеральное,D
Пекинская,2026-03-07,83,1.03,10.9,5.82,4.6,True,Органическое,D
Пекинская,2025-10-11,69,1.51,15.5,7.04,8.4,False,Комплексное,B
Пекинская,2024-10-15,57,1.54,11.1,5.82,12.5,False,Минеральное,A
Брокколи,2025-10-12,87,0.9,13.8,6.97,11.0,False,Минеральное,A
Пекинская,2024-06-18,63,0.97,11.1,6.15,8.7,True,Биоудобрение,C
Белокочанная,2025-11-04,126,2.65,24.9,5.97,6.9,False,Комплексное,B
Брокколи,2024-04-30,76,1.33,9.5,7.55,9.3,False,Комплексное,A
Кольраби,2026-03-15,90,0.57,9.1,6.14,18.8,False,Биоудобрение,B
Брокколи,2025-04-05,98,0.99,11.0,5.37,12.5,False,Комплексное,B
Белокочанная,2026-02-25,99,1.88,24.9,5.93,10.0,False,Минеральное,B
Цветная,2026-03-14,98,1.57,12.6,7.25,18.6,False,Минеральное,B
Кольраби,2024-08-31,66,0.7,8.9,7.47,16.6,False,Минеральное,B
Кольраби,2025-01-04,60,0.95,12.2,6.85,18.6,False,Комплексное,B
Кольраби,2025-03-12,72,0.28,9.8,5.23,14.5,False,Биоудобрение,B
Краснокочанная,2026-05-23,108,1.23,13.5,6.62,2.0,False,Органическое,A
Савойская,2025-04-20,126,1.03,22.0,7.15,18.1,False,Комплексное,B
Краснокочанная,2026-04-11,111,0.99,16.2,7.01,21.3,False,Минеральное,B
Пекинская,2025-12-29,83,0.63,14.9,5.59,5.8,True,Биоудобрение,D
Белокочанная,2024-11-10,118,1.72,21.5,5.92,17.6,False,Комплексное,B
Цветная,2025-11-11,82,1.0,20.6,6.49,13.5,False,Органическое,A
Пекинская,2025-10-27,73,1.11,10.1,6.06,16.9,True,Органическое,C
Брокколи,2026-02-10,74,1.37,15.1,5.54,14.6,False,Комплексное,A
Савойская,2025-05-04,110,0.97,14.4,7.17,10.1,False,Биоудобрение,A
Краснокочанная,2025-02-01,114,1.97,14.6,6.74,10.7,False,Комплексное,A
Краснокочанная,2026-05-11,133,1.32,16.6,7.42,15.9,False,Комплексное,A
Брюссельская,2025-11-13,126,0.8,7.8,5.44,16.3,False,Органическое,B
Брюссельская,2024-03-10,111,0.39,6.9,6.85,11.7,True,Минеральное,C
Пекинская,2026-01-24,77,1.04,18.5,6.66,12.3,False,Комплексное,A
Пекинская,2025-01-07,50,0.66,12.0,6.73,15.9,False,Комплексное,A
Краснокочанная,2026-04-01,147,1.62,17.9,5.89,19.6,True,Биоудобрение,D
Краснокочанная,2025-04-20,141,2.15,14.5,5.23,15.8,True,Минеральное,C
Белокочанная,2025-11-12,101,1.57,25.9,6.28,17.5,False,Биоудобрение,A
Брокколи,2025-07-21,94,1.48,18.1,6.11,11.6,False,Органическое,A
Брюссельская,2024-10-05,125,1.02,3.8,5.21,10.3,False,Биоудобрение,C
Кольраби,2024-04-28,66,0.52,6.0,6.05,10.3,False,Без удобрений,B
Савойская,2025-04-25,122,1.64,16.5,5.5,10.7,False,Органическое,B
Брюссельская,2024-06-20,96,0.54,6.9,7.57,10.6,True,Комплексное,D
Белокочанная,2024-07-15,124,3.3,24.6,6.15,12.7,True,Органическое,C
Кольраби,2026-05-29,79,0.4,12.5,6.84,17.6,False,Минеральное,A
Цветная,2025-07-26,111,1.79,15.8,5.23,12.5,False,Минеральное,B
Брокколи,2024-11-09,76,1.62,11.1,6.68,12.7,False,Без удобрений,B
Краснокочанная,2026-02-16,109,1.58,16.2,6.95,11.0,False,Комплексное,A
Савойская,2025-05-11,138,2.54,14.2,5.24,15.5,False,Минеральное,B
Брокколи,2025-12-20,78,0.76,9.3,5.32,15.9,False,Комплексное,B
Цветная,2024-10-04,101,1.25,14.0,5.88,12.0,False,Органическое,A
Савойская,2025-02-03,110,2.21,16.7,6.07,15.4,False,Комплексное,B
Савойская,2025-12-05,107,1.23,18.9,6.98,16.9,False,Комплексное,A
Цветная,2025-01-03,82,1.29,18.1,6.94,15.7,False,Без удобрений,B
Цветная,2025-03-10,106,1.67,13.0,6.28,11.2,True,Минеральное,C
Брюссельская,2024-04-16,123,0.92,7.1,7.49,22.9,False,Комплексное,B
Брокколи,2025-09-27,73,1.24,9.6,7.07,10.4,False,Органическое,A
Брюссельская,2025-01-05,129,0.46,3.8,7.25,12.1,True,Органическое,C
Савойская,2024-12-02,103,0.77,14.8,7.3,23.6,False,Органическое,B
Краснокочанная,2026-02-21,104,2.41,14.0,7.32,12.8,False,Органическое,A
Брюссельская,2024-08-28,127,0.42,7.2,5.81,18.8,False,Биоудобрение,B
Пекинская,2026-06-15,70,0.87,11.8,6.26,11.8,False,Комплексное,A
Кольраби,2024-06-04,70,0.61,5.8,6.39,5.9,True,Минеральное,C
Брокколи,2026-02-02,85,0.63,15.6,6.66,14.4,False,Биоудобрение,A
Краснокочанная,2025-03-22,108,1.61,14.8,6.12,13.5,False,Биоудобрение,A
Белокочанная,2026-05-21,137,1.62,16.5,7.52,14.8,False,Органическое,B
Савойская,2025-01-09,102,1.05,13.8,6.0,13.8,False,Комплексное,A
Брокколи,2024-07-24,82,0.69,18.3,5.2,13.5,False,Органическое,B
Краснокочанная,2025-07-17,140,1.9,16.2,5.61,14.4,False,Органическое,B
Белокочанная,2025-11-10,134,3.05,22.6,5.56,9.7,False,Минеральное,B
Брюссельская,2025-07-25,90,0.99,7.3,6.79,19.7,False,Без удобрений,C
Савойская,2025-04-04,122,2.21,15.8,6.27,16.2,False,Без удобрений,C
Савойская,2026-04-25,135,1.65,21.0,6.12,11.2,False,Минеральное,A
Брокколи,2025-09-14,97,1.4,15.3,6.39,8.2,False,Минеральное,A
Пекинская,2026-02-18,77,1.62,16.1,5.41,11.3,False,Минеральное,B
Савойская,2024-12-27,108,2.43,15.1,6.3,15.6,False,Минеральное,B
Савойская,2025-03-22,136,0.82,17.0,6.96,11.6,True,Без удобрений,D
Цветная,2024-07-23,84,1.34,12.9,5.39,17.6,False,Органическое,B
Кольраби,2025-04-26,62,0.71,5.6,6.93,7.6,True,Без удобрений,D
Белокочанная,2025-04-10,126,2.77,22.3,7.2,9.5,False,Комплексное,B
Краснокочанная,2025-08-17,125,1.23,19.7,6.11,19.3,False,Без удобрений,B
Кольраби,2025-07-02,86,0.34,6.7,5.95,8.3,True,Комплексное,D
Цветная,2024-03-29,90,0.96,12.2,5.77,14.0,False,Без удобрений,B
Краснокочанная,2025-10-05,123,0.86,14.9,6.56,6.5,True,Органическое,C
Пекинская,2025-01-17,71,1.51,12.9,7.0,11.4,False,Без удобрений,C
Белокочанная,2025-10-23,137,1.82,21.9,7.11,5.0,True,Органическое,D
Пекинская,2026-06-05,78,1.85,12.0,6.84,17.0,False,Минеральное,A
Цветная,2025-11-29,84,2.22,17.0,7.25,5.4,False,Минеральное,B
Кольраби,2024-06-08,60,0.61,9.1,7.13,18.1,False,Биоудобрение,A
Краснокочанная,2024-12-12,130,3.47,23.7,6.58,12.1,False,Минеральное,A
Краснокочанная,2025-10-04,143,1.6,19.2,6.37,10.8,False,Комплексное,A
Цветная,2024-05-25,109,2.51,12.8,6.84,9.9,False,Комплексное,A
Белокочанная,2024-08-06,115,3.24,21.0,7.25,12.4,False,Без удобрений,B
Кольраби,2024-06-20,69,0.6,7.3,5.41,12.0,False,Комплексное,B
Пекинская,2026-02-18,54,1.25,12.0,6.98,16.3,False,Биоудобрение,A
Брокколи,2024-05-03,63,1.27,14.7,7.45,10.3,False,Без удобрений,B
Краснокочанная,2024-07-24,136,1.45,21.3,5.37,10.2,False,Комплексное,B
Брокколи,2025-02-14,96,1.33,10.9,7.51,12.2,False,Минеральное,B
Брокколи,2024-03-11,69,0.98,20.4,6.55,15.1,False,Минеральное,A
Цветная,2024-03-15,115,1.05,15.2,5.56,10.8,False,Без удобрений,B
Савойская,2025-12-10,121,2.32,20.5,6.28,14.8,False,Биоудобрение,A
Пекинская,2024-09-12,66,1.05,15.1,7.53,12.4,False,Без удобрений,B
Кольраби,2025-04-28,62,1.09,10.2,6.18,10.0,False,Комплексное,A
Савойская,2025-09-07,134,2.74,22.1,6.25,11.7,False,Комплексное,A
Краснокочанная,2024-05-31,134,1.42,17.7,6.76,9.9,False,Комплексное,A
Брюссельская,2025-05-05,102,0.59,7.4,5.71,13.9,True,Комплексное,C
Брокколи,2024-03-08,81,1.49,16.9,7.46,14.0,False,Комплексное,B
Брокколи,2024-04-03,101,0.83,10.9,5.24,15.2,False,Комплексное,B
Брокколи,2024-09-14,100,0.99,16.9,6.68,12.0,False,Минеральное,A
Савойская,2025-05-22,125,2.02,17.8,5.75,12.5,True,Минеральное,C
Цветная,2024-09-25,111,1.68,20.6,5.42,13.6,False,Органическое,B
Савойская,2025-06-08,107,2.14,16.9,6.72,13.4,False,Органическое,A
Брюссельская,2026-01-05,103,0.34,6.8,5.32,14.9,True,Биоудобрение,D
Брюссельская,2024-09-01,123,1.03,5.7,5.42,9.2,False,Минеральное,B
Пекинская,2026-02-02,64,0.57,11.0,6.21,17.4,False,Органическое,B
Белокочанная,2024-06-29,102,2.46,17.0,7.54,17.6,False,Минеральное,B
Белокочанная,2025-08-13,114,1.5,13.2,6.43,17.6,True,Органическое,B
Брюссельская,2025-07-07,122,0.77,7.8,5.68,18.3,False,Минеральное,B
Пекинская,2026-02-02,69,0.67,10.1,7.23,10.9,True,Комплексное,D
Кольраби,2025-05-08,71,0.69,8.2,6.63,12.5,True,Минеральное,B
Савойская,2024-04-04,130,1.55,13.7,7.5,12.9,False,Комплексное,A
Савойская,2025-03-02,100,1.22,12.1,5.79,13.8,True,Органическое,C
Цветная,2024-10-25,87,1.72,20.4,6.55,8.9,False,Без удобрений,A
Брокколи,2026-01-28,91,0.52,12.6,7.01,11.5,False,Комплексное,A
Цветная,2025-10-27,70,2.42,14.7,6.12,10.1,False,Комплексное,A
Белокочанная,2025-02-09,107,2.32,20.3,6.75,14.6,False,Комплексное,A
Кольраби,2025-11-18,65,0.88,12.3,5.31,9.6,False,Комплексное,A
Белокочанная,2024-07-21,104,3.35,23.8,5.45,10.3,False,Органическое,B
Белокочанная,2026-02-03,99,1.82,20.3,7.28,12.6,True,Биоудобрение,B
Савойская,2024-07-20,125,1.84,17.8,6.6,15.6,True,Минеральное,B
Кольраби,2026-01-07,73,0.84,8.4,6.38,11.7,False,Без удобрений,A
Пекинская,2026-02-10,76,0.6,9.2,5.39,14.4,True,Органическое,D
Цветная,2026-04-18,80,0.97,14.5,7.47,11.5,False,Без удобрений,C
Пекинская,2026-05-08,51,0.76,15.6,6.16,16.8,False,Биоудобрение,A
Кольраби,2024-09-08,90,0.27,8.6,5.84,8.1,False,Без удобрений,B
Цветная,2024-04-24,82,1.28,16.2,6.26,12.1,False,Биоудобрение,A
Кольраби,2025-08-14,58,1.01,10.8,6.24,10.6,False,Органическое,B
Брюссельская,2024-10-18,108,0.78,4.7,7.32,11.7,False,Органическое,B
Брюссельская,2026-03-22,108,0.47,6.7,5.21,16.5,False,Комплексное,A
Кольраби,2024-07-24,65,0.3,10.1,7.51,10.9,True,Биоудобрение,D
Кольраби,2025-10-19,80,0.59,7.7,5.2,16.2,True,Без удобрений,D
Краснокочанная,2024-06-11,116,2.56,16.9,5.93,12.6,False,Биоудобрение,B
Брюссельская,2026-02-26,120,0.48,6.6,6.0,7.1,False,Комплексное,B
Брокколи,2024-10-12,87,0.91,18.2,6.78,16.0,False,Комплексное,A
Краснокочанная,2024-12-06,134,1.35,21.7,7.31,9.3,False,Биоудобрение,C
Брокколи,2024-12-08,87,1.48,14.7,5.94,17.7,False,Комплексное,A
Краснокочанная,2024-03-09,143,1.97,13.2,6.4,11.2,True,Биоудобрение,C
Брюссельская,2024-03-16,94,0.62,6.3,6.29,14.5,True,Минеральное,B
Цветная,2024-12-16,115,0.93,20.2,7.08,2.9,False,Биоудобрение,B
Краснокочанная,2024-12-23,128,2.08,24.1,5.73,9.3,False,Комплексное,B
Брюссельская,2024-08-25,102,0.64,6.1,6.55,11.5,False,Комплексное,A
Брюссельская,2025-10-02,98,0.48,6.3,7.43,10.5,False,Комплексное,B
Цветная,2025-06-23,71,2.0,14.8,6.05,3.0,False,Биоудобрение,B
Брюссельская,2026-05-15,109,0.4,8.1,5.78,10.9,False,Минеральное,B
Кольраби,2026-06-05,65,0.4,6.2,7.03,5.4,True,Органическое,D
Цветная,2024-05-02,105,0.93,18.3,5.49,8.9,False,Комплексное,B
Савойская,2025-01-03,107,1.27,13.5,6.71,11.2,False,Комплексное,B
Краснокочанная,2024-11-09,108,1.26,15.4,5.69,5.5,False,Без удобрений,C
Брюссельская,2025-11-18,101,0.5,7.6,6.84,16.5,False,Комплексное,B
Пекинская,2025-07-01,62,1.09,15.6,6.35,12.5,False,Минеральное,A
Брокколи,2024-07-30,106,0.7,14.6,5.27,8.0,True,Органическое,D
Кольраби,2024-12-09,91,0.57,6.7,5.22,15.6,False,Органическое,B
Цветная,2025-06-14,95,0.88,22.0,6.92,13.7,False,Органическое,A
Савойская,2025-10-11,132,2.72,16.5,6.9,7.1,False,Комплексное,A
Белокочанная,2024-03-31,125,1.94,16.2,7.24,14.0,True,Биоудобрение,C
Пекинская,2024-06-16,50,0.56,11.6,7.36,16.9,False,Минеральное,A
Кольраби,2026-04-21,87,0.44,10.9,6.1,12.3,True,Без удобрений,C
Брюссельская,2025-07-16,106,0.44,3.6,6.25,12.4,True,Комплексное,B
Белокочанная,2026-06-08,113,1.86,22.7,5.54,19.9,False,Комплексное,B
Кольраби,2024-09-11,90,0.97,12.2,7.2,8.9,False,Комплексное,B
Краснокочанная,2025-10-04,145,1.89,11.7,5.39,13.7,True,Органическое,D
Брюссельская,2025-04-04,126,0.48,5.4,6.89,20.4,False,Без удобрений,B
Белокочанная,2025-09-11,91,1.4,20.5,6.87,16.5,False,Органическое,A
Белокочанная,2024-07-21,94,2.14,15.8,5.69,14.5,False,Биоудобрение,B
Белокочанная,2025-02-18,127,2.18,13.2,7.55,18.1,False,Без удобрений,C
Кольраби,2025-08-02,70,0.31,7.4,5.74,10.3,False,Комплексное,A
Брокколи,2026-01-28,68,0.92,13.5,6.84,17.6,False,Минеральное,A
Цветная,2025-02-24,85,1.47,19.6,5.66,11.7,False,Минеральное,B
Белокочанная,2026-05-31,108,1.7,16.6,5.24,11.6,True,Органическое,D
Брюссельская,2024-07-11,128,0.51,6.9,6.65,11.0,True,Органическое,C
Пекинская,2025-05-29,78,1.69,11.3,6.91,19.5,False,Комплексное,B
Цветная,2025-04-25,103,1.07,19.2,6.89,10.7,False,Органическое,B
Савойская,2024-04-06,128,2.07,14.0,7.55,11.2,False,Без удобрений,C
Краснокочанная,2024-05-01,102,1.6,17.3,5.87,9.4,False,Минеральное,B
Брюссельская,2024-04-02,106,1.26,6.8,6.5,12.5,False,Биоудобрение,A
Брокколи,2025-05-12,78,1.4,18.2,7.08,19.0,False,Минеральное,B
Брюссельская,2024-08-14,109,0.82,7.1,7.5,2.0,False,Биоудобрение,C
Брюссельская,2025-02-09,128,0.4,5.6,6.57,16.1,False,Органическое,A
Савойская,2025-05-29,130,1.45,13.7,6.31,8.8,False,Минеральное,A
Цветная,2024-05-05,84,1.92,12.9,6.26,12.6,False,Минеральное,A
Краснокочанная,2025-12-31,148,1.36,21.7,5.29,9.8,False,Без удобрений,C
Белокочанная,2026-01-24,101,1.28,17.0,7.23,15.9,True,Органическое,D
Цветная,2025-10-06,79,0.82,19.7,6.09,14.8,False,Комплексное,A
Цветная,2025-06-25,81,2.19,12.1,7.46,12.7,False,Органическое,B
Цветная,2024-10-07,115,0.76,10.7,6.11,7.9,True,Комплексное,C
Брокколи,2025-09-03,97,0.86,11.5,6.96,15.8,True,Минеральное,C
Пекинская,2025-01-31,53,1.66,13.3,5.78,13.4,False,Комплексное,A
Краснокочанная,2025-02-24,150,2.17,18.8,6.55,16.4,False,Органическое,A
Пекинская,2026-05-05,67,0.95,10.8,7.38,10.3,False,Комплексное,B
Кольраби,2025-12-08,82,0.53,10.7,7.32,13.8,False,Органическое,A
Савойская,2024-04-04,132,2.1,19.6,7.2,15.4,True,Минеральное,C
Пекинская,2026-02-28,51,1.93,9.8,5.9,9.1,False,Комплексное,A
Кольраби,2025-04-23,66,1.04,11.4,6.71,12.8,False,Комплексное,A
Савойская,2024-03-08,127,2.43,15.8,6.62,9.0,False,Минеральное,A
Кольраби,2025-02-13,76,0.45,7.9,5.32,8.1,False,Биоудобрение,B
Пекинская,2025-05-15,56,0.73,11.5,6.45,8.1,True,Органическое,C
Брюссельская,2025-11-11,126,0.88,3.6,7.01,18.3,True,Органическое,D
Пекинская,2024-03-07,72,1.65,13.6,6.37,14.7,False,Биоудобрение,A
Краснокочанная,2026-03-04,108,3.06,20.9,6.9,15.4,False,Органическое,B
Краснокочанная,2026-04-02,140,2.56,21.3,7.1,12.5,False,Органическое,B
Белокочанная,2025-05-18,132,1.34,21.1,5.44,11.6,False,Минеральное,B
Брокколи,2024-10-12,78,0.65,16.7,6.82,12.8,False,Комплексное,A
Пекинская,2024-03-04,61,1.08,12.8,6.24,7.5,False,Без удобрений,B
Савойская,2025-01-02,134,1.47,17.1,7.22,17.2,False,Комплексное,B
Брюссельская,2025-05-04,116,0.76,4.6,7.53,10.3,True,Минеральное,C
Кольраби,2026-06-03,73,0.72,10.6,7.27,8.1,True,Органическое,D
Брюссельская,2026-01-21,107,0.81,4.5,5.96,9.6,False,Биоудобрение,A
Кольраби,2025-04-24,77,0.34,8.7,5.73,16.5,False,Без удобрений,C
Брокколи,2024-06-01,63,0.9,11.6,7.07,11.1,False,Без удобрений,B
Брокколи,2026-03-06,76,1.42,10.3,5.75,15.8,False,Органическое,B
Краснокочанная,2025-07-27,149,2.73,14.5,6.16,10.7,False,Органическое,A
Брокколи,2026-01-01,92,1.13,14.7,6.16,16.4,False,Без удобрений,C
Савойская,2024-06-06,115,1.72,20.9,6.97,13.7,False,Органическое,A
Краснокочанная,2024-11-26,128,2.27,17.8,7.53,9.5,False,Органическое,B
Пекинская,2025-03-27,54,0.96,13.7,5.24,9.0,False,Минеральное,B
Кольраби,2025-03-14,64,0.34,7.3,6.34,15.7,True,Комплексное,B
Пекинская,2024-05-25,61,0.59,13.4,5.54,9.6,False,Минеральное,B
Савойская,2024-04-07,134,1.95,17.2,5.97,9.3,True,Комплексное,C
Цветная,2025-06-16,76,1.04,10.1,6.9,5.1,False,Без удобрений,C
Краснокочанная,2024-08-18,141,2.95,18.7,5.67,14.3,False,Минеральное,B
Брокколи,2024-03-10,93,0.88,17.6,5.91,9.9,False,Комплексное,A
Брюссельская,2025-08-18,120,0.9,8.8,6.84,16.2,False,Комплексное,B
Савойская,2024-08-16,99,3.12,13.6,6.46,13.3,False,Органическое,A
Краснокочанная,2025-09-02,140,2.01,15.2,6.3,17.6,False,Без удобрений,B
Брюссельская,2024-12-17,115,1.27,6.3,7.17,16.6,False,Комплексное,B
Савойская,2024-06-14,136,1.92,16.8,6.95,12.4,True,Комплексное,B
Брюссельская,2026-06-05,104,1.08,3.6,6.97,6.5,False,Без удобрений,C
Савойская,2025-06-30,128,1.31,16.2,7.3,9.2,True,Минеральное,C
Пекинская,2025-09-25,65,1.44,18.1,6.14,13.9,False,Комплексное,A
Брюссельская,2026-02-27,99,0.8,5.3,5.54,9.0,False,Органическое,B
Цветная,2025-06-21,82,1.46,12.9,7.05,10.6,False,Комплексное,A
Кольраби,2025-03-05,75,0.58,6.4,6.46,16.4,True,Минеральное,C
Кольраби,2025-04-12,59,1.02,12.7,5.31,12.0,False,Биоудобрение,B
Кольраби,2024-08-25,56,0.7,10.1,6.34,17.7,False,Без удобрений,B
Савойская,2024-05-24,101,2.42,15.5,6.21,13.8,False,Без удобрений,B
Белокочанная,2025-02-04,128,3.06,19.1,7.21,15.0,False,Биоудобрение,B
Брокколи,2026-01-13,65,0.67,10.1,6.81,19.9,False,Комплексное,A
Брокколи,2024-08-25,67,0.9,15.1,6.72,18.2,False,Минеральное,B
Кольраби,2024-05-30,58,0.8,11.2,5.48,18.4,False,Минеральное,B
Краснокочанная,2026-03-12,149,2.54,15.2,7.46,10.9,False,Комплексное,A
Савойская,2024-12-11,108,2.62,14.8,5.54,11.9,False,Биоудобрение,B
Цветная,2025-10-14,80,0.86,21.4,6.07,13.7,False,Комплексное,A
Пекинская,2026-02-18,77,1.23,15.3,6.24,9.3,False,Органическое,B
Пекинская,2024-11-20,76,0.76,14.3,5.72,12.4,False,Комплексное,A
Белокочанная,2025-01-25,115,1.76,22.3,6.88,7.5,True,Минеральное,D
Савойская,2025-06-22,122,2.45,19.6,6.51,13.1,False,Минеральное,A
Цветная,2025-07-08,102,0.92,16.6,6.83,9.7,False,Комплексное,A
Белокочанная,2024-08-15,102,3.57,21.1,6.43,20.4,False,Биоудобрение,B
Белокочанная,2024-06-01,90,3.13,16.7,5.94,13.7,False,Органическое,B
Савойская,2024-10-28,123,0.67,12.9,7.26,7.1,True,Минеральное,C
Брокколи,2026-02-14,67,0.94,12.1,5.71,9.2,False,Органическое,B
Цветная,2024-12-15,101,1.46,21.2,7.17,12.5,False,Без удобрений,B
Савойская,2026-04-26,125,1.99,16.8,5.76,9.9,True,Минеральное,C
Пекинская,2025-01-04,69,1.39,14.1,6.24,9.9,False,Органическое,A
Савойская,2024-08-15,101,2.31,16.8,6.16,11.1,False,Органическое,A
Савойская,2025-10-10,122,2.59,17.8,6.42,12.8,False,Комплексное,A
Кольраби,2025-07-28,66,1.08,10.5,6.09,9.4,False,Минеральное,A
Савойская,2024-03-08,124,1.61,18.7,6.01,17.9,False,Комплексное,B
Кольраби,2025-03-11,59,0.69,7.3,5.32,9.9,False,Комплексное,B
Цветная,2024-12-30,89,0.84,15.2,6.73,9.9,True,Комплексное,C
Кольраби,2025-05-16,89,0.7,6.4,7.34,10.5,False,Биоудобрение,A
Краснокочанная,2025-03-27,125,1.21,24.9,6.43,12.4,False,Органическое,A
Краснокочанная,2025-05-18,136,3.11,15.8,7.52,14.4,False,Комплексное,B
Кольраби,2024-10-07,57,0.75,12.0,7.03,6.9,False,Органическое,B
Брокколи,2024-09-29,103,0.74,11.1,5.24,11.2,False,Минеральное,B
Краснокочанная,2025-11-17,121,2.4,18.6,5.89,11.2,False,Комплексное,B
Цветная,2025-02-18,80,1.6,14.5,7.17,17.5,False,Минеральное,A
Краснокочанная,2025-12-07,119,1.91,16.4,6.37,14.7,False,Минеральное,A
Савойская,2025-11-30,134,1.55,18.7,6.04,2.0,True,Биоудобрение,D
Брокколи,2025-11-12,80,0.58,10.2,7.48,15.9,False,Без удобрений,B
Брокколи,2025-09-15,83,1.34,16.8,6.18,13.0,False,Органическое,A
Цветная,2025-07-28,98,0.97,19.4,6.49,6.8,False,Минеральное,A
Цветная,2026-04-21,96,1.48,17.9,6.31,17.1,False,Комплексное,A
Краснокочанная,2025-11-04,140,2.24,15.4,6.57,12.3,False,Органическое,A
Брокколи,2025-09-17,75,0.78,19.0,6.43,16.1,False,Комплексное,A
Брюссельская,2024-05-06,106,1.15,8.3,7.35,14.2,False,Комплексное,A
Цветная,2024-08-11,97,2.38,21.6,5.79,12.7,False,Комплексное,A
Брокколи,2024-11-22,62,0.82,17.0,7.32,6.8,False,Биоудобрение,B
Белокочанная,2025-03-08,96,1.91,18.3,6.16,18.1,False,Комплексное,B
Краснокочанная,2026-03-10,114,1.72,16.8,5.61,9.9,False,Комплексное,A
Кольраби,2026-04-10,72,0.84,10.6,5.79,12.8,False,Комплексное,A
Брюссельская,2024-03-27,101,0.89,5.3,5.73,10.4,False,Биоудобрение,A
Савойская,2026-04-01,109,0.91,15.3,7.13,16.8,False,Органическое,A
Брюссельская,2025-03-08,100,1.41,7.3,6.93,12.6,False,Комплексное,B
Цветная,2025-03-23,95,0.72,20.7,7.28,10.6,False,Органическое,B
Пекинская,2024-08-01,74,1.2,15.0,5.87,14.2,False,Органическое,B
Пекинская,2026-03-30,54,0.77,15.1,5.69,10.9,True,Органическое,D
Краснокочанная,2026-05-27,147,2.88,22.7,5.33,10.2,False,Комплексное,B
Савойская,2024-04-11,101,2.59,14.4,7.55,12.7,False,Комплексное,A
Пекинская,2025-10-21,49,0.66,9.4,7.03,11.2,False,Без удобрений,B
Пекинская,2025-11-03,73,1.41,10.3,6.37,8.2,False,Без удобрений,B
Кольраби,2024-03-01,86,0.67,13.5,5.8,10.3,False,Органическое,B
Пекинская,2025-02-13,56,1.23,11.7,5.86,9.8,False,Биоудобрение,B
Савойская,2024-08-31,138,1.96,19.6,5.36,9.9,False,Минеральное,B
Пекинская,2024-10-05,58,1.28,11.4,5.94,10.7,False,Комплексное,A
Савойская,2024-08-09,121,2.6,16.2,6.66,18.5,False,Комплексное,A
Брюссельская,2025-03-15,119,0.81,7.8,5.55,11.1,False,Минеральное,B
Белокочанная,2025-04-23,135,1.59,21.5,6.05,16.7,False,Без удобрений,C
Белокочанная,2025-01-24,129,2.73,24.9,6.23,9.2,False,Комплексное,A
Цветная,2026-03-11,112,1.29,20.1,6.35,12.2,False,Без удобрений,B
Брокколи,2024-04-30,69,0.9,18.4,5.44,10.9,False,Биоудобрение,B
Брокколи,2024-08-03,81,1.05,16.5,7.3,8.6,False,Минеральное,B
Брюссельская,2026-02-05,113,1.32,5.8,5.25,13.2,False,Комплексное,B
Пекинская,2024-09-05,61,0.84,14.8,5.97,13.5,False,Биоудобрение,A
Брокколи,2025-05-12,92,1.01,16.1,6.15,11.7,False,Биоудобрение,A
Цветная,2026-05-19,79,1.76,17.7,6.49,12.3,True,Без удобрений,B
Краснокочанная,2025-10-09,129,2.63,18.0,7.41,3.3,False,Комплексное,C
Савойская,2025-12-27,122,2.62,18.0,5.99,15.2,False,Комплексное,A
Брокколи,2024-03-20,83,1.01,16.1,5.22,12.0,False,Минеральное,B
Цветная,2026-03-03,72,1.38,19.8,7.28,17.0,False,Органическое,A
Цветная,2024-05-10,97,2.51,14.6,5.99,11.8,False,Органическое,A
Белокочанная,2024-07-19,138,2.94,15.3,7.31,14.9,False,Без удобрений,B
Пекинская,2024-09-27,78,0.69,15.6,7.05,11.3,False,Минеральное,A
Цветная,2026-04-07,106,0.89,10.4,7.59,10.6,True,Минеральное,C
Брокколи,2025-04-14,81,0.61,15.0,7.51,16.1,False,Без удобрений,B
Кольраби,2024-03-17,72,0.42,6.4,7.48,12.1,False,Органическое,A
Кольраби,2026-04-20,84,0.85,9.2,5.29,10.7,False,Органическое,B
Савойская,2026-03-30,96,1.97,17.6,7.14,11.1,False,Комплексное,B
Брюссельская,2025-11-27,99,1.06,3.8,5.97,13.7,False,Без удобрений,B
Савойская,2024-08-09,127,1.57,15.5,5.44,11.4,False,Без удобрений,B
Белокочанная,2025-01-13,129,3.42,16.7,6.34,15.5,False,Минеральное,A
Пекинская,2024-07-07,52,1.17,9.9,5.73,19.5,False,Без удобрений,B
Брюссельская,2024-09-06,123,0.97,7.9,6.95,11.0,False,Минеральное,A
Брокколи,2025-03-19,88,0.98,13.7,6.79,4.8,True,Биоудобрение,D
Белокочанная,2026-05-23,103,3.37,25.2,5.77,12.5,False,Комплексное,A
Пекинская,2025-06-08,66,1.04,17.9,6.69,11.1,False,Комплексное,A
Кольраби,2026-04-30,59,0.91,9.9,6.52,9.9,False,Минеральное,A
Краснокочанная,2024-10-19,124,1.84,16.8,7.54,14.0,False,Органическое,B
Савойская,2025-04-12,100,1.07,19.1,7.17,16.6,True,Комплексное,C
Белокочанная,2026-05-29,100,1.67,16.5,6.48,7.0,False,Органическое,B
Савойская,2025-09-05,122,1.39,21.5,7.46,6.9,False,Биоудобрение,C
Кольраби,2025-01-24,76,0.46,11.1,5.53,13.1,False,Минеральное,B
Брокколи,2024-07-22,77,0.86,10.8,5.55,16.0,False,Биоудобрение,C
Пекинская,2025-02-22,57,0.73,10.0,5.37,16.1,False,Органическое,B
Краснокочанная,2025-08-16,119,2.92,18.4,5.95,17.5,False,Комплексное,A
Цветная,2024-12-04,99,1.55,20.3,7.48,20.4,False,Комплексное,B
Брюссельская,2024-10-17,105,1.28,7.6,6.45,18.5,False,Комплексное,A
Брокколи,2024-04-28,76,1.31,12.6,6.73,15.1,False,Органическое,A
Цветная,2024-05-25,100,1.76,12.5,5.23,11.9,False,Органическое,B
Брокколи,2025-11-12,66,1.26,10.8,6.45,16.5,False,Минеральное,A
Брокколи,2026-06-13,96,1.64,10.9,6.14,12.9,False,Комплексное,A
Брокколи,2026-01-15,79,1.62,18.0,7.38,13.5,False,Органическое,A
Брюссельская,2025-03-03,93,0.64,7.2,7.16,7.0,False,Минеральное,A
Савойская,2024-10-01,106,2.6,22.8,6.54,16.8,False,Комплексное,A
Пекинская,2025-01-19,76,1.23,15.4,7.19,18.1,False,Органическое,B
Кольраби,2025-02-23,60,0.32,9.6,6.01,9.5,True,Органическое,C
Брюссельская,2026-04-14,132,0.96,5.7,6.54,15.4,True,Без удобрений,C
Цветная,2025-08-28,88,1.74,21.6,6.05,15.6,False,Комплексное,A
Белокочанная,2024-11-07,104,2.37,17.7,6.52,11.4,False,Комплексное,A
Белокочанная,2024-12-29,126,3.71,16.2,5.78,18.5,False,Минеральное,B
Брокколи,2025-12-03,83,1.51,13.2,6.58,16.2,False,Комплексное,A
Пекинская,2025-01-22,60,1.55,15.1,6.5,18.4,False,Комплексное,A
Кольраби,2025-08-31,90,0.98,8.8,5.95,14.9,False,Комплексное,B
Кольраби,2025-11-24,83,0.66,7.0,6.25,11.8,False,Без удобрений,B
Савойская,2024-05-05,96,2.19,18.5,6.84,18.8,False,Биоудобрение,A
Брокколи,2024-10-07,92,1.65,11.4,6.79,10.7,False,Органическое,A
Цветная,2024-03-07,76,1.63,16.8,7.53,19.3,False,Комплексное,B
Пекинская,2025-11-06,56,0.71,8.9,7.06,20.6,True,Биоудобрение,D
Брокколи,2026-06-03,82,0.59,12.4,6.18,12.3,False,Без удобрений,B
Брюссельская,2025-04-16,101,0.69,3.7,5.68,9.6,True,Минеральное,C
Белокочанная,2026-01-29,114,1.88,21.6,6.1,18.0,False,Без удобрений,A
Краснокочанная,2024-08-24,144,3.01,20.4,5.65,11.2,False,Органическое,B
Савойская,2025-08-02,108,1.94,14.5,5.56,13.4,True,Минеральное,C
Савойская,2025-10-26,116,2.71,22.1,6.44,16.8,False,Биоудобрение,A
Кольраби,2024-06-28,90,0.35,8.9,6.8,15.8,True,Биоудобрение,C
Кольраби,2026-06-09,61,0.84,9.0,7.22,9.4,False,Комплексное,B
Брокколи,2026-04-15,100,0.98,13.5,6.51,14.1,False,Органическое,A
Краснокочанная,2025-01-24,149,2.96,14.2,6.55,10.4,False,Комплексное,A
Краснокочанная,2025-01-09,108,1.8,12.1,7.34,12.9,True,Органическое,D
Белокочанная,2026-01-30,139,1.26,14.9,7.3,12.6,True,Минеральное,C
Пекинская,2026-02-28,47,1.94,12.2,5.97,12.0,False,Комплексное,A
Белокочанная,2024-11-02,108,1.9,21.7,6.78,16.1,True,Минеральное,C
Пекинская,2025-11-27,64,0.9,16.4,6.8,16.1,False,Комплексное,A
Белокочанная,2025-04-30,106,2.92,22.3,7.18,7.5,False,Комплексное,A
Кольраби,2024-07-10,90,0.27,9.7,6.79,14.0,True,Биоудобрение,B
Брокколи,2024-12-17,76,1.23,12.3,6.49,11.9,True,Без удобрений,B
Белокочанная,2025-06-24,134,3.4,16.5,6.35,13.9,False,Без удобрений,A
Савойская,2025-05-27,108,1.91,12.6,6.63,22.0,False,Органическое,B
Брюссельская,2024-08-27,108,0.87,4.9,6.04,14.8,False,Органическое,A
Кольраби,2024-03-26,65,0.68,8.3,7.29,15.7,False,Минеральное,B
Белокочанная,2025-11-24,137,1.74,18.1,6.93,12.4,True,Биоудобрение,C
Краснокочанная,2024-10-16,134,2.45,18.4,7.03,17.9,True,Комплексное,C
Кольраби,2026-04-06,86,1.06,7.7,5.77,10.0,False,Комплексное,A
Савойская,2024-12-19,118,2.16,16.4,6.73,17.8,False,Биоудобрение,A
Брокколи,2026-02-26,78,1.2,12.0,7.31,20.1,True,Комплексное,D
Кольраби,2025-04-02,74,0.37,7.7,6.31,9.9,True,Минеральное,B
Цветная,2025-06-18,79,1.6,19.0,6.52,13.4,False,Органическое,A
Брокколи,2024-04-22,88,0.65,13.0,5.68,8.6,False,Биоудобрение,A
Савойская,2024-12-05,109,1.1,16.5,7.56,10.1,False,Минеральное,C
Кольраби,2025-01-18,61,0.8,7.3,6.66,13.4,False,Без удобрений,B
Белокочанная,2025-02-03,104,2.19,14.5,7.25,9.7,False,Органическое,A
Кольраби,2025-06-30,64,0.45,7.5,6.01,14.5,False,Органическое,A
Кольраби,2026-02-15,66,0.93,7.6,7.56,9.8,False,Комплексное,C
Кольраби,2025-03-24,83,0.89,8.8,6.34,13.6,False,Минеральное,A
Цветная,2025-02-11,101,1.85,11.8,7.57,14.1,True,Органическое,D
Пекинская,2025-12-10,80,0.49,14.5,5.97,10.7,True,Комплексное,D
Брюссельская,2024-09-13,104,0.31,4.2,6.43,21.6,True,Органическое,C
Брокколи,2025-02-09,98,0.45,15.3,5.3,13.0,False,Без удобрений,C
Белокочанная,2025-01-04,138,2.09,18.5,6.11,16.2,True,Комплексное,C
Брокколи,2025-04-21,78,0.84,17.5,6.9,15.5,False,Органическое,A
Цветная,2025-08-04,82,1.35,13.3,7.35,15.1,False,Органическое,B
Краснокочанная,2024-03-10,137,2.2,22.3,6.94,12.7,False,Без удобрений,B
Краснокочанная,2025-11-18,107,2.2,13.4,5.49,12.2,False,Без удобрений,B
Пекинская,2024-04-21,76,1.33,11.4,6.92,8.8,False,Комплексное,A
Белокочанная,2025-05-28,125,2.7,16.9,5.64,15.5,False,Органическое,B
Пекинская,2024-09-08,64,1.38,13.8,7.24,13.1,False,Комплексное,A
Цветная,2026-03-24,81,0.71,11.6,5.78,21.4,False,Органическое,B
Брокколи,2024-05-21,80,1.2,19.3,6.82,16.5,False,Комплексное,A
Краснокочанная,2025-10-04,131,1.77,19.2,5.83,15.3,False,Минеральное,B
Пекинская,2025-10-23,71,1.12,15.6,5.61,11.5,False,Органическое,B
Брокколи,2025-05-04,71,0.94,9.6,7.48,17.9,False,Комплексное,B
Савойская,2024-08-02,116,1.31,19.7,6.62,13.7,False,Органическое,A
Брюссельская,2024-10-20,122,1.34,3.9,5.66,9.3,False,Комплексное,B
Цветная,2026-02-21,96,1.73,22.6,6.34,12.3,False,Комплексное,A
Брюссельская,2026-01-30,113,1.1,8.4,6.68,8.9,False,Органическое,B
Краснокочанная,2024-03-19,120,2.52,22.7,6.27,10.6,False,Органическое,A
Цветная,2025-10-13,106,2.38,13.7,7.11,10.3,False,Комплексное,B
Пекинская,2025-07-14,54,1.45,10.7,6.55,15.7,False,Минеральное,A
Брюссельская,2024-05-08,93,0.78,5.0,6.28,14.2,False,Органическое,B
Кольраби,2025-09-27,91,0.44,13.0,5.55,12.5,False,Комплексное,A
Краснокочанная,2024-12-28,150,2.11,20.8,6.96,12.8,False,Органическое,A
Пекинская,2024-07-26,54,1.02,12.1,5.91,18.7,False,Минеральное,B
Цветная,2024-06-19,109,0.84,21.9,7.45,10.4,False,Органическое,B
Кольраби,2025-03-13,81,0.51,7.5,5.54,14.9,True,Минеральное,D
Брюссельская,2025-01-26,102,0.64,7.0,6.56,5.5,True,Комплексное,C
Савойская,2026-03-01,100,1.91,19.3,5.76,13.3,False,Минеральное,B
Брокколи,2026-02-10,78,0.62,8.5,5.57,16.2,False,Без удобрений,C
Пекинская,2025-07-04,84,0.82,11.2,5.3,13.6,True,Комплексное,C
Брюссельская,2025-07-18,99,0.4,5.9,5.26,12.1,True,Органическое,D
Цветная,2025-08-04,118,1.64,13.9,7.36,14.4,False,Биоудобрение,A
Пекинская,2026-04-12,63,1.11,12.6,6.66,11.2,False,Без удобрений,A
Брокколи,2024-09-26,73,1.23,16.3,5.64,20.0,False,Комплексное,B
Пекинская,2025-10-29,61,0.8,10.3,7.16,12.1,False,Минеральное,A
Цветная,2024-09-28,118,1.1,17.0,6.4,11.8,False,Минеральное,A
Пекинская,2024-05-19,62,1.75,12.1,6.68,18.9,False,Комплексное,B
Савойская,2024-06-08,102,1.41,18.7,5.33,13.6,False,Комплексное,A
Краснокочанная,2025-01-04,109,2.62,18.1,5.54,4.1,False,Биоудобрение,B
Кольраби,2024-08-26,93,0.48,6.3,5.23,15.5,False,Минеральное,B
Савойская,2024-10-07,124,1.35,13.9,5.36,12.6,False,Комплексное,B
Брюссельская,2026-02-25,106,0.4,5.2,5.88,5.9,True,Органическое,D
Брокколи,2025-09-24,85,0.49,11.7,7.49,10.1,False,Без удобрений,B
Цветная,2026-01-04,97,1.05,15.8,7.36,12.3,False,Комплексное,B
Брюссельская,2024-07-30,117,0.45,5.4,7.15,13.0,False,Минеральное,B
Кольраби,2025-06-05,68,0.7,9.1,7.01,14.5,True,Минеральное,C
Савойская,2026-06-14,127,1.94,17.8,7.1,14.8,False,Биоудобрение,B
Савойская,2026-03-28,123,1.71,15.6,5.74,12.1,True,Комплексное,C
Цветная,2026-04-07,114,2.15,14.6,6.18,13.0,False,Минеральное,A
Краснокочанная,2025-07-21,115,2.04,12.5,5.55,21.8,False,Минеральное,B
Белокочанная,2024-12-28,103,1.95,16.7,5.49,15.7,True,Органическое,C
Брюссельская,2025-02-15,129,1.05,7.3,6.13,14.1,False,Минеральное,A
Цветная,2024-04-01,97,1.67,18.4,5.81,5.9,False,Комплексное,B
Кольраби,2024-03-28,64,0.27,10.5,6.11,19.6,True,Органическое,D
Кольраби,2025-03-24,87,0.36,8.3,7.0,13.6,True,Органическое,B
Белокочанная,2025-08-01,124,3.28,15.4,6.27,8.5,False,Минеральное,A
Кольраби,2024-08-26,63,0.79,13.1,7.37,12.4,False,Органическое,A
Пекинская,2024-03-06,68,0.72,11.9,6.13,12.8,True,Минеральное,C
Пекинская,2026-03-01,50,0.97,10.6,6.27,10.3,True,Органическое,D
Цветная,2025-12-11,74,1.03,15.1,6.5,12.1,False,Комплексное,A
Брокколи,2025-08-02,102,0.51,9.6,7.41,19.8,True,Органическое,D
Брюссельская,2025-07-03,107,0.57,5.2,5.36,13.6,False,Минеральное,B
Цветная,2024-05-01,89,2.31,13.6,6.42,17.9,False,Минеральное,A
Пекинская,2024-09-10,83,1.45,9.7,6.79,10.2,True,Минеральное,C
Савойская,2026-04-18,124,1.86,14.3,5.36,2.0,False,Органическое,C
Белокочанная,2026-04-10,117,2.21,20.6,6.24,17.8,True,Комплексное,C
Савойская,2025-07-04,105,1.5,18.3,6.68,15.1,False,Комплексное,B
Белокочанная,2025-05-02,120,1.61,15.9,5.36,20.3,True,Комплексное,D
Цветная,2025-01-05,102,1.26,20.1,7.21,5.9,False,Минеральное,C
Савойская,2025-06-24,99,1.37,15.8,6.01,9.1,False,Комплексное,B
Пекинская,2025-01-15,59,1.55,12.9,7.42,11.7,False,Биоудобрение,A
Брокколи,2026-01-15,82,0.65,15.4,6.78,14.0,True,Комплексное,C
Пекинская,2026-05-27,60,0.9,15.4,6.31,11.0,False,Органическое,A
Кольраби,2025-03-19,65,0.45,7.0,5.79,9.8,False,Минеральное,B
Брокколи,2024-03-04,98,1.11,11.4,5.36,14.2,False,Биоудобрение,B
Белокочанная,2025-05-12,98,2.07,18.3,6.71,11.1,False,Органическое,A
Краснокочанная,2024-12-10,133,1.28,19.2,5.46,11.0,True,Комплексное,C
Цветная,2025-11-30,118,1.34,17.4,6.93,12.4,False,Комплексное,A
Цветная,2026-04-20,81,0.97,18.9,5.73,15.6,False,Комплексное,B
Кольраби,2024-07-06,68,0.92,8.5,5.43,14.6,False,Органическое,B
Брокколи,2025-10-15,87,1.4,13.8,7.27,15.5,False,Комплексное,B
Брокколи,2024-03-24,93,0.99,10.3,6.5,11.9,False,Комплексное,A
Кольраби,2025-11-12,66,0.95,8.2,5.69,14.0,False,Комплексное,A
Пекинская,2026-03-03,60,1.27,8.9,5.9,13.6,False,Без удобрений,A
Цветная,2025-03-04,86,1.11,12.4,6.11,6.6,False,Без удобрений,B
Савойская,2024-08-20,98,2.69,15.6,5.73,8.9,False,Органическое,B
Савойская,2024-06-03,104,1.45,23.0,6.68,10.1,False,Органическое,A
Пекинская,2025-04-24,60,0.64,10.4,5.95,10.1,True,Без удобрений,D
Белокочанная,2026-06-06,142,1.81,16.1,7.51,11.7,False,Органическое,B
Савойская,2024-08-04,112,1.96,13.2,6.48,15.7,False,Органическое,A
Савойская,2024-08-19,134,2.35,18.3,5.32,14.2,False,Комплексное,B
Пекинская,2024-08-13,74,1.2,12.9,6.74,13.0,False,Без удобрений,B
Брокколи,2025-08-20,85,1.41,15.0,6.32,10.1,False,Минеральное,B
Кольраби,2024-07-08,81,0.55,8.7,7.13,14.4,False,Органическое,A
Белокочанная,2024-10-07,137,1.92,24.4,6.25,11.5,False,Комплексное,A
Пекинская,2025-05-24,53,1.09,10.1,5.81,7.9,False,Органическое,B
Краснокочанная,2024-12-28,104,2.4,17.2,6.1,7.8,False,Комплексное,A
Кольраби,2024-05-09,68,0.67,9.3,6.05,16.1,True,Биоудобрение,B
Цветная,2024-03-25,93,0.79,17.0,6.28,10.2,False,Органическое,A
Кольраби,2025-05-18,59,1.09,7.3,7.03,19.8,False,Минеральное,B
Кольраби,2026-03-20,79,0.43,7.3,6.93,12.8,False,Без удобрений,A
Савойская,2024-09-16,131,1.34,21.5,6.2,15.5,False,Минеральное,A
Белокочанная,2024-11-27,133,2.85,16.5,6.95,13.6,False,Органическое,A
Цветная,2025-06-24,93,1.7,15.6,7.49,12.7,False,Комплексное,A
Брюссельская,2026-06-04,115,1.16,5.2,6.63,15.3,True,Минеральное,C
Белокочанная,2025-10-27,144,1.65,22.8,5.92,14.2,True,Органическое,C
Краснокочанная,2026-02-13,105,1.77,20.6,6.5,8.7,False,Органическое,A
Цветная,2024-04-28,93,0.9,13.3,6.25,13.9,False,Без удобрений,B
Брокколи,2025-10-24,82,0.65,12.2,5.71,10.3,False,Комплексное,A
Краснокочанная,2024-05-24,150,2.48,17.0,7.11,18.0,False,Без удобрений,B
Савойская,2024-04-03,119,1.98,13.7,5.52,16.8,False,Комплексное,B
Краснокочанная,2024-04-09,156,1.24,14.6,7.59,14.0,True,Биоудобрение,C
Брюссельская,2025-11-21,111,0.4,6.6,7.21,18.0,True,Минеральное,C
Пекинская,2026-02-04,77,0.81,12.4,5.88,10.1,True,Минеральное,C
Брокколи,2025-05-03,75,0.95,15.6,7.14,14.1,False,Органическое,A
Краснокочанная,2024-07-30,150,1.46,14.1,5.46,10.8,True,Комплексное,C
Брюссельская,2026-02-25,99,0.36,6.9,5.7,12.0,True,Органическое,C
Кольраби,2025-06-18,75,0.9,11.9,6.78,8.0,False,Органическое,A
Савойская,2024-03-08,121,0.98,20.2,7.29,14.6,True,Комплексное,C
Брюссельская,2024-09-24,129,0.7,4.0,6.93,7.0,False,Комплексное,A
Пекинская,2024-10-03,72,1.63,16.8,5.55,9.7,False,Органическое,C
Брокколи,2026-04-28,96,1.59,13.1,7.48,14.4,False,Минеральное,B
Краснокочанная,2025-06-29,120,2.7,16.3,7.19,9.1,False,Минеральное,B
Белокочанная,2026-06-15,93,1.91,23.0,5.75,15.5,False,Минеральное,B
Белокочанная,2024-05-17,122,4.09,24.7,7.13,11.9,False,Минеральное,A
Белокочанная,2025-07-22,107,3.4,16.7,7.57,14.3,False,Без удобрений,B
Пекинская,2024-03-15,53,1.39,13.4,6.84,18.1,False,Без удобрений,B
Брюссельская,2025-04-30,110,0.62,5.9,5.59,7.2,False,Комплексное,B
Савойская,2024-07-03,113,2.72,13.9,7.25,16.0,False,Комплексное,A
Кольраби,2025-08-06,83,0.35,10.6,5.49,11.4,True,Комплексное,C
Белокочанная,2025-11-26,104,2.26,22.1,7.13,13.5,True,Органическое,C
Цветная,2024-03-31,99,0.87,12.3,6.02,7.8,True,Минеральное,C
Краснокочанная,2026-04-02,125,1.86,16.1,5.74,8.1,False,Комплексное,B
Пекинская,2024-03-04,45,1.65,16.7,6.57,18.9,False,Органическое,A
Краснокочанная,2025-10-29,141,2.31,18.6,5.53,2.0,False,Органическое,C
Брокколи,2024-12-26,79,1.16,18.0,5.29,20.4,False,Биоудобрение,B
Краснокочанная,2025-08-26,118,1.54,19.5,6.07,6.4,False,Без удобрений,B
Краснокочанная,2025-03-07,138,1.3,19.7,5.47,19.8,False,Органическое,C
Краснокочанная,2026-06-10,142,1.65,20.5,6.91,20.4,False,Биоудобрение,B
Брокколи,2024-06-04,101,0.38,17.4,6.78,12.8,True,Биоудобрение,B
Брокколи,2025-09-06,83,0.6,15.5,5.46,18.1,False,Органическое,B
Белокочанная,2025-06-25,123,2.23,20.9,5.72,12.4,False,Комплексное,A
Пекинская,2025-07-18,78,1.06,10.8,6.51,15.6,False,Органическое,A
Брюссельская,2024-12-01,122,0.4,4.6,5.8,14.3,False,Комплексное,A
Савойская,2025-10-12,98,1.23,14.9,5.64,11.7,False,Органическое,B
Брокколи,2024-07-15,73,1.11,8.3,7.52,12.7,True,Органическое,C
Савойская,2024-07-29,128,2.16,18.3,6.94,14.8,False,Минеральное,B
Пекинская,2025-04-03,62,1.08,10.9,6.05,18.4,False,Минеральное,B
Белокочанная,2026-04-06,107,1.99,25.5,6.3,12.0,False,Органическое,A
Краснокочанная,2025-10-22,130,3.51,17.1,6.29,12.1,False,Комплексное,A
Савойская,2024-03-18,104,1.15,20.9,7.07,10.6,False,Минеральное,B
Брюссельская,2026-01-04,100,0.54,4.9,6.44,11.5,True,Биоудобрение,B
Савойская,2025-12-03,134,1.53,15.2,6.39,10.8,True,Комплексное,B
Брюссельская,2026-03-09,128,0.96,5.9,7.03,12.9,False,Комплексное,A
Пекинская,2025-01-27,62,1.07,12.7,5.31,10.7,False,Органическое,B
Савойская,2024-10-23,101,2.24,22.2,6.19,17.3,False,Комплексное,A
Пекинская,2024-10-10,62,1.54,16.0,6.09,13.6,False,Органическое,A
Пекинская,2025-11-17,62,0.61,15.1,5.49,15.4,False,Комплексное,B
Белокочанная,2025-07-15,127,1.63,20.5,7.16,13.9,False,Без удобрений,B
Цветная,2026-04-11,75,1.74,12.5,6.29,12.7,True,Комплексное,B
Белокочанная,2026-03-21,119,1.61,15.4,5.63,14.2,False,Без удобрений,B
Пекинская,2025-03-11,49,1.65,10.5,6.71,15.5,False,Органическое,A
Белокочанная,2025-08-28,99,1.37,14.3,5.62,15.3,True,Органическое,D
Брюссельская,2026-03-01,127,1.18,8.4,6.45,7.3,False,Биоудобрение,B
Пекинская,2025-06-03,58,1.79,14.8,6.22,7.5,False,Органическое,B
Брюссельская,2025-03-20,98,1.32,5.4,7.05,11.3,False,Комплексное,A
Краснокочанная,2025-09-25,133,1.56,21.9,6.35,17.4,False,Органическое,B
Белокочанная,2025-08-03,124,2.4,15.4,7.26,11.5,False,Без удобрений,B
Савойская,2024-04-15,135,1.13,15.0,6.23,14.6,False,Органическое,A
Краснокочанная,2026-03-26,102,2.67,21.3,7.02,7.1,False,Органическое,B
Белокочанная,2024-05-25,102,2.41,24.1,5.97,13.3,False,Без удобрений,B
Цветная,2024-04-28,90,1.46,13.1,7.09,12.9,False,Биоудобрение,B
Брюссельская,2024-11-23,110,0.75,7.8,5.58,10.8,False,Минеральное,B
Брюссельская,2025-07-27,95,0.36,3.9,6.69,16.8,True,Минеральное,C
Брокколи,2025-02-17,84,1.05,11.3,6.73,18.4,False,Органическое,A
Пекинская,2025-01-24,51,1.05,8.8,6.09,16.3,True,Минеральное,C
Пекинская,2025-04-25,78,0.77,9.6,6.65,9.7,False,Биоудобрение,A
Краснокочанная,2025-04-06,116,2.36,14.8,5.81,4.7,False,Комплексное,B
Кольраби,2025-07-24,60,0.64,8.0,7.31,13.0,False,Органическое,A
Брокколи,2025-11-24,79,1.01,11.6,6.83,12.3,False,Комплексное,A
Савойская,2025-03-13,115,0.93,19.0,6.93,15.4,True,Биоудобрение,C
Брокколи,2024-08-08,85,1.25,15.7,6.05,13.0,False,Без удобрений,B
Савойская,2024-12-26,115,1.55,15.8,5.66,17.3,False,Минеральное,B
Белокочанная,2026-04-30,108,2.29,27.5,5.74,15.3,False,Минеральное,B
Белокочанная,2026-01-19,109,1.72,15.9,6.85,18.9,True,Комплексное,C
Пекинская,2025-08-21,54,1.62,10.1,5.82,10.5,False,Органическое,A
Кольраби,2026-03-09,61,0.76,7.9,7.31,13.9,False,Органическое,A
Цветная,2024-10-18,125,1.2,13.3,5.29,12.1,True,Без удобрений,D
Брокколи,2024-06-06,60,0.53,12.4,6.31,8.9,False,Комплексное,A
Белокочанная,2025-10-22,96,1.69,17.5,5.46,13.3,True,Минеральное,C
Брюссельская,2026-03-17,90,1.18,7.2,5.88,15.0,False,Минеральное,B
Цветная,2024-07-16,111,1.91,13.8,7.33,17.8,False,Комплексное,B
Брокколи,2025-08-25,70,1.45,11.5,6.35,15.8,False,Минеральное,B
Савойская,2024-05-15,102,1.78,19.6,5.78,12.4,True,Органическое,C
Брокколи,2026-04-05,88,0.98,18.5,5.3,12.4,False,Органическое,B
Краснокочанная,2024-06-28,103,1.98,15.4,6.99,6.1,False,Биоудобрение,B
Краснокочанная,2026-04-21,109,2.92,20.7,5.27,15.5,False,Комплексное,B
Белокочанная,2025-05-15,117,3.65,22.8,6.42,15.1,False,Комплексное,A
Брюссельская,2024-12-23,123,1.07,6.7,7.0,15.9,False,Без удобрений,B
Савойская,2025-04-22,121,1.49,17.1,5.31,13.4,False,Без удобрений,B
Цветная,2025-09-30,115,2.39,21.3,6.59,16.0,False,Биоудобрение,A
Брокколи,2026-04-25,98,1.52,17.9,6.7,15.9,False,Комплексное,B
Кольраби,2024-05-31,71,0.39,10.9,7.33,11.6,False,Минеральное,A
Брюссельская,2025-10-05,105,0.93,7.3,6.69,15.6,True,Органическое,C
Брокколи,2025-04-18,95,0.9,13.2,6.55,14.3,False,Без удобрений,A
Белокочанная,2025-12-18,123,3.56,20.7,6.26,13.0,False,Комплексное,A
Пекинская,2025-08-15,47,1.62,15.2,5.53,18.4,False,Биоудобрение,C
Савойская,2026-02-10,120,2.35,17.9,6.56,12.1,False,Комплексное,A
Брюссельская,2024-06-04,103,0.32,5.7,7.08,10.1,False,Без удобрений,B
Савойская,2026-04-24,112,2.35,19.6,5.66,7.9,False,Комплексное,B
Брюссельская,2025-08-04,104,0.34,6.8,5.85,19.3,False,Органическое,B
Брокколи,2024-05-04,68,1.03,16.6,7.6,21.3,False,Органическое,B
Белокочанная,2024-04-19,132,2.52,22.7,7.47,12.0,False,Без удобрений,B
Савойская,2025-12-05,98,2.22,14.7,6.45,19.8,False,Комплексное,B
Кольраби,2025-05-26,63,0.95,11.8,6.26,12.5,False,Минеральное,A
Савойская,2025-02-16,128,2.77,22.1,5.25,15.0,False,Комплексное,B
Краснокочанная,2026-04-27,112,1.24,16.1,7.07,22.3,False,Органическое,B
Цветная,2025-03-02,104,1.85,16.2,6.92,14.7,False,Без удобрений,A
Савойская,2026-01-24,116,2.01,20.7,5.44,12.9,True,Комплексное,C
Цветная,2025-03-21,88,1.56,19.2,5.49,13.3,False,Органическое,B
Белокочанная,2024-07-23,109,4.08,17.1,7.27,12.7,False,Минеральное,A
Краснокочанная,2025-04-12,142,2.26,25.3,6.33,14.7,False,Комплексное,A
Краснокочанная,2025-07-17,138,2.29,14.7,7.35,6.6,True,Органическое,D
Кольраби,2026-05-13,89,0.51,7.8,6.95,10.7,False,Комплексное,A
Цветная,2025-04-23,123,1.55,15.3,5.27,13.9,False,Без удобрений,B
Краснокочанная,2025-06-08,133,2.7,14.2,6.35,20.4,False,Биоудобрение,A
Белокочанная,2025-03-21,110,3.26,16.3,6.5,19.6,False,Комплексное,A
Цветная,2024-03-16,110,0.79,11.3,7.07,8.8,True,Органическое,C
Краснокочанная,2025-10-06,137,1.86,19.1,5.53,3.4,False,Биоудобрение,C
Брюссельская,2026-05-12,111,1.04,7.7,6.51,15.3,False,Без удобрений,A
Брокколи,2026-03-07,98,0.92,17.4,6.64,11.3,False,Органическое,A
Краснокочанная,2024-12-16,102,2.62,17.7,6.03,9.7,False,Комплексное,B
Брокколи,2025-06-02,99,0.82,12.5,6.14,15.3,False,Без удобрений,A
Кольраби,2025-07-20,82,0.66,12.0,6.67,8.0,False,Минеральное,A
Цветная,2025-08-11,113,1.46,15.8,6.58,6.3,False,Минеральное,B
Пекинская,2025-03-13,72,1.07,14.4,5.32,12.9,False,Минеральное,B
Белокочанная,2026-01-19,115,2.09,16.3,5.5,12.1,False,Органическое,A
Брокколи,2024-09-17,70,1.29,16.8,5.54,15.5,False,Органическое,B
Пекинская,2024-09-16,65,0.54,13.6,6.51,17.2,True,Минеральное,C
Цветная,2026-03-10,108,0.8,19.8,7.57,4.2,False,Органическое,C
Цветная,2025-08-25,76,1.68,17.0,6.66,12.3,False,Биоудобрение,A
Кольраби,2025-08-14,86,0.85,8.0,5.83,7.1,False,Комплексное,A
Брюссельская,2025-12-04,97,0.95,5.8,6.7,19.1,False,Без удобрений,C
Цветная,2025-10-17,76,1.26,16.2,5.77,13.5,False,Минеральное,B
Краснокочанная,2024-10-08,133,1.26,20.9,6.95,7.4,False,Минеральное,A
Белокочанная,2025-11-26,139,2.92,13.3,5.84,16.5,False,Без удобрений,C
Краснокочанная,2026-02-11,130,1.14,17.8,6.62,11.6,False,Органическое,A
Цветная,2025-04-16,99,1.49,21.9,5.59,15.3,False,Комплексное,A
Брокколи,2026-05-21,81,1.13,18.4,7.01,9.9,False,Органическое,B
Цветная,2026-03-21,109,1.16,17.0,6.61,20.0,False,Комплексное,A
Краснокочанная,2024-05-24,106,0.98,19.2,7.15,9.8,True,Комплексное,C
Пекинская,2024-05-14,67,1.45,9.6,7.5,18.6,False,Комплексное,B
Белокочанная,2025-08-17,110,1.82,18.4,5.69,9.6,False,Без удобрений,C
Кольраби,2024-07-26,83,0.84,8.8,6.4,20.2,False,Минеральное,B
Савойская,2025-03-11,100,1.63,20.1,7.23,19.2,False,Органическое,B
Краснокочанная,2026-03-25,143,1.08,16.6,5.52,14.1,False,Комплексное,B
Белокочанная,2024-06-01,112,1.5,16.8,6.45,9.0,False,Минеральное,A
Краснокочанная,2026-01-11,147,3.19,18.9,6.29,15.0,False,Органическое,B
Савойская,2025-10-06,126,1.56,18.8,7.46,10.5,False,Комплексное,A
Белокочанная,2025-09-14,120,3.37,17.1,7.29,11.0,False,Органическое,C
Савойская,2024-03-30,121,2.78,24.0,5.98,15.5,False,Комплексное,A
Краснокочанная,2025-12-16,123,2.64,16.8,5.93,10.9,False,Органическое,B
Пекинская,2025-01-22,76,0.91,17.7,6.53,11.5,False,Комплексное,A
Цветная,2024-11-23,78,0.97,15.9,7.28,4.3,False,Комплексное,C
Кольраби,2024-03-03,89,0.77,11.1,5.65,13.7,True,Органическое,C
Цветная,2024-07-20,113,1.87,11.9,6.59,4.7,False,Органическое,B
Белокочанная,2025-09-13,134,3.87,21.1,5.65,14.2,False,Минеральное,B
Цветная,2026-01-30,82,1.22,18.0,5.71,12.6,False,Минеральное,B
Белокочанная,2024-09-23,129,2.78,17.9,5.24,15.9,False,Без удобрений,C
Савойская,2024-10-02,136,0.98,19.5,7.29,4.7,True,Комплексное,D
Белокочанная,2024-06-03,129,3.46,26.2,5.93,7.2,False,Органическое,B
Краснокочанная,2024-10-02,144,1.09,12.7,6.85,7.5,True,Минеральное,C
Кольраби,2025-04-24,60,0.39,10.4,6.32,12.3,False,Комплексное,A
Белокочанная,2024-07-02,123,3.64,27.7,6.68,15.1,False,Комплексное,A
Пекинская,2024-04-07,56,1.05,15.6,5.9,14.4,False,Без удобрений,B
Краснокочанная,2024-08-01,143,2.26,20.7,7.03,12.6,False,Комплексное,A
Цветная,2024-07-16,116,2.04,21.8,5.56,12.5,False,Минеральное,A
Краснокочанная,2026-06-08,138,1.91,22.7,6.98,8.9,False,Комплексное,B
Краснокочанная,2024-10-21,122,2.23,16.2,7.53,15.4,False,Органическое,B
Белокочанная,2024-11-21,99,1.77,15.4,7.46,18.3,True,Биоудобрение,D
Кольраби,2024-12-10,85,0.59,9.9,5.34,11.8,False,Биоудобрение,B
Брюссельская,2025-08-26,130,1.06,4.9,6.76,16.0,False,Комплексное,A
Пекинская,2024-04-30,75,0.89,14.6,5.5,6.5,False,Минеральное,C
Кольраби,2025-10-26,70,0.45,12.8,6.82,16.9,False,Органическое,A
Кольраби,2025-05-19,69,0.27,6.3,5.21,14.3,True,Комплексное,C
Пекинская,2024-06-11,47,1.41,14.3,6.28,11.4,False,Минеральное,A
Кольраби,2024-06-18,86,0.32,9.3,5.56,19.3,False,Комплексное,B
Белокочанная,2025-06-17,123,3.68,19.8,6.91,7.8,False,Органическое,A
Краснокочанная,2026-02-19,144,1.81,17.2,5.67,17.2,False,Комплексное,B
Белокочанная,2024-09-26,104,3.19,17.1,5.49,15.7,False,Комплексное,B
Брюссельская,2025-05-22,106,0.95,6.2,7.34,10.9,False,Без удобрений,B
Брюссельская,2025-04-17,94,0.88,3.6,6.2,21.4,False,Без удобрений,B
Краснокочанная,2024-11-14,138,1.33,22.0,5.29,13.0,False,Комплексное,B
Брюссельская,2025-10-09,99,0.46,6.1,5.21,13.1,True,Комплексное,B
Кольраби,2025-04-09,84,0.66,10.0,7.08,8.4,False,Без удобрений,B
Брюссельская,2024-06-13,93,0.82,7.0,6.19,11.6,False,Органическое,A
Цветная,2025-05-22,108,1.68,13.2,5.64,12.1,False,Минеральное,C
Краснокочанная,2026-02-27,108,1.18,19.1,7.17,12.3,False,Биоудобрение,A
Савойская,2024-06-17,137,1.22,19.4,5.41,15.2,False,Без удобрений,B
Краснокочанная,2024-10-27,149,2.62,22.3,6.09,11.4,False,Минеральное,B
Кольраби,2024-03-23,87,0.27,11.9,6.95,7.5,False,Биоудобрение,B
Брокколи,2024-11-22,82,0.99,17.1,5.93,17.4,False,Биоудобрение,A
Цветная,2025-05-23,102,1.13,15.3,7.44,11.6,True,Минеральное,C
Пекинская,2025-03-25,55,1.44,13.9,6.55,11.8,False,Комплексное,A
Савойская,2025-11-05,132,2.91,20.6,6.81,8.6,False,Комплексное,A
Белокочанная,2024-11-29,143,2.81,15.3,5.3,9.1,False,Комплексное,B
Пекинская,2024-08-29,69,1.03,16.3,6.37,9.7,False,Органическое,B
Брокколи,2024-09-03,99,0.93,15.5,5.9,18.2,False,Комплексное,A
Брокколи,2024-03-27,81,0.62,10.7,5.84,10.7,False,Органическое,B
Пекинская,2025-12-06,59,0.97,12.6,6.18,11.0,False,Минеральное,A
Белокочанная,2025-05-21,120,2.94,16.2,5.53,12.8,False,Комплексное,A
Краснокочанная,2025-01-02,118,1.78,21.4,5.38,15.0,False,Биоудобрение,B
Пекинская,2026-03-02,56,1.6,9.5,6.18,13.5,False,Без удобрений,A
Краснокочанная,2025-04-15,121,2.2,17.2,6.0,13.4,True,Биоудобрение,C
Брокколи,2025-01-20,86,1.02,10.4,6.76,17.3,False,Комплексное,B
Краснокочанная,2026-04-30,102,2.55,25.6,6.44,11.3,False,Минеральное,A
Кольраби,2025-09-16,63,0.99,13.2,5.55,12.4,False,Комплексное,A
Брокколи,2024-11-27,97,0.96,16.6,6.51,9.3,False,Органическое,A
Брокколи,2025-10-02,80,1.36,9.7,5.95,14.4,False,Органическое,A
Савойская,2024-04-29,98,1.42,14.1,7.23,15.5,False,Биоудобрение,C
Белокочанная,2024-10-19,110,1.92,23.9,7.2,6.3,False,Органическое,B
Брюссельская,2025-01-30,130,0.53,4.0,6.09,17.3,True,Минеральное,C
Савойская,2024-04-18,130,2.1,17.5,5.9,10.2,False,Комплексное,A
Брокколи,2024-11-24,93,1.42,12.8,5.59,17.0,False,Комплексное,C
Брюссельская,2026-04-26,98,0.5,7.0,5.97,14.3,False,Без удобрений,A
Брокколи,2026-05-12,68,0.87,11.7,5.51,8.4,False,Органическое,C
Белокочанная,2024-03-10,108,1.95,25.8,6.87,11.9,False,Органическое,A
Кольраби,2026-02-09,56,0.34,7.1,6.78,12.2,False,Без удобрений,A
Цветная,2025-07-29,70,1.82,22.0,7.16,12.9,False,Биоудобрение,A
Брокколи,2025-07-06,98,1.66,13.8,6.91,15.1,False,Органическое,A
Брюссельская,2025-05-31,119,0.48,7.0,5.52,11.6,False,Комплексное,B
Брюссельская,2024-10-21,114,1.22,6.4,6.96,15.7,False,Комплексное,A
Савойская,2025-03-13,115,1.48,20.1,7.56,15.3,True,Комплексное,C
Брюссельская,2024-04-18,122,0.6,4.5,5.28,15.9,False,Органическое,B
Краснокочанная,2024-07-22,141,2.67,21.9,7.47,16.6,False,Комплексное,A
Краснокочанная,2025-06-05,141,2.55,15.0,6.25,14.0,False,Органическое,B
Брокколи,2026-01-31,64,1.46,10.6,5.61,17.1,False,Комплексное,B
Белокочанная,2024-11-17,104,2.61,21.5,5.99,12.3,False,Комплексное,A
Пекинская,2025-02-02,52,1.28,15.5,7.23,13.5,False,Комплексное,A
Брюссельская,2025-08-09,118,0.51,5.0,7.37,15.0,True,Органическое,D
Цветная,2026-02-03,73,1.78,18.4,5.36,10.8,False,Минеральное,B
Цветная,2024-11-02,86,2.28,19.7,6.74,16.5,False,Минеральное,A
Брокколи,2025-10-22,79,1.83,12.6,6.47,14.4,False,Минеральное,B
Кольраби,2024-06-16,60,0.86,12.9,5.86,10.9,False,Без удобрений,B
Брюссельская,2024-08-27,100,0.83,4.6,5.84,19.2,False,Минеральное,B
Краснокочанная,2025-12-22,136,1.62,15.9,6.78,9.0,False,Биоудобрение,A
Пекинская,2024-08-19,47,0.55,14.5,5.55,14.9,False,Органическое,B
Краснокочанная,2024-04-16,144,1.81,15.9,7.38,7.4,False,Минеральное,B
Брюссельская,2024-09-10,125,0.64,5.8,6.09,14.0,False,Органическое,A
Белокочанная,2026-05-15,102,2.48,19.2,6.36,7.1,False,Комплексное,A
Краснокочанная,2024-04-05,114,1.06,21.4,5.21,11.6,False,Комплексное,C
Брокколи,2025-05-23,88,0.71,9.4,7.2,8.8,True,Минеральное,C
Цветная,2025-01-01,89,0.71,15.8,7.28,11.4,False,Биоудобрение,B
Брюссельская,2026-04-30,102,0.74,6.2,6.68,18.3,False,Минеральное,A
Брокколи,2024-08-11,95,1.09,16.3,6.13,12.3,False,Минеральное,A
Кольраби,2026-05-10,84,1.08,10.1,6.67,10.5,False,Органическое,A
Пекинская,2024-07-08,77,1.5,14.1,5.25,16.6,False,Биоудобрение,B
Савойская,2025-03-25,138,1.07,12.2,5.24,18.0,True,Биоудобрение,D
Цветная,2025-08-05,112,1.9,16.1,5.95,17.3,False,Комплексное,B
Краснокочанная,2024-06-07,149,1.77,19.2,6.5,14.7,True,Без удобрений,C
Савойская,2025-11-08,113,2.4,16.1,7.46,10.3,False,Комплексное,A
Цветная,2026-01-27,78,0.66,17.7,5.9,5.4,False,Комплексное,B
Кольраби,2024-03-01,80,0.48,11.0,6.9,19.5,True,Минеральное,C
Савойская,2024-12-11,120,2.02,18.5,7.23,10.5,True,Минеральное,C
Кольраби,2025-08-15,87,0.38,6.7,6.76,17.1,True,Органическое,C
Цветная,2024-03-07,73,1.02,18.4,6.36,16.5,False,Комплексное,A
Кольраби,2026-06-05,59,0.79,7.8,5.46,13.7,False,Без удобрений,B
Белокочанная,2025-10-05,135,1.29,26.0,5.53,17.3,False,Минеральное,B
Краснокочанная,2025-07-30,141,1.47,20.1,6.58,10.6,False,Органическое,A
Пекинская,2025-04-27,50,1.55,13.8,6.03,10.3,False,Без удобрений,B
Кольраби,2024-09-24,59,0.31,9.6,7.13,13.6,False,Комплексное,A
Брокколи,2024-10-14,83,0.95,13.4,6.84,20.7,False,Биоудобрение,B
Савойская,2025-05-05,122,1.51,18.5,6.47,10.4,False,Без удобрений,A
Брюссельская,2025-01-01,106,0.7,8.6,7.43,8.0,False,Органическое,B
Брюссельская,2025-04-20,112,0.82,5.0,7.4,9.5,True,Комплексное,C
Краснокочанная,2025-03-08,104,1.91,14.4,7.51,15.8,False,Без удобрений,B
Кольраби,2025-12-05,61,1.1,13.7,6.88,12.3,False,Биоудобрение,B
Брокколи,2024-06-06,88,1.49,10.3,6.64,12.1,False,Комплексное,A
Белокочанная,2025-04-20,134,4.35,24.1,6.92,11.0,False,Биоудобрение,A
Савойская,2024-09-03,98,1.05,23.0,6.25,10.2,False,Комплексное,A
Белокочанная,2024-05-20,112,4.01,21.3,5.97,8.8,False,Биоудобрение,A
Цветная,2024-04-02,86,1.63,15.0,6.25,20.3,True,Минеральное,C
Цветная,2025-12-20,102,0.77,14.7,5.27,13.8,True,Без удобрений,C
Белокочанная,2024-09-25,103,2.78,21.9,6.86,12.7,False,Биоудобрение,A
Краснокочанная,2024-05-13,121,2.75,19.7,6.5,6.9,False,Биоудобрение,B
Цветная,2026-04-18,94,0.75,11.0,7.0,18.1,False,Без удобрений,C
Белокочанная,2025-12-20,97,2.41,19.9,5.25,4.4,False,Минеральное,C
Пекинская,2025-07-04,57,1.41,13.0,6.4,12.3,False,Органическое,A
Цветная,2024-10-17,94,1.22,13.9,5.25,9.5,False,Комплексное,B
Краснокочанная,2025-07-19,107,2.06,16.1,5.71,10.8,False,Органическое,B
Савойская,2024-10-11,101,1.79,18.6,7.09,10.2,True,Комплексное,B
Белокочанная,2025-02-28,107,2.02,14.8,5.79,6.4,False,Минеральное,C
Брокколи,2025-05-29,90,0.83,18.1,5.73,19.0,False,Комплексное,A
Кольраби,2025-01-26,83,0.52,9.8,7.26,14.1,False,Минеральное,B
Брокколи,2026-01-17,82,1.14,10.6,7.13,13.2,False,Минеральное,A
Белокочанная,2026-02-10,104,1.53,20.5,6.63,17.3,True,Органическое,C
Савойская,2024-06-10,132,2.03,16.7,6.75,8.4,True,Биоудобрение,C
Цветная,2025-10-01,93,1.59,11.9,5.43,14.5,False,Минеральное,B
Кольраби,2026-02-05,60,0.92,11.6,7.53,16.0,False,Минеральное,B
Пекинская,2024-05-08,56,1.69,11.3,6.51,6.2,False,Минеральное,A
Белокочанная,2026-01-03,95,1.71,15.7,5.43,10.6,False,Органическое,B
Пекинская,2024-07-17,62,1.59,16.3,6.79,14.7,False,Минеральное,A
Краснокочанная,2024-05-07,100,2.64,20.2,6.21,16.6,False,Органическое,A
Пекинская,2024-04-21,73,1.15,17.0,5.86,12.5,False,Органическое,B
Пекинская,2025-03-17,70,1.1,9.5,6.92,19.7,True,Без удобрений,D
Белокочанная,2025-02-16,115,3.63,14.3,6.92,5.3,False,Минеральное,B
Краснокочанная,2026-01-30,146,2.81,14.1,5.26,15.8,False,Биоудобрение,B
Белокочанная,2024-08-10,105,3.51,21.1,6.6,15.7,False,Без удобрений,B
Брокколи,2025-04-06,93,0.36,9.1,5.59,6.4,False,Без удобрений,C
Брокколи,2025-04-07,69,0.63,15.2,6.31,13.2,False,Комплексное,A
Брюссельская,2025-10-17,117,0.74,5.1,5.89,13.3,False,Минеральное,B
Пекинская,2025-10-03,53,1.6,12.9,6.2,18.8,False,Минеральное,B
Краснокочанная,2024-12-28,149,1.85,19.5,7.52,12.7,False,Биоудобрение,A
Савойская,2024-06-12,126,2.82,18.4,6.83,16.3,False,Минеральное,B
Брокколи,2024-07-30,96,1.35,12.5,6.73,11.6,False,Комплексное,B
Пекинская,2024-07-16,68,1.34,11.9,6.93,16.2,False,Биоудобрение,B
Пекинская,2026-06-13,81,1.26,9.4,5.28,12.4,False,Минеральное,B
Кольраби,2026-05-07,84,0.61,11.9,6.95,17.5,False,Органическое,B
Цветная,2024-09-21,95,1.55,19.9,6.07,13.2,False,Комплексное,A
Краснокочанная,2025-05-16,135,2.6,14.3,5.7,12.7,False,Минеральное,A
Брюссельская,2025-08-03,115,0.87,5.3,5.41,9.3,False,Органическое,B
Пекинская,2024-03-14,52,1.05,12.8,6.29,15.2,False,Комплексное,A
Брюссельская,2025-12-27,101,0.55,5.1,6.51,15.4,True,Минеральное,B
Белокочанная,2025-06-07,133,4.22,15.6,6.56,14.3,False,Биоудобрение,A
Кольраби,2025-08-26,94,0.54,11.4,7.17,14.9,True,Минеральное,C
Пекинская,2025-03-07,81,1.31,10.3,7.16,9.4,True,Биоудобрение,D
Кольраби,2024-04-19,58,0.76,9.3,5.47,16.6,False,Биоудобрение,A
Савойская,2024-10-14,122,1.21,18.9,7.37,10.9,False,Комплексное,A
Белокочанная,2026-04-21,91,4.35,20.1,6.71,11.6,False,Минеральное,A
Белокочанная,2024-04-07,116,1.46,16.3,5.26,17.6,True,Органическое,C
Брокколи,2024-03-28,73,1.58,14.8,6.65,13.8,False,Комплексное,A
Савойская,2024-04-05,121,1.24,19.3,5.68,14.8,False,Органическое,A
Кольраби,2026-05-12,69,1.0,8.0,5.79,15.7,False,Комплексное,A
Кольраби,2024-10-19,78,0.92,11.0,6.88,14.8,False,Без удобрений,A
Пекинская,2026-05-10,51,0.88,9.7,6.05,15.9,True,Органическое,C
Белокочанная,2025-08-06,105,2.6,13.7,5.65,7.5,True,Минеральное,D
Краснокочанная,2024-08-07,135,2.41,19.0,6.15,8.3,False,Минеральное,A
Кольраби,2026-01-12,71,0.84,9.9,7.11,6.8,False,Минеральное,C
Савойская,2024-07-27,106,2.59,18.5,5.7,15.7,False,Органическое,B
Брюссельская,2024-11-15,132,1.1,4.3,7.59,6.1,False,Минеральное,B
Брокколи,2024-09-04,84,0.71,17.1,7.17,3.7,False,Комплексное,C
Пекинская,2024-05-08,63,0.72,11.4,7.25,14.0,False,Комплексное,A
Брюссельская,2026-04-30,116,0.44,6.1,5.49,10.9,False,Без удобрений,B
Брокколи,2024-10-21,77,1.47,10.5,6.57,11.9,False,Органическое,A
Савойская,2025-12-02,131,2.0,18.0,6.78,10.1,False,Без удобрений,A
Краснокочанная,2025-10-12,122,3.05,14.8,6.93,10.7,False,Минеральное,A
Белокочанная,2024-11-15,126,1.19,19.9,5.6,18.9,True,Комплексное,D
Пекинская,2025-10-07,75,1.1,13.5,5.78,11.2,False,Минеральное,B
Савойская,2025-05-11,103,2.01,18.1,6.38,11.4,False,Комплексное,A
Цветная,2026-02-11,85,2.22,21.9,6.58,7.5,False,Минеральное,A
Брюссельская,2024-09-24,124,0.9,6.8,5.48,18.8,False,Органическое,B
Краснокочанная,2024-07-27,134,2.73,16.5,5.31,14.1,False,Комплексное,B
Брюссельская,2025-07-05,112,0.61,6.7,5.22,15.1,False,Минеральное,B
Кольраби,2025-10-29,77,0.61,13.2,6.28,9.5,False,Органическое,A
Белокочанная,2025-04-21,115,4.27,22.9,5.79,11.9,False,Минеральное,A
Кольраби,2024-05-20,75,0.42,6.2,5.46,9.2,True,Комплексное,D
Белокочанная,2024-08-31,117,2.42,27.5,6.08,16.8,False,Комплексное,A
Цветная,2025-11-17,91,2.05,20.1,6.14,16.7,False,Органическое,B
Пекинская,2025-01-09,60,1.62,12.1,6.9,14.6,False,Органическое,B
Брюссельская,2025-10-14,123,1.17,7.8,6.28,14.2,False,Органическое,A
Пекинская,2024-04-18,58,2.03,16.0,6.62,10.9,False,Комплексное,A
Брюссельская,2024-06-11,98,0.47,4.9,5.8,13.4,False,Минеральное,A
Кольраби,2025-01-29,81,0.62,10.6,5.92,15.2,False,Комплексное,A
Савойская,2024-04-08,100,1.17,19.6,5.79,16.1,False,Органическое,B
Савойская,2026-03-25,117,2.43,21.5,7.3,18.4,False,Комплексное,A
Пекинская,2025-02-02,72,1.85,9.9,6.6,7.7,False,Минеральное,B
Краснокочанная,2024-11-23,114,1.34,15.8,6.89,10.5,False,Минеральное,A
Пекинская,2024-12-29,48,1.71,10.8,7.34,14.5,False,Комплексное,A
Брокколи,2024-09-29,92,1.44,16.9,6.77,15.9,False,Минеральное,A
Белокочанная,2024-04-03,99,3.05,18.7,6.53,21.0,False,Комплексное,B
Савойская,2026-06-03,124,1.3,23.2,6.77,6.5,False,Органическое,B
Белокочанная,2024-08-06,126,2.97,17.0,5.75,15.1,False,Органическое,B
Цветная,2026-03-18,80,1.61,13.3,7.29,15.1,False,Минеральное,B
Брокколи,2025-10-09,78,0.94,12.8,7.58,14.8,False,Органическое,A
Брокколи,2026-05-12,90,1.34,13.0,6.3,13.5,False,Органическое,A
Белокочанная,2024-08-25,104,3.35,21.5,5.87,12.1,False,Органическое,A
Пекинская,2024-03-30,68,0.97,15.5,5.72,11.0,True,Органическое,D
Белокочанная,2024-06-02,113,1.7,26.5,6.29,14.2,False,Органическое,A
Брюссельская,2026-01-06,135,0.7,4.3,7.32,6.3,True,Биоудобрение,D
Савойская,2024-11-26,107,2.04,17.0,5.32,9.8,False,Биоудобрение,B
Краснокочанная,2024-09-01,126,1.89,19.3,5.57,7.1,False,Комплексное,B
Савойская,2024-11-09,106,1.06,12.7,6.37,9.9,False,Без удобрений,B
Кольраби,2025-08-08,61,0.84,12.3,5.3,9.3,False,Комплексное,C
Белокочанная,2025-07-10,96,2.71,20.9,5.9,18.5,False,Органическое,B
Цветная,2026-03-23,106,1.76,17.5,7.33,13.4,True,Органическое,D
Савойская,2024-08-15,122,1.79,13.6,5.25,14.4,True,Органическое,D
Пекинская,2024-09-16,63,0.94,15.4,6.98,18.0,False,Биоудобрение,B
Кольраби,2025-08-03,55,1.1,11.6,6.64,13.5,False,Комплексное,A
Цветная,2024-05-13,109,1.95,14.2,6.67,14.8,False,Минеральное,A
Савойская,2025-11-03,115,2.38,14.5,6.98,10.3,False,Минеральное,A
Брокколи,2024-05-22,84,1.08,17.9,7.33,12.0,False,Органическое,A
Краснокочанная,2025-01-25,122,1.59,18.4,7.42,19.6,False,Органическое,C
Пекинская,2025-06-18,67,1.16,15.5,6.8,15.2,True,Комплексное,C
Цветная,2026-01-09,83,1.5,12.7,5.82,7.3,False,Без удобрений,C
Белокочанная,2024-12-05,131,1.39,24.7,6.58,14.7,False,Без удобрений,B
Краснокочанная,2025-03-17,113,2.19,17.1,7.0,4.2,True,Минеральное,D
Брюссельская,2024-03-09,116,0.57,5.3,5.45,8.7,False,Минеральное,B
Белокочанная,2024-04-13,130,2.7,16.9,7.11,17.0,False,Минеральное,A
Брокколи,2025-12-14,98,0.99,10.6,6.16,16.8,False,Комплексное,A
Савойская,2026-03-03,101,0.82,13.2,7.43,13.9,False,Без удобрений,B
Краснокочанная,2024-12-14,107,1.21,22.6,6.96,21.2,False,Комплексное,B
Брокколи,2025-10-24,70,0.99,10.1,6.66,16.2,False,Без удобрений,B
Пекинская,2025-05-17,49,0.64,8.8,6.21,19.1,True,Без удобрений,D
Брокколи,2024-09-10,76,1.4,16.2,7.3,18.7,False,Органическое,B
Цветная,2025-09-18,106,1.89,12.1,6.85,19.8,False,Комплексное,B
Брокколи,2024-08-15,95,1.79,11.9,7.17,13.4,False,Органическое,B
Брокколи,2026-01-19,65,1.11,16.3,7.1,15.7,False,Биоудобрение,B
Брокколи,2024-08-29,60,1.76,12.1,6.15,16.4,False,Комплексное,A
Пекинская,2024-10-18,59,1.09,11.6,6.92,16.4,False,Комплексное,A
Краснокочанная,2025-08-24,130,1.81,14.1,6.34,11.2,False,Без удобрений,B
Цветная,2025-10-17,88,0.99,12.0,5.6,6.8,False,Комплексное,C
Брокколи,2024-06-28,94,1.27,15.6,6.31,11.1,False,Минеральное,A
Савойская,2026-03-23,122,1.72,19.1,6.82,20.4,True,Минеральное,C
Цветная,2025-10-10,106,2.07,13.3,7.19,15.8,False,Минеральное,A
Брокколи,2025-12-04,98,0.53,13.1,6.73,13.6,False,Минеральное,B
Брокколи,2025-05-08,91,0.57,10.2,6.62,14.4,False,Комплексное,A
Кольраби,2024-11-17,87,0.46,10.7,6.54,9.9,False,Органическое,B
Брокколи,2025-06-17,98,1.17,14.1,5.78,15.6,False,Органическое,B
Белокочанная,2024-11-27,115,3.45,18.7,5.9,18.4,False,Минеральное,B
Белокочанная,2024-08-15,93,1.47,22.8,6.16,14.1,False,Минеральное,A
Цветная,2025-08-15,114,1.92,15.5,5.45,13.9,False,Минеральное,A
Пекинская,2025-11-24,67,0.82,15.2,6.63,5.5,False,Без удобрений,B
Кольраби,2026-05-17,83,0.8,9.1,6.09,13.1,True,Органическое,C
Цветная,2025-12-21,87,1.43,11.5,5.69,21.3,False,Без удобрений,C
Брюссельская,2025-05-17,97,0.86,4.6,6.28,19.4,False,Биоудобрение,A
Белокочанная,2024-06-24,107,3.86,16.5,6.71,14.1,False,Без удобрений,A
Белокочанная,2025-04-07,113,1.77,26.6,6.36,7.9,False,Биоудобрение,B
Савойская,2024-06-28,122,2.45,14.4,5.98,10.0,False,Органическое,A
Белокочанная,2025-02-03,107,2.64,20.1,5.77,18.3,False,Комплексное,B
Цветная,2025-03-17,88,1.4,13.2,6.63,10.1,True,Комплексное,C
Савойская,2024-12-20,133,1.09,21.8,6.0,11.9,False,Комплексное,A
Краснокочанная,2024-05-09,131,2.06,18.1,7.43,13.5,False,Органическое,B
Пекинская,2025-11-23,64,0.73,16.7,6.03,10.4,False,Органическое,A
Краснокочанная,2025-04-20,105,1.78,12.7,5.48,8.4,False,Минеральное,B
Брюссельская,2025-11-04,132,0.54,7.7,5.42,9.8,False,Комплексное,B
Брюссельская,2024-06-23,126,0.88,5.3,7.2,14.1,False,Комплексное,A
Белокочанная,2025-02-05,117,1.7,23.7,5.76,12.0,False,Минеральное,B
Савойская,2025-05-12,132,1.0,20.5,7.45,8.3,False,Комплексное,B
Белокочанная,2024-12-18,122,2.76,16.5,7.19,9.8,True,Органическое,C
Цветная,2026-03-17,81,1.0,16.2,5.74,15.7,True,Минеральное,D
Брокколи,2025-07-22,87,1.0,9.2,5.41,6.5,False,Минеральное,B
Брокколи,2024-07-18,81,0.51,14.0,6.61,5.5,False,Минеральное,B
Белокочанная,2024-06-23,107,2.86,19.2,5.32,10.0,False,Без удобрений,C
Краснокочанная,2025-09-05,124,1.96,24.0,6.63,11.3,False,Комплексное,A
Кольраби,2025-10-18,86,0.55,11.7,6.09,17.2,False,Комплексное,A
Краснокочанная,2025-10-28,141,2.49,19.0,5.32,15.7,False,Комплексное,B
Савойская,2025-01-01,124,1.01,16.6,6.47,15.1,False,Биоудобрение,A
Брюссельская,2025-01-31,100,0.87,5.5,7.15,14.8,False,Минеральное,B
Пекинская,2025-12-14,53,1.3,14.2,5.27,9.4,False,Минеральное,B
Краснокочанная,2024-12-07,141,2.75,23.2,7.47,12.7,False,Комплексное,A
Савойская,2024-06-16,126,1.83,13.7,6.27,9.6,True,Комплексное,C
Цветная,2026-04-02,119,2.21,15.8,6.41,13.0,False,Комплексное,A
Краснокочанная,2024-07-03,108,3.23,26.0,6.58,13.4,False,Комплексное,A
Цветная,2025-02-21,110,1.7,17.5,5.49,12.8,True,Минеральное,C
Цветная,2024-05-02,92,1.87,17.5,7.31,11.1,False,Без удобрений,B
Брокколи,2024-07-22,98,0.73,11.8,7.4,18.4,False,Минеральное,B
Белокочанная,2025-12-02,95,2.32,25.1,6.0,9.5,False,Биоудобрение,A
Цветная,2025-03-31,77,0.9,15.1,7.17,13.3,False,Органическое,A
Белокочанная,2026-01-05,102,2.9,18.9,5.52,10.0,False,Минеральное,B
Белокочанная,2025-02-15,95,3.34,23.7,7.39,11.6,False,Органическое,A
Кольраби,2025-01-26,81,0.99,6.8,6.72,14.4,False,Биоудобрение,A
Пекинская,2026-01-15,76,1.18,12.9,6.54,17.6,False,Органическое,A
Краснокочанная,2024-11-25,137,1.75,16.0,6.72,11.0,False,Минеральное,A
Белокочанная,2025-05-03,130,4.67,26.6,6.39,12.6,False,Комплексное,A
Брюссельская,2025-11-19,105,1.24,8.2,6.42,13.8,False,Органическое,B
Савойская,2025-07-16,132,2.84,23.6,5.5,12.7,False,Минеральное,A
Брюссельская,2026-05-04,123,1.21,6.4,6.93,14.3,False,Минеральное,A
Цветная,2025-08-07,87,0.93,19.7,5.73,13.4,False,Минеральное,A
Краснокочанная,2025-02-21,109,1.93,17.5,5.66,16.7,False,Органическое,C
Брюссельская,2024-05-09,112,0.79,4.5,6.77,16.9,False,Комплексное,A
Белокочанная,2024-04-27,103,1.58,17.8,6.9,7.7,False,Без удобрений,B
Краснокочанная,2024-04-30,109,2.84,19.9,6.69,12.2,False,Биоудобрение,A
Кольраби,2024-08-02,66,0.56,13.0,6.99,21.0,False,Органическое,B
Савойская,2024-12-22,104,0.95,19.5,5.23,16.0,False,Органическое,C
Брокколи,2025-08-21,85,0.98,17.1,6.24,11.9,False,Органическое,A
Белокочанная,2024-04-02,98,1.71,20.0,6.63,13.5,False,Минеральное,A
Белокочанная,2024-03-11,102,2.05,20.6,6.01,9.6,True,Минеральное,C
Кольраби,2024-10-08,69,0.3,7.3,6.68,18.7,True,Минеральное,C
Кольраби,2024-05-17,79,0.85,10.6,6.77,10.4,True,Комплексное,C
Краснокочанная,2025-07-21,102,1.93,17.0,5.47,16.6,False,Минеральное,B
Савойская,2024-10-17,104,1.04,16.6,7.02,11.1,False,Органическое,A
Брюссельская,2026-04-13,110,0.49,6.5,5.4,21.5,False,Без удобрений,C
Савойская,2025-03-20,101,1.41,15.5,6.68,13.7,False,Органическое,A
Брюссельская,2026-03-08,112,0.88,5.2,6.54,18.9,False,Органическое,A
Краснокочанная,2025-10-10,110,2.9,20.2,6.8,9.1,False,Комплексное,A
Брюссельская,2026-03-21,122,1.01,4.8,6.66,9.0,False,Минеральное,A
Белокочанная,2025-07-26,132,3.19,16.2,6.46,11.8,False,Органическое,A
Кольраби,2024-12-24,88,1.03,10.8,6.69,11.5,False,Без удобрений,B
Савойская,2024-09-19,123,2.52,13.3,7.09,16.2,False,Минеральное,B
Брокколи,2025-01-21,74,0.51,14.0,5.86,15.4,True,Без удобрений,C
Белокочанная,2025-03-03,92,2.52,17.7,7.37,15.7,False,Без удобрений,B
Брокколи,2025-06-08,97,1.62,11.3,5.77,13.3,False,Минеральное,A
Белокочанная,2025-10-15,107,1.89,21.1,7.49,15.3,False,Комплексное,B
Кольраби,2026-03-28,89,1.23,14.0,6.92,13.5,False,Органическое,A
Брокколи,2025-07-05,104,0.84,13.7,7.6,12.1,True,Минеральное,C
Краснокочанная,2026-03-11,124,1.08,18.0,7.2,14.6,True,Биоудобрение,C
Цветная,2025-07-27,116,0.66,15.5,5.54,6.5,True,Без удобрений,D
Цветная,2026-04-20,109,1.78,14.1,5.77,12.2,False,Биоудобрение,A
Брокколи,2025-05-17,61,1.54,16.1,6.26,12.6,False,Органическое,A
Савойская,2024-07-20,104,2.4,16.5,6.77,7.6,False,Биоудобрение,B
Краснокочанная,2025-07-22,140,3.0,18.7,5.83,12.0,False,Биоудобрение,A
Цветная,2025-06-09,85,1.33,13.7,5.24,12.3,True,Комплексное,C
Краснокочанная,2025-12-04,126,1.29,12.9,5.62,10.6,False,Органическое,B
Белокочанная,2024-11-26,119,1.83,16.8,6.22,14.7,False,Минеральное,A
Пекинская,2024-07-09,50,0.98,9.4,6.56,18.6,True,Без удобрений,C
Кольраби,2026-03-24,71,0.61,11.7,6.23,13.0,False,Биоудобрение,A
Савойская,2024-07-26,98,1.03,13.7,7.55,10.5,False,Минеральное,B
Пекинская,2026-03-20,50,1.13,13.4,5.94,14.7,False,Биоудобрение,B
Краснокочанная,2026-04-07,100,2.34,22.5,6.83,15.7,False,Минеральное,B
Цветная,2026-02-14,109,1.62,18.2,7.08,20.5,False,Без удобрений,C
Брюссельская,2026-05-19,130,0.53,4.0,6.7,5.6,False,Минеральное,B
Брюссельская,2025-07-26,111,0.79,4.4,6.56,23.8,True,Органическое,D
Брокколи,2025-09-12,78,1.12,16.3,5.57,14.3,False,Минеральное,B
Савойская,2024-03-18,104,1.12,19.5,7.53,11.3,False,Комплексное,B
Краснокочанная,2025-08-26,123,2.55,22.7,5.55,13.0,False,Органическое,A
Савойская,2026-03-12,123,1.18,19.5,5.36,7.7,False,Без удобрений,C
Краснокочанная,2024-04-14,118,1.2,19.6,5.64,17.4,False,Комплексное,A
Брокколи,2024-04-22,95,0.55,15.0,5.95,12.8,True,Биоудобрение,C
Белокочанная,2024-04-29,132,2.2,21.0,5.69,18.7,True,Минеральное,D
Брюссельская,2024-04-03,98,0.82,5.8,7.45,15.2,False,Без удобрений,B
Брокколи,2024-04-16,82,1.26,14.2,7.07,17.5,False,Биоудобрение,A
Брюссельская,2024-06-09,113,1.21,7.5,6.6,10.6,False,Минеральное,A
Цветная,2024-10-15,103,1.86,19.4,6.01,14.0,False,Органическое,A
Савойская,2026-05-08,101,1.83,20.0,6.32,13.4,False,Биоудобрение,A
Кольраби,2024-08-06,81,0.46,9.7,5.51,14.6,False,Комплексное,A
Цветная,2024-10-19,88,1.51,15.0,5.3,16.7,True,Биоудобрение,D
Цветная,2026-05-13,116,1.87,12.0,6.04,16.2,True,Комплексное,C
Брокколи,2024-09-07,104,0.97,11.6,5.59,14.8,True,Биоудобрение,D
Брокколи,2026-01-12,99,1.2,11.7,6.33,9.7,False,Без удобрений,A
Цветная,2026-02-12,96,2.25,19.7,7.0,14.6,False,Комплексное,A
Белокочанная,2024-10-09,107,3.52,15.4,5.67,22.1,False,Минеральное,B
Краснокочанная,2025-11-25,104,1.84,14.6,6.49,13.4,False,Органическое,A
Краснокочанная,2026-06-12,131,1.72,15.0,5.24,13.8,True,Биоудобрение,D
Брокколи,2026-02-14,81,0.7,14.6,5.9,12.3,False,Биоудобрение,B
Краснокочанная,2026-04-19,137,2.6,22.3,5.86,9.9,False,Минеральное,B
Цветная,2025-01-23,98,1.78,13.5,6.99,14.7,False,Без удобрений,B
Цветная,2026-04-23,110,0.86,18.2,6.55,9.3,False,Минеральное,A
Брокколи,2024-03-20,79,0.89,13.6,5.57,14.0,False,Биоудобрение,B
Кольраби,2024-06-13,74,0.93,9.9,5.27,15.2,False,Минеральное,A
Кольраби,2026-01-10,56,0.93,12.3,6.93,14.0,False,Органическое,A
Брюссельская,2025-07-29,102,0.66,7.5,7.23,11.4,False,Органическое,B
Савойская,2025-06-05,116,0.99,15.9,5.65,9.6,True,Минеральное,D
Савойская,2025-07-03,132,2.47,15.8,7.47,17.0,False,Органическое,C
Савойская,2024-10-10,97,2.06,17.3,7.34,8.7,False,Без удобрений,B
Пекинская,2024-08-28,49,1.19,14.3,5.34,11.0,False,Без удобрений,B
Пекинская,2025-10-13,61,1.52,11.9,6.2,20.5,False,Минеральное,A
Брокколи,2025-06-05,85,0.66,13.5,5.34,7.7,False,Комплексное,B
Белокочанная,2024-11-03,115,3.54,15.3,7.19,10.8,False,Органическое,B
Савойская,2024-08-27,120,2.22,19.4,7.46,14.1,False,Комплексное,A
Краснокочанная,2025-05-08,120,1.73,18.8,5.59,13.4,False,Минеральное,B
Цветная,2024-08-27,87,0.81,19.1,7.46,18.1,True,Минеральное,D
Белокочанная,2024-06-06,96,1.59,20.6,7.59,15.0,False,Минеральное,B
Белокочанная,2024-10-08,111,2.96,24.2,7.13,20.9,False,Комплексное,B
Савойская,2025-04-28,102,2.44,17.8,7.2,16.6,False,Органическое,A
Брокколи,2024-11-03,82,0.76,11.4,7.4,15.8,False,Комплексное,B
Цветная,2024-06-20,122,1.27,16.9,6.88,14.1,True,Комплексное,B
Краснокочанная,2025-04-01,104,1.4,18.0,5.73,11.1,False,Комплексное,B
Цветная,2024-08-23,101,1.2,18.5,6.29,15.9,False,Органическое,A
Белокочанная,2025-07-31,114,2.93,22.4,7.26,6.2,False,Минеральное,B
Белокочанная,2026-01-11,100,1.72,15.2,6.92,21.1,False,Минеральное,A
Брюссельская,2026-06-12,105,0.47,4.0,5.77,16.0,False,Без удобрений,B
Савойская,2024-03-07,122,1.22,21.5,7.5,13.0,True,Минеральное,C
Пекинская,2025-02-09,81,1.34,15.0,5.88,14.7,True,Комплексное,C
Пекинская,2026-04-13,55,1.45,10.2,7.06,13.8,False,Минеральное,A
Пекинская,2024-07-04,50,1.08,11.4,5.5,16.1,False,Органическое,B
Савойская,2024-04-27,116,1.88,15.2,5.48,13.2,False,Минеральное,A
Савойская,2025-10-31,134,2.74,14.6,7.06,12.8,False,Минеральное,A
Краснокочанная,2026-02-18,118,2.14,14.9,5.75,10.1,False,Биоудобрение,B
Брокколи,2024-11-13,71,0.82,15.9,6.12,14.8,True,Комплексное,C
Савойская,2026-01-05,107,1.19,13.9,6.98,9.9,False,Органическое,B
Цветная,2025-02-27,113,0.76,12.4,5.22,15.3,False,Без удобрений,C
Кольраби,2025-07-10,80,0.77,8.6,7.4,10.9,False,Биоудобрение,B
Пекинская,2026-02-24,52,1.38,14.6,7.16,8.8,False,Минеральное,B
Кольраби,2025-07-18,73,0.87,9.9,5.3,9.1,False,Биоудобрение,B
Краснокочанная,2025-03-02,119,3.32,15.9,7.29,15.3,False,Минеральное,B
Цветная,2026-03-23,118,1.22,19.5,6.47,15.3,True,Комплексное,B
Белокочанная,2026-03-28,109,4.28,25.4,6.42,11.3,False,Органическое,A
Цветная,2024-05-22,74,1.56,16.0,7.09,9.0,True,Комплексное,C
Брокколи,2024-08-20,76,1.37,16.3,7.02,17.3,False,Органическое,B
Савойская,2024-11-07,101,1.31,16.2,7.41,17.4,True,Без удобрений,D
Кольраби,2024-04-10,60,0.97,8.4,5.52,10.5,False,Органическое,B
Брюссельская,2025-12-23,133,0.45,5.1,5.29,11.9,True,Комплексное,D
Савойская,2024-08-12,95,2.09,17.7,5.91,11.3,False,Минеральное,A
Кольраби,2025-07-11,85,0.94,7.0,6.78,11.6,True,Комплексное,B
Брокколи,2024-12-14,79,0.71,9.4,5.72,3.7,True,Минеральное,D
Брокколи,2026-01-04,88,0.62,15.1,5.55,13.3,False,Биоудобрение,A
Краснокочанная,2025-05-20,118,1.25,20.4,5.92,18.9,False,Органическое,B
Брокколи,2025-08-18,73,1.23,15.5,6.07,21.1,False,Минеральное,B
Брюссельская,2025-05-13,95,0.96,6.7,7.14,5.2,True,Минеральное,D
Пекинская,2024-08-24,64,0.92,11.0,5.92,16.4,False,Органическое,A
Брюссельская,2025-02-17,118,0.91,9.3,6.23,11.7,False,Минеральное,A
Цветная,2026-04-03,115,1.26,12.8,5.74,14.2,False,Без удобрений,B
Краснокочанная,2025-12-29,143,2.94,16.9,5.23,18.2,False,Комплексное,B
Брокколи,2026-03-14,101,1.11,13.2,5.87,10.7,True,Комплексное,B
Белокочанная,2025-01-07,126,3.32,19.0,6.37,10.5,True,Органическое,C
Брокколи,2026-03-16,86,0.79,14.0,6.1,8.8,False,Комплексное,A
Брокколи,2026-04-13,80,1.15,9.0,5.76,6.1,False,Без удобрений,C
Белокочанная,2024-05-01,141,2.23,16.3,5.56,6.9,False,Без удобрений,C
Брокколи,2024-03-21,62,0.63,11.1,5.9,13.4,False,Без удобрений,A
Пекинская,2024-10-03,78,1.28,16.6,5.26,8.7,False,Комплексное,B
Савойская,2026-03-23,101,1.9,20.3,5.64,6.3,False,Комплексное,B
Брокколи,2025-01-31,91,1.13,14.3,5.72,13.4,False,Без удобрений,C
Савойская,2026-02-12,96,2.41,15.8,6.44,7.3,False,Биоудобрение,B
Белокочанная,2026-01-16,110,2.88,20.4,6.73,11.0,True,Минеральное,C
Брокколи,2026-01-29,64,0.86,10.4,6.94,16.9,False,Без удобрений,B
Белокочанная,2025-06-29,130,1.68,28.1,5.66,14.9,False,Минеральное,B
Кольраби,2024-07-01,69,0.73,9.4,6.55,9.9,False,Органическое,A
Брокколи,2025-01-10,101,0.9,17.9,6.67,15.5,True,Органическое,B
Пекинская,2025-01-29,75,0.89,14.1,5.93,18.4,True,Органическое,C
Цветная,2025-09-03,87,1.17,20.7,6.25,16.1,False,Органическое,A
Пекинская,2026-06-10,77,1.38,10.5,5.33,17.9,False,Комплексное,B
Белокочанная,2025-03-31,131,2.61,24.6,6.72,16.0,False,Без удобрений,B
Краснокочанная,2025-03-24,141,2.35,17.9,6.76,12.9,False,Комплексное,A
Белокочанная,2024-06-26,118,3.4,15.9,6.34,23.2,False,Органическое,B
Краснокочанная,2025-06-09,143,2.85,16.5,5.58,14.4,False,Минеральное,B
Белокочанная,2026-01-06,127,1.79,20.4,7.24,8.3,False,Биоудобрение,B
Брокколи,2025-09-04,87,1.27,10.2,5.21,18.6,False,Биоудобрение,C
Белокочанная,2025-09-22,133,3.64,15.8,5.28,13.5,False,Минеральное,B
Брюссельская,2024-12-13,106,0.7,6.3,5.85,10.5,False,Органическое,A
Белокочанная,2024-05-23,110,1.84,26.3,5.63,12.7,False,Комплексное,B
Краснокочанная,2024-08-07,138,2.06,20.1,7.5,10.1,False,Биоудобрение,B
Брокколи,2025-12-25,68,1.28,16.7,7.03,22.0,False,Минеральное,B
Пекинская,2026-02-14,68,1.57,11.9,7.03,12.8,False,Комплексное,A
Брокколи,2026-02-17,100,0.8,12.3,5.85,16.4,True,Органическое,D
Брокколи,2025-04-25,91,1.2,15.2,5.57,13.7,False,Минеральное,A
Краснокочанная,2024-07-11,142,2.97,14.8,6.09,10.3,False,Комплексное,A
Брокколи,2024-09-05,70,1.26,16.0,5.6,8.3,True,Минеральное,C
Пекинская,2025-02-17,54,1.29,15.1,6.1,21.7,False,Комплексное,B
Пекинская,2024-10-07,74,1.38,13.6,5.97,8.7,False,Минеральное,B
Брокколи,2024-03-13,80,1.21,15.2,5.92,13.1,True,Биоудобрение,B
Пекинская,2026-04-22,53,0.75,8.7,6.64,14.2,True,Без удобрений,C
Брокколи,2024-07-29,75,1.54,18.0,7.22,11.5,False,Органическое,B
Пекинская,2025-01-02,81,1.13,9.5,5.48,15.1,False,Органическое,A
Цветная,2026-01-17,70,1.27,20.4,6.12,16.8,False,Органическое,A
Савойская,2024-10-26,133,3.02,14.9,6.01,13.6,False,Минеральное,A
Брокколи,2024-07-07,64,1.0,15.2,7.4,3.0,False,Биоудобрение,C
Белокочанная,2024-05-27,120,1.47,20.5,6.34,9.3,True,Комплексное,B
Савойская,2026-04-15,95,1.45,20.4,7.03,17.9,False,Комплексное,B
Савойская,2025-01-20,121,1.07,13.2,5.74,15.4,False,Органическое,B
Савойская,2024-05-15,106,2.94,16.0,6.39,14.4,False,Комплексное,A
Краснокочанная,2025-10-26,116,2.17,20.5,5.68,10.3,True,Органическое,C
Брюссельская,2025-09-15,128,0.66,4.5,6.66,13.9,True,Комплексное,C
Белокочанная,2026-02-07,121,2.78,25.5,7.21,11.6,False,Без удобрений,B
Цветная,2024-05-31,75,1.37,15.5,6.36,13.4,False,Минеральное,A
Краснокочанная,2025-09-23,147,2.48,14.8,7.11,9.3,False,Без удобрений,B
Брокколи,2026-01-15,90,0.51,13.4,6.08,11.4,False,Комплексное,A
Белокочанная,2026-03-05,138,1.88,23.0,5.95,14.6,False,Без удобрений,B
Краснокочанная,2026-06-02,147,2.77,17.1,6.5,10.8,False,Органическое,A
Брокколи,2026-01-30,100,0.35,11.8,7.48,8.7,True,Минеральное,D
Краснокочанная,2025-03-27,121,2.42,14.2,5.88,8.0,False,Комплексное,A
Кольраби,2025-01-02,82,0.67,9.7,5.83,21.7,False,Комплексное,B
Белокочанная,2025-11-01,126,3.54,25.1,5.6,19.3,False,Комплексное,B
Пекинская,2024-05-20,53,0.9,10.7,5.42,9.3,False,Минеральное,C
Савойская,2026-05-29,113,3.04,21.0,6.16,13.8,False,Минеральное,A
Белокочанная,2025-01-16,114,3.2,18.2,5.74,18.0,False,Биоудобрение,B
Белокочанная,2025-08-27,118,3.78,19.2,6.83,12.1,False,Органическое,A
Цветная,2026-03-17,97,0.93,16.4,5.79,11.9,False,Минеральное,A
Брокколи,2024-03-03,79,0.54,14.3,6.07,15.2,False,Комплексное,A
Белокочанная,2024-10-08,106,1.26,16.6,7.38,11.7,False,Без удобрений,B
Белокочанная,2024-07-11,90,2.96,21.3,6.95,14.3,False,Органическое,A
Белокочанная,2025-10-28,115,1.37,19.8,5.48,16.7,False,Без удобрений,B
Кольраби,2026-04-15,66,0.91,6.3,6.09,7.7,False,Без удобрений,B
Белокочанная,2024-07-15,133,2.09,22.6,7.27,4.3,False,Биоудобрение,B
Савойская,2024-04-14,116,1.41,14.8,5.97,12.8,False,Органическое,B
Краснокочанная,2026-03-06,118,2.73,18.5,6.52,8.7,False,Органическое,A
Цветная,2024-07-31,87,2.36,16.4,5.5,12.0,False,Минеральное,B
Брюссельская,2025-09-06,116,1.14,5.7,6.22,9.8,False,Органическое,A
Краснокочанная,2025-03-10,128,1.51,19.4,6.41,16.8,False,Без удобрений,B
Краснокочанная,2025-01-18,120,1.49,13.9,6.22,10.5,True,Органическое,B
Брюссельская,2024-04-27,110,0.81,7.2,6.9,19.4,False,Без удобрений,B
Кольраби,2024-07-05,89,0.74,14.7,6.57,12.4,False,Комплексное,A
Брокколи,2025-10-16,81,1.27,14.0,5.72,9.0,False,Органическое,A
Брокколи,2025-09-12,92,1.28,16.1,7.49,9.8,False,Биоудобрение,B
Белокочанная,2026-06-04,105,1.98,26.3,6.74,10.8,False,Минеральное,A
Кольраби,2024-10-04,57,0.4,10.0,7.09,16.5,False,Органическое,A
Савойская,2026-06-14,106,1.57,18.3,6.15,16.4,False,Комплексное,B
Савойская,2024-10-16,110,0.8,11.9,6.93,16.9,True,Органическое,D
Брокколи,2025-11-22,80,1.08,9.9,5.65,13.2,False,Органическое,B
Белокочанная,2026-05-28,138,1.93,25.2,6.81,11.3,True,Комплексное,B
Цветная,2025-05-21,71,0.84,22.3,6.56,11.8,False,Органическое,A
Пекинская,2026-01-19,55,1.18,14.1,5.57,13.6,False,Комплексное,B
Брокколи,2026-03-14,90,0.41,16.5,6.41,22.6,False,Органическое,B
Белокочанная,2024-10-30,113,1.46,15.0,6.11,18.4,True,Минеральное,C
Кольраби,2026-05-20,82,0.61,11.1,6.9,12.7,False,Без удобрений,B
Брокколи,2024-07-20,62,0.74,13.2,6.09,19.9,False,Органическое,B
Цветная,2025-12-10,97,1.86,14.1,7.23,14.5,False,Органическое,B
Кольраби,2025-12-22,86,0.93,12.8,6.61,20.2,False,Комплексное,A
Краснокочанная,2024-11-19,120,3.06,14.8,6.64,11.8,False,Комплексное,A
Пекинская,2024-07-25,59,1.81,11.1,7.18,13.7,False,Органическое,B
Савойская,2026-03-06,101,1.49,14.8,6.52,10.6,False,Без удобрений,B
Белокочанная,2024-03-05,100,1.82,17.0,6.88,14.8,False,Биоудобрение,A
Брюссельская,2025-07-23,123,0.79,6.4,5.92,17.3,True,Минеральное,D
Савойская,2024-07-10,130,2.47,14.6,5.69,8.0,False,Органическое,B
Краснокочанная,2026-03-19,148,3.42,20.8,5.68,12.1,False,Органическое,B
Брокколи,2024-03-26,84,0.67,15.2,7.01,11.1,False,Органическое,A
Кольраби,2024-08-05,65,0.6,9.0,5.68,13.4,False,Минеральное,B
Цветная,2025-02-28,102,1.75,16.6,7.36,12.3,False,Органическое,B
Цветная,2025-07-19,70,0.8,17.6,6.04,15.5,False,Органическое,A
Брокколи,2026-06-06,82,0.76,10.5,6.47,17.1,False,Минеральное,A
Брюссельская,2024-11-22,105,0.42,4.9,5.36,7.5,False,Без удобрений,C
Пекинская,2025-01-20,71,0.73,16.6,7.17,17.4,False,Биоудобрение,B
Савойская,2024-10-04,98,1.94,22.3,6.43,10.9,False,Органическое,A
Брюссельская,2026-04-04,97,1.11,6.3,5.37,12.4,False,Минеральное,A
Кольраби,2024-07-17,80,0.76,10.8,7.22,11.8,False,Органическое,A
Кольраби,2024-09-26,55,0.79,9.9,6.05,13.8,False,Биоудобрение,B
Брюссельская,2026-01-23,120,0.28,6.0,5.25,9.1,False,Без удобрений,B
Белокочанная,2026-05-30,112,2.79,21.0,5.76,20.4,False,Комплексное,B
Брюссельская,2024-08-05,127,0.68,5.5,5.3,18.4,False,Минеральное,B
Брюссельская,2024-05-08,100,0.61,6.1,6.43,10.2,False,Минеральное,A
Цветная,2026-05-15,106,1.45,13.5,6.74,17.3,False,Органическое,B
Брокколи,2024-04-01,70,1.02,18.0,6.97,9.8,False,Комплексное,A
Краснокочанная,2025-05-29,142,2.67,14.3,5.66,17.1,False,Органическое,B
Краснокочанная,2025-06-23,121,2.49,19.2,6.5,17.1,False,Комплексное,A
Брокколи,2024-08-04,100,0.97,14.4,5.77,10.8,False,Без удобрений,B
Пекинская,2025-06-26,72,1.11,12.4,6.83,12.0,False,Комплексное,A
Кольраби,2024-04-26,71,0.32,11.4,6.81,6.1,False,Минеральное,B
Пекинская,2025-10-29,47,1.61,14.4,6.46,21.2,False,Комплексное,A
Краснокочанная,2025-01-23,148,2.55,17.5,6.39,17.9,False,Биоудобрение,A
Брюссельская,2025-09-15,120,0.75,4.7,6.43,8.9,False,Биоудобрение,A
Савойская,2024-06-26,102,1.77,21.9,7.45,14.2,False,Органическое,B
Брокколи,2026-01-01,91,0.39,12.4,7.08,18.6,False,Без удобрений,B
Белокочанная,2024-06-30,102,2.23,20.7,5.31,10.6,False,Минеральное,B
Брокколи,2026-01-07,86,0.97,13.8,5.93,20.4,False,Органическое,C
Пекинская,2024-09-12,51,1.66,17.2,6.01,12.8,False,Органическое,A
Краснокочанная,2025-01-25,102,1.86,20.3,5.99,8.9,False,Минеральное,B
Пекинская,2025-08-11,79,0.8,16.6,5.86,14.4,False,Биоудобрение,B
Кольраби,2024-04-22,75,1.02,8.1,6.76,11.0,False,Биоудобрение,B
Цветная,2025-12-03,107,1.8,21.1,7.0,15.9,False,Комплексное,B
Белокочанная,2024-07-24,123,1.95,19.0,5.76,20.1,False,Органическое,B
Белокочанная,2026-04-19,93,1.39,16.2,7.58,14.8,False,Биоудобрение,B
Пекинская,2026-04-16,68,1.16,17.0,6.4,8.8,False,Биоудобрение,B
Савойская,2026-01-08,97,1.22,21.7,6.25,16.2,False,Комплексное,A
Брюссельская,2025-12-18,115,0.45,5.5,5.59,14.2,False,Минеральное,B
Брокколи,2026-05-26,90,1.29,12.7,6.13,21.3,False,Комплексное,B
Цветная,2025-09-09,109,0.79,11.0,5.88,17.9,False,Биоудобрение,B
Савойская,2024-08-17,116,2.66,13.9,5.38,10.9,False,Комплексное,B
Брюссельская,2026-01-13,103,1.11,8.5,6.35,12.6,False,Комплексное,A
Савойская,2025-10-27,110,2.57,20.2,7.14,16.1,False,Комплексное,B
Цветная,2026-04-07,108,2.02,14.8,5.27,12.2,False,Органическое,B
Брокколи,2025-04-30,75,0.95,17.6,6.19,13.2,False,Комплексное,A
Савойская,2024-07-15,108,1.99,22.0,6.83,16.1,False,Без удобрений,B
Кольраби,2025-03-02,64,0.68,7.7,6.68,17.5,False,Без удобрений,B
Белокочанная,2025-11-22,121,3.1,18.5,5.59,13.2,True,Органическое,B
Брокколи,2026-06-12,67,1.05,17.3,5.33,10.1,False,Минеральное,B
Брокколи,2025-11-18,88,0.98,17.7,6.72,8.8,False,Минеральное,A
Белокочанная,2024-03-27,102,3.0,18.3,5.72,17.5,False,Органическое,B
Пекинская,2026-05-10,77,0.73,13.6,7.52,14.7,False,Минеральное,C
Брюссельская,2025-06-24,95,0.74,6.0,7.01,14.4,False,Органическое,A
Цветная,2024-06-04,92,1.08,12.4,5.47,11.2,False,Минеральное,B
Цветная,2024-12-18,119,1.13,12.8,5.79,8.7,True,Органическое,C
Кольраби,2024-11-05,75,0.42,8.0,5.41,13.5,True,Без удобрений,D
Белокочанная,2025-07-11,134,2.21,18.3,7.12,16.9,True,Комплексное,C
Белокочанная,2025-04-21,132,2.26,27.2,6.74,12.8,False,Комплексное,A
Брюссельская,2024-08-31,105,1.04,5.5,6.9,14.4,True,Органическое,B
Цветная,2026-02-11,83,0.91,11.4,5.25,9.5,True,Комплексное,C
Краснокочанная,2025-01-17,132,1.41,12.8,5.38,10.7,True,Без удобрений,D
Савойская,2024-07-17,133,1.15,20.2,7.25,12.8,False,Комплексное,A
Белокочанная,2024-06-06,105,1.7,15.8,7.51,12.5,False,Без удобрений,C
Пекинская,2025-12-18,56,0.87,15.0,5.62,14.6,False,Комплексное,A
Брюссельская,2025-02-05,131,0.75,7.8,5.5,11.4,False,Комплексное,A
Брокколи,2025-05-14,76,1.0,14.1,5.66,13.6,False,Биоудобрение,A
Пекинская,2024-12-09,63,0.77,14.5,6.79,7.7,True,Минеральное,C
Брокколи,2025-04-18,84,1.6,13.6,6.09,9.2,False,Комплексное,A
Белокочанная,2025-11-25,106,2.07,23.5,7.4,11.4,False,Биоудобрение,B
Кольраби,2026-05-06,71,0.56,10.5,7.58,12.1,False,Органическое,A
Брокколи,2024-07-09,69,0.85,19.3,7.03,16.8,False,Комплексное,B
Кольраби,2025-10-28,87,0.84,9.9,5.56,16.6,True,Минеральное,C
Брюссельская,2024-10-04,128,0.39,7.6,7.46,11.8,False,Минеральное,A
Брюссельская,2025-10-01,94,0.77,6.0,6.33,9.4,False,Комплексное,A
Краснокочанная,2024-06-12,115,1.04,20.3,6.14,14.2,False,Без удобрений,B
Кольраби,2026-02-06,88,0.85,11.2,5.6,13.2,True,Минеральное,C
Савойская,2025-03-31,120,2.32,19.8,6.96,11.2,False,Биоудобрение,A
Брокколи,2024-09-05,70,0.99,16.9,5.98,12.6,False,Комплексное,A
Пекинская,2025-11-03,66,0.52,11.9,5.46,19.0,False,Минеральное,B
Краснокочанная,2026-01-13,131,1.29,16.0,5.46,9.1,False,Органическое,C
Пекинская,2024-10-10,67,1.31,13.5,5.99,12.2,False,Без удобрений,B
Пекинская,2025-10-03,59,0.98,12.4,6.64,12.9,False,Органическое,A
Кольраби,2026-01-02,89,0.95,8.8,7.12,16.1,False,Органическое,B
Брокколи,2025-07-19,85,0.35,10.4,6.64,25.4,False,Без удобрений,C
Краснокочанная,2026-04-30,105,1.36,19.0,5.26,16.4,False,Биоудобрение,C
Краснокочанная,2025-04-18,108,1.33,13.3,7.4,19.6,True,Комплексное,D
Брюссельская,2025-07-27,94,0.53,4.8,7.35,16.1,False,Органическое,B
Краснокочанная,2025-07-11,106,1.93,19.5,7.21,14.6,False,Минеральное,B
Кольраби,2024-06-27,57,1.03,8.8,5.69,17.1,False,Органическое,B
Савойская,2025-08-16,128,2.15,15.5,6.53,11.1,True,Комплексное,B
Краснокочанная,2026-05-01,126,1.77,17.4,7.43,14.0,False,Минеральное,A
Краснокочанная,2024-04-08,112,1.93,20.5,7.4,7.5,True,Биоудобрение,D
Краснокочанная,2025-02-20,125,0.91,17.2,5.88,19.0,True,Органическое,C
Брокколи,2024-05-08,95,1.09,17.1,6.18,12.9,True,Органическое,B
Брюссельская,2025-07-12,129,0.64,6.2,6.93,18.8,False,Минеральное,B
Брюссельская,2025-08-01,131,1.09,6.6,6.57,15.7,True,Минеральное,C
Брокколи,2024-09-30,92,0.99,9.4,6.08,13.6,True,Биоудобрение,C
Цветная,2025-04-19,75,1.41,22.1,6.08,12.5,False,Комплексное,A
Пекинская,2024-03-06,63,0.57,15.1,7.57,8.8,False,Комплексное,B
Белокочанная,2024-03-04,109,3.06,20.5,7.52,17.1,False,Без удобрений,C
Савойская,2024-03-08,109,0.95,13.0,6.33,15.3,True,Органическое,B
Савойская,2024-12-16,140,1.45,13.5,5.23,12.4,True,Органическое,C
Брюссельская,2025-06-07,105,0.79,4.3,6.65,15.9,False,Комплексное,A
Пекинская,2025-01-21,59,1.35,7.8,7.52,21.6,True,Комплексное,D
Цветная,2025-07-15,104,0.68,10.6,6.54,19.5,False,Без удобрений,B
Брюссельская,2026-02-28,124,1.15,4.3,7.46,13.1,False,Комплексное,A
Брокколи,2026-05-29,92,1.3,18.9,6.29,12.4,False,Органическое,A
Цветная,2025-07-23,105,1.19,15.5,7.56,7.1,True,Биоудобрение,D
Кольраби,2024-11-12,77,0.93,10.4,7.43,19.1,False,Минеральное,C
Цветная,2025-10-28,117,0.87,16.8,6.57,12.7,False,Органическое,A
Белокочанная,2026-02-05,114,1.51,14.8,5.92,16.8,False,Минеральное,B
Пекинская,2025-06-07,77,0.83,14.5,7.01,7.2,True,Органическое,C
Брюссельская,2025-10-23,103,0.8,5.7,7.36,16.5,False,Минеральное,B
Брокколи,2024-12-28,60,0.94,14.4,5.85,5.6,False,Органическое,B
Брюссельская,2024-08-26,99,0.58,7.3,5.71,6.2,False,Минеральное,B
Брокколи,2025-11-05,63,0.86,16.5,5.46,9.6,False,Биоудобрение,B
Савойская,2024-12-10,106,2.0,15.9,5.59,10.2,False,Органическое,B
Пекинская,2024-05-24,62,0.54,14.9,5.97,5.9,False,Органическое,B
Краснокочанная,2025-05-28,103,1.53,16.9,5.58,3.2,False,Комплексное,B
Краснокочанная,2025-03-03,100,1.9,23.5,6.84,5.8,False,Органическое,B
Пекинская,2024-07-03,68,0.56,10.9,7.21,9.0,False,Комплексное,B
Белокочанная,2024-06-17,121,1.63,14.9,6.58,11.3,False,Минеральное,A
Цветная,2025-05-15,89,1.81,11.6,5.44,17.7,False,Комплексное,A
Брюссельская,2024-03-03,108,1.11,5.2,6.95,8.1,False,Органическое,B
Пекинская,2024-05-24,51,0.88,11.9,7.51,10.4,False,Минеральное,B
Пекинская,2025-05-29,54,1.8,14.2,5.23,12.7,False,Органическое,B
Брокколи,2026-02-27,86,0.56,10.0,6.23,15.3,False,Биоудобрение,A
Цветная,2025-07-02,78,1.03,18.1,6.51,11.7,False,Без удобрений,A
Кольраби,2024-03-25,64,0.45,10.1,6.13,15.6,False,Органическое,B
Краснокочанная,2024-07-20,114,2.94,13.7,6.11,8.8,False,Минеральное,B
Брюссельская,2024-09-14,108,0.81,5.6,5.25,19.5,False,Органическое,C
Пекинская,2026-02-18,77,1.74,13.9,6.87,13.8,False,Комплексное,A
Брюссельская,2024-06-14,94,1.08,5.3,6.38,6.2,False,Органическое,B
Белокочанная,2024-06-05,102,3.19,19.2,5.44,11.7,False,Комплексное,A
Пекинская,2025-03-13,62,1.69,16.6,5.35,14.6,False,Биоудобрение,B
Брокколи,2025-01-16,94,0.74,13.8,7.43,9.6,False,Минеральное,B
Брюссельская,2026-02-24,116,0.9,8.4,6.08,15.5,False,Органическое,A
Цветная,2024-06-21,98,1.94,13.6,5.54,9.2,False,Комплексное,B
Белокочанная,2025-11-19,94,1.94,17.3,6.26,13.5,False,Комплексное,A
Цветная,2024-03-05,115,2.32,17.9,5.65,13.8,False,Минеральное,B
Цветная,2025-07-18,88,1.61,11.3,6.94,5.0,False,Комплексное,B
Савойская,2024-06-04,110,1.22,18.8,5.9,5.8,False,Биоудобрение,B
Брюссельская,2025-01-19,118,0.52,6.8,5.35,17.1,False,Минеральное,B
Брокколи,2024-09-22,66,1.42,15.8,5.21,15.0,False,Органическое,B
Брюссельская,2024-07-08,103,0.82,5.8,6.13,12.8,False,Органическое,A
Савойская,2026-02-06,119,1.01,17.3,6.5,7.7,False,Комплексное,A
Брюссельская,2025-05-20,108,0.83,7.5,7.3,12.3,False,Биоудобрение,B
Брюссельская,2025-11-27,90,0.41,7.6,6.09,18.9,False,Минеральное,B
Цветная,2026-05-15,74,1.08,17.2,7.36,11.2,False,Минеральное,B
Белокочанная,2024-12-18,115,1.92,18.1,5.81,16.0,False,Без удобрений,B
Цветная,2024-09-12,99,1.28,17.8,6.45,11.2,False,Минеральное,A
Белокочанная,2024-06-14,120,2.53,13.4,7.41,9.5,False,Без удобрений,C
Савойская,2025-06-17,108,1.78,14.5,7.1,10.8,False,Комплексное,B
Брокколи,2025-05-09,90,0.78,12.6,7.55,8.8,True,Минеральное,D
Пекинская,2024-08-11,79,0.73,10.5,6.19,11.8,False,Без удобрений,B
Цветная,2025-05-07,85,1.74,17.1,5.99,11.6,False,Биоудобрение,B
Савойская,2025-04-02,130,1.04,19.7,6.16,15.8,False,Минеральное,A
Брокколи,2025-05-13,60,0.68,16.1,6.52,10.8,False,Комплексное,A
Кольраби,2024-08-31,75,0.35,8.7,6.35,9.0,False,Органическое,A
Цветная,2024-07-07,109,1.25,12.0,7.3,10.7,True,Органическое,C
Кольраби,2024-07-07,66,1.02,12.3,7.33,16.1,False,Органическое,B
Краснокочанная,2024-07-02,146,1.68,16.1,7.31,10.8,True,Комплексное,C
Белокочанная,2025-05-28,104,1.64,21.8,7.38,13.8,True,Комплексное,C
Белокочанная,2025-02-21,96,3.29,24.5,6.97,5.6,False,Биоудобрение,B
Краснокочанная,2026-01-24,122,3.06,18.3,6.59,11.7,False,Комплексное,A
Брокколи,2025-08-19,88,0.57,17.7,7.25,15.4,True,Комплексное,B
Брокколи,2026-01-28,68,1.65,15.3,6.91,14.5,False,Комплексное,A
Белокочанная,2025-06-13,100,1.9,20.4,5.25,11.4,False,Без удобрений,C
Цветная,2024-04-08,96,0.72,16.6,6.99,14.2,False,Биоудобрение,A
Пекинская,2026-01-15,58,0.82,11.3,5.83,9.4,False,Минеральное,B
Кольраби,2024-05-31,71,0.54,12.9,6.64,17.1,False,Без удобрений,A
Брокколи,2024-12-16,91,1.17,16.3,6.83,13.1,False,Без удобрений,A
Савойская,2025-01-12,126,1.98,15.2,6.14,9.1,False,Органическое,A
Савойская,2024-03-22,96,1.69,19.7,6.51,12.1,False,Минеральное,A
Пекинская,2024-07-25,57,1.47,10.9,6.39,20.5,False,Без удобрений,B
Пекинская,2025-03-26,48,0.54,9.8,6.64,13.7,False,Без удобрений,B
Пекинская,2024-05-07,79,1.8,11.3,6.53,6.6,False,Органическое,B
Цветная,2026-02-14,111,1.66,18.5,7.48,17.6,False,Комплексное,B
Пекинская,2025-12-09,46,1.18,15.3,6.26,10.3,False,Органическое,A
Брокколи,2025-08-15,79,1.38,17.9,5.36,17.8,False,Комплексное,C
Пекинская,2024-05-15,60,1.33,15.6,7.58,14.1,False,Комплексное,B
Кольраби,2024-09-24,66,0.77,6.8,6.65,10.6,True,Минеральное,C
Брокколи,2026-03-22,92,0.84,15.9,7.27,9.0,True,Комплексное,D
Савойская,2026-01-03,128,2.65,21.4,6.47,14.0,False,Минеральное,A
Брокколи,2026-05-04,91,0.8,12.1,7.08,17.8,True,Органическое,C
Пекинская,2025-06-02,80,1.87,14.3,6.74,16.4,False,Органическое,A
Белокочанная,2025-06-18,110,1.84,17.7,5.9,6.7,False,Без удобрений,C
Кольраби,2025-03-25,89,0.27,7.0,5.91,10.5,False,Биоудобрение,B
Брюссельская,2024-07-06,127,0.53,4.0,7.06,20.5,False,Минеральное,B
Цветная,2025-04-10,93,1.14,9.5,6.04,17.1,True,Без удобрений,C
Белокочанная,2024-03-05,118,2.96,25.8,6.92,14.3,False,Органическое,A
Белокочанная,2025-12-02,137,3.46,18.7,5.76,15.2,False,Органическое,B
Брокколи,2025-12-01,101,0.81,19.6,5.29,12.2,False,Минеральное,A
Брокколи,2025-11-10,61,1.25,14.6,5.71,16.8,False,Биоудобрение,B
Брюссельская,2026-05-14,131,0.67,4.5,5.61,8.3,True,Комплексное,C
Брюссельская,2024-03-26,107,0.73,8.4,6.87,9.2,False,Комплексное,A
Брокколи,2026-01-24,73,0.97,12.1,7.06,11.7,False,Биоудобрение,A
Цветная,2026-03-12,99,1.16,20.6,5.36,9.9,False,Минеральное,B
Брюссельская,2025-08-01,113,0.96,8.6,5.68,11.1,False,Биоудобрение,A
Кольраби,2024-10-08,84,0.63,10.4,6.24,10.4,False,Органическое,A
Брюссельская,2024-11-05,108,0.65,8.3,5.58,16.1,False,Минеральное,B
Цветная,2025-08-31,96,1.97,10.9,5.28,19.3,False,Комплексное,B
Кольраби,2024-08-17,67,0.71,11.7,6.96,17.4,False,Биоудобрение,B
Кольраби,2024-07-24,56,0.43,12.2,7.23,10.3,False,Органическое,B
Цветная,2024-06-21,91,0.79,13.2,6.05,10.3,False,Органическое,B
Цветная,2024-10-19,114,1.9,20.5,7.32,15.9,False,Комплексное,A
Цветная,2024-09-09,99,1.36,12.4,5.39,11.5,True,Органическое,D
Савойская,2025-06-15,117,1.08,13.2,7.16,15.5,False,Биоудобрение,A
Пекинская,2025-09-19,72,1.95,16.1,6.92,11.0,False,Органическое,A
Пекинская,2025-01-26,67,1.33,9.9,5.43,4.5,False,Комплексное,B
Брокколи,2024-07-17,76,0.92,18.7,6.34,11.2,False,Органическое,A
Цветная,2025-07-01,97,1.13,11.5,6.1,7.3,False,Органическое,A
Брюссельская,2025-08-21,131,0.9,5.1,5.48,18.8,False,Без удобрений,C
Брокколи,2024-11-02,90,1.14,16.3,5.25,18.0,False,Биоудобрение,C
Цветная,2026-03-09,115,2.0,15.7,6.68,11.1,False,Биоудобрение,A
Савойская,2026-04-18,98,1.61,17.1,5.72,14.5,False,Минеральное,B
Савойская,2024-04-28,106,1.54,18.3,5.55,10.7,False,Без удобрений,C
Савойская,2025-06-26,102,2.19,16.3,6.07,10.3,False,Комплексное,A
Брюссельская,2024-09-15,130,0.6,7.3,7.35,6.8,False,Органическое,B
Савойская,2026-01-10,123,1.22,19.5,7.56,11.0,False,Органическое,B
Савойская,2025-04-04,106,1.55,20.3,7.37,20.0,False,Органическое,C
Белокочанная,2026-03-19,109,2.35,24.0,6.41,13.7,True,Минеральное,B
Кольраби,2025-05-20,87,0.57,9.3,7.07,13.7,True,Минеральное,C
Краснокочанная,2025-03-18,116,0.91,20.2,7.27,16.0,True,Комплексное,C
Пекинская,2025-09-25,67,1.59,10.6,6.39,6.7,False,Органическое,B
Брокколи,2024-04-18,74,0.83,16.4,5.77,13.6,False,Комплексное,A
Краснокочанная,2025-09-01,104,2.59,20.0,6.91,17.3,False,Без удобрений,B
Краснокочанная,2024-04-19,135,1.42,13.8,7.29,11.8,False,Без удобрений,B
Савойская,2025-03-06,99,2.63,20.6,7.11,16.2,False,Комплексное,A
Брокколи,2024-10-14,90,1.72,16.8,6.2,18.0,False,Комплексное,A
Брюссельская,2025-12-24,110,0.82,4.0,6.37,11.8,True,Органическое,B
Белокочанная,2025-06-11,133,2.68,21.8,5.47,13.3,False,Без удобрений,B
Кольраби,2024-03-07,71,1.01,9.1,6.47,14.7,False,Комплексное,A
Кольраби,2024-07-24,86,0.59,7.8,6.68,10.8,True,Органическое,B
Краснокочанная,2026-02-03,141,1.57,13.4,7.01,8.9,True,Минеральное,C
Брокколи,2026-05-04,66,0.75,18.9,6.26,13.2,False,Органическое,A
Белокочанная,2024-08-17,132,2.41,15.2,6.95,14.2,False,Биоудобрение,A
Брокколи,2024-08-28,64,1.51,14.1,6.39,13.8,False,Комплексное,A
Краснокочанная,2025-03-19,127,1.48,21.7,5.65,11.0,False,Минеральное,B
Брюссельская,2025-04-02,91,0.56,6.1,5.95,8.0,False,Биоудобрение,B
Белокочанная,2024-12-10,104,3.27,16.4,6.5,7.6,False,Минеральное,A
Савойская,2026-05-08,100,1.41,17.0,7.49,18.4,False,Органическое,B
Брюссельская,2024-04-21,104,0.42,4.2,6.11,15.1,True,Минеральное,C
Белокочанная,2024-05-29,93,3.93,20.7,6.49,8.0,False,Минеральное,A
Брюссельская,2025-10-12,100,1.12,4.1,6.34,11.8,False,Без удобрений,A
Брокколи,2026-05-19,70,1.27,15.6,6.01,8.8,True,Комплексное,C
Пекинская,2025-12-08,51,1.7,11.2,7.12,17.9,False,Комплексное,B
Цветная,2025-02-24,89,1.86,14.0,6.28,16.5,False,Минеральное,A
Краснокочанная,2025-10-09,138,1.36,19.9,7.21,14.9,False,Комплексное,A
Краснокочанная,2026-04-21,113,2.62,20.0,5.7,15.1,False,Минеральное,B
Пекинская,2025-05-06,68,0.98,9.8,7.41,14.0,False,Комплексное,B
Белокочанная,2024-11-04,111,2.94,20.4,6.34,14.9,False,Минеральное,A
Пекинская,2026-01-26,66,1.54,9.6,6.63,7.2,True,Минеральное,C
Цветная,2026-05-05,116,2.01,14.1,7.51,10.7,False,Комплексное,A
Брюссельская,2025-07-19,106,0.72,5.1,7.28,20.0,True,Комплексное,D
Брокколи,2024-10-25,95,0.85,12.3,6.57,12.8,False,Комплексное,A
Белокочанная,2025-11-08,138,2.02,25.6,5.78,18.7,False,Минеральное,B
Брюссельская,2025-03-07,93,0.84,6.9,7.32,9.1,False,Биоудобрение,B
Краснокочанная,2025-06-15,105,2.11,19.4,6.36,13.4,False,Комплексное,A
Кольраби,2024-09-13,75,0.69,11.0,7.44,8.6,True,Минеральное,D
Савойская,2025-12-27,129,2.4,22.1,5.61,16.7,False,Комплексное,A
Брокколи,2026-01-19,67,1.56,10.1,7.39,14.2,False,Биоудобрение,A
Савойская,2024-12-29,100,0.94,14.0,7.03,5.6,True,Биоудобрение,D
Белокочанная,2026-02-13,132,2.8,18.0,6.64,9.5,False,Без удобрений,B
Брюссельская,2024-03-09,124,0.94,4.0,6.67,11.3,False,Органическое,A
Брюссельская,2025-12-12,124,1.18,4.6,5.52,19.4,False,Комплексное,C
Краснокочанная,2024-03-28,137,3.79,14.1,6.74,11.5,False,Комплексное,A
Брокколи,2026-02-27,70,1.05,10.6,6.12,4.9,False,Органическое,B
Брюссельская,2024-06-04,92,1.2,7.5,7.2,9.5,False,Комплексное,B
Брюссельская,2025-12-30,102,0.7,5.0,6.71,13.2,False,Органическое,A
Пекинская,2024-10-30,72,1.62,11.5,5.82,11.2,False,Минеральное,B
Цветная,2026-06-10,82,1.31,13.1,5.89,11.6,True,Биоудобрение,B
Белокочанная,2025-10-13,124,3.48,27.0,7.27,16.5,False,Биоудобрение,A
Кольраби,2025-12-07,83,0.56,8.7,7.28,13.0,False,Комплексное,A
Кольраби,2025-04-19,57,0.93,11.8,5.99,12.9,False,Органическое,A
Кольраби,2024-10-04,81,0.63,9.1,7.44,19.5,False,Минеральное,B
Брюссельская,2025-06-11,120,0.86,4.2,5.24,11.7,False,Комплексное,B
Краснокочанная,2024-05-22,148,2.86,17.6,5.26,13.4,False,Биоудобрение,C
Цветная,2025-05-03,101,1.92,17.8,6.24,10.3,True,Комплексное,B
Брюссельская,2025-09-28,114,0.91,6.8,7.33,11.9,False,Биоудобрение,B
Белокочанная,2024-12-10,135,2.9,25.2,5.98,17.9,False,Минеральное,B
Савойская,2026-02-28,129,1.9,19.9,7.0,12.8,False,Без удобрений,A
Белокочанная,2024-07-12,135,3.68,18.7,5.99,19.0,False,Органическое,B
Брюссельская,2025-08-09,110,0.83,7.3,7.58,16.7,False,Минеральное,B
Белокочанная,2026-01-17,95,2.94,23.5,6.12,11.4,True,Комплексное,B
Брокколи,2025-11-06,92,1.57,11.2,6.0,18.4,False,Комплексное,B
Кольраби,2025-02-22,64,0.35,8.2,6.46,13.1,False,Органическое,A
Брюссельская,2024-10-03,105,0.68,6.6,6.71,12.8,False,Комплексное,A
Пекинская,2025-03-15,73,1.78,15.5,6.26,9.0,False,Биоудобрение,A
Цветная,2025-06-16,95,1.33,15.0,6.31,7.6,False,Минеральное,A
Кольраби,2026-06-12,73,0.95,14.1,6.39,15.2,False,Комплексное,B
Савойская,2025-10-23,96,2.85,21.5,6.05,15.4,False,Комплексное,A
Кольраби,2024-12-14,80,0.33,10.3,5.26,13.6,False,Минеральное,B
Краснокочанная,2025-01-19,103,2.81,22.0,7.01,13.6,False,Комплексное,A
Белокочанная,2026-05-25,140,1.9,16.3,6.18,7.8,True,Комплексное,C
Брокколи,2025-03-10,87,0.87,9.6,5.79,21.5,False,Органическое,C
Белокочанная,2024-04-07,137,1.43,14.5,5.82,28.4,False,Без удобрений,C
Брокколи,2024-05-19,83,1.54,10.8,5.39,11.0,False,Комплексное,B
Пекинская,2026-04-06,66,1.06,12.9,7.51,13.8,False,Органическое,B
Брокколи,2025-08-06,84,1.12,11.2,6.37,19.4,False,Минеральное,B
Савойская,2025-03-13,103,1.14,13.1,6.17,18.3,True,Комплексное,C
Савойская,2025-10-10,125,1.93,19.1,6.89,4.3,False,Органическое,B
Краснокочанная,2024-11-15,122,1.77,16.8,5.33,20.4,False,Минеральное,B
Краснокочанная,2024-11-15,119,3.0,13.6,6.29,12.8,False,Органическое,A
Краснокочанная,2024-03-18,134,2.08,15.0,7.43,12.9,False,Органическое,B
Брокколи,2025-04-28,73,1.58,9.6,5.94,16.1,False,Органическое,B
Цветная,2025-08-09,75,1.43,22.7,6.1,11.9,False,Органическое,A
Цветная,2025-12-14,110,0.79,18.2,5.6,16.7,False,Комплексное,A
Краснокочанная,2024-08-22,109,1.83,15.9,7.53,9.3,False,Минеральное,B
Пекинская,2024-06-08,47,1.71,16.8,6.61,10.5,False,Минеральное,A
Брюссельская,2025-03-30,101,0.43,6.5,5.65,16.8,False,Органическое,B
Пекинская,2026-04-21,70,0.5,14.1,7.23,16.5,True,Без удобрений,D
Брюссельская,2026-03-12,102,1.18,8.2,6.16,13.6,False,Органическое,A
Белокочанная,2026-06-06,97,2.52,23.2,5.94,17.3,True,Комплексное,C
Брюссельская,2026-01-09,109,0.65,8.3,7.04,11.3,False,Минеральное,A
Савойская,2025-11-02,116,1.23,18.2,6.62,19.0,False,Минеральное,A
Краснокочанная,2024-03-24,144,2.64,14.4,6.21,17.9,False,Комплексное,A
Савойская,2024-08-11,127,2.43,15.3,6.79,17.4,False,Органическое,A
Цветная,2025-12-14,79,0.81,14.2,6.17,10.7,False,Комплексное,A
Краснокочанная,2026-04-03,143,1.71,14.8,5.21,11.4,False,Комплексное,B
Белокочанная,2026-02-19,108,3.1,21.6,5.68,13.8,False,Минеральное,A
Пекинская,2025-09-21,51,0.86,16.0,6.31,17.0,True,Органическое,C
Белокочанная,2026-02-22,94,2.04,14.4,7.43,21.3,False,Комплексное,C
Брюссельская,2024-03-14,115,1.03,7.1,6.2,10.9,False,Минеральное,A
Белокочанная,2024-11-19,116,3.33,17.3,7.29,5.9,False,Органическое,C
Цветная,2025-12-03,103,2.34,15.9,7.22,11.0,False,Минеральное,B
Пекинская,2024-05-15,54,1.52,9.2,5.69,12.3,False,Биоудобрение,B
Пекинская,2025-09-21,73,1.8,9.8,6.12,17.0,False,Комплексное,A
Белокочанная,2024-09-29,138,2.29,18.5,5.99,13.4,False,Минеральное,B
Брюссельская,2025-01-10,96,1.23,5.0,5.38,12.5,False,Минеральное,B
Цветная,2024-06-04,122,0.85,15.3,7.5,10.7,True,Минеральное,C
Брюссельская,2025-08-05,111,0.72,6.6,7.02,8.4,False,Минеральное,A
Савойская,2024-08-10,132,1.14,14.8,6.46,15.5,True,Комплексное,B
Цветная,2025-05-12,110,1.68,11.6,6.48,10.2,False,Биоудобрение,A
Пекинская,2025-07-05,56,0.63,13.0,7.54,12.5,False,Минеральное,B
Цветная,2025-02-16,113,1.3,15.5,6.84,11.6,True,Минеральное,C
Краснокочанная,2026-02-21,127,2.15,21.7,6.73,16.9,False,Биоудобрение,A
Кольраби,2025-05-09,77,0.99,9.8,5.82,13.9,False,Органическое,A
Кольраби,2025-08-25,68,0.5,10.1,6.64,13.5,False,Без удобрений,A
Брокколи,2026-05-13,101,0.56,17.5,5.66,19.6,False,Минеральное,B
Пекинская,2025-01-07,78,1.34,12.4,7.05,9.3,False,Без удобрений,B
Белокочанная,2024-12-07,114,2.89,18.1,5.22,15.5,False,Без удобрений,B
Брокколи,2025-04-14,63,0.77,12.9,7.57,3.8,False,Органическое,C
Брокколи,2025-07-10,92,0.61,14.9,7.25,19.8,False,Комплексное,B
Брюссельская,2025-11-30,112,0.84,7.3,6.58,17.8,False,Комплексное,A
Цветная,2026-03-26,119,1.84,17.1,5.3,21.2,False,Биоудобрение,C
Пекинская,2024-03-21,55,0.8,11.4,6.82,5.2,False,Без удобрений,B
Брокколи,2025-07-03,65,1.21,17.0,6.74,12.3,True,Минеральное,B
Краснокочанная,2025-11-12,148,1.4,13.7,6.41,9.3,True,Минеральное,C
Цветная,2024-09-27,113,2.04,17.6,6.81,10.1,False,Минеральное,A
Кольраби,2024-12-04,85,0.3,8.6,6.26,9.4,False,Биоудобрение,A
Пекинская,2025-12-14,52,1.05,13.8,7.2,14.2,False,Комплексное,A
Белокочанная,2025-10-18,134,1.81,23.3,5.84,6.5,False,Биоудобрение,C
Кольраби,2025-06-21,77,0.55,11.1,5.5,14.2,True,Органическое,C
Брюссельская,2024-11-02,101,0.78,5.6,6.79,15.5,False,Минеральное,B
Брюссельская,2024-06-15,116,0.84,7.7,5.74,11.7,False,Органическое,A
Цветная,2024-08-03,120,1.93,17.3,5.77,15.4,False,Минеральное,A
Брюссельская,2025-07-13,123,1.05,5.1,6.07,7.2,False,Органическое,B
Брокколи,2024-08-19,61,0.8,14.7,5.77,12.7,False,Органическое,B
Кольраби,2025-12-09,70,1.14,7.7,6.92,12.7,False,Минеральное,A
Цветная,2024-04-12,72,1.05,12.3,6.44,15.0,False,Комплексное,A
Белокочанная,2024-05-19,118,3.85,28.7,6.3,12.2,False,Комплексное,A
Брюссельская,2025-10-10,117,0.74,4.6,5.28,7.0,True,Минеральное,D
Цветная,2025-10-14,98,1.55,15.0,7.15,13.4,False,Минеральное,A
Кольраби,2024-11-01,86,0.34,7.5,6.08,11.3,False,Минеральное,B
Краснокочанная,2024-10-05,118,1.39,17.8,5.75,11.9,False,Без удобрений,B
Кольраби,2025-12-11,75,0.66,11.6,5.94,9.8,False,Биоудобрение,B
Краснокочанная,2026-02-10,142,1.09,14.1,5.84,15.6,False,Биоудобрение,B
Цветная,2026-05-02,106,0.85,20.2,6.71,15.8,True,Комплексное,C
Брокколи,2024-10-29,65,0.63,13.9,7.35,7.7,False,Комплексное,B
Краснокочанная,2024-05-30,116,2.44,15.2,7.14,8.3,False,Органическое,C
Краснокочанная,2024-06-19,121,2.97,24.1,6.61,14.2,False,Органическое,A
Цветная,2025-06-06,83,1.28,21.1,7.51,10.8,False,Комплексное,B
Краснокочанная,2025-08-16,123,1.23,17.1,5.43,13.7,False,Биоудобрение,B
Белокочанная,2026-02-02,134,3.18,19.5,6.01,17.7,False,Минеральное,B
Брюссельская,2026-05-09,116,0.89,4.1,5.44,13.6,False,Без удобрений,C
Пекинская,2024-09-20,60,0.97,14.1,5.78,12.9,True,Органическое,C
Кольраби,2026-05-06,85,0.66,9.2,6.15,10.8,True,Минеральное,B
Кольраби,2025-03-22,61,0.77,7.7,5.55,12.8,False,Минеральное,B
Брюссельская,2025-09-10,114,0.92,4.7,6.46,7.9,False,Без удобрений,B
Савойская,2025-04-01,115,1.07,18.5,7.23,9.0,False,Минеральное,B
Пекинская,2025-11-14,76,1.25,11.5,6.84,6.3,False,Минеральное,A
Краснокочанная,2026-02-21,125,2.3,14.7,7.51,11.7,False,Комплексное,A
Брокколи,2025-06-19,66,1.09,14.5,7.49,10.6,False,Биоудобрение,B
Цветная,2024-08-23,118,0.83,20.3,6.16,15.5,False,Комплексное,A
Белокочанная,2024-07-23,105,3.27,25.5,7.28,15.6,False,Минеральное,B
Краснокочанная,2024-03-05,119,1.46,14.6,6.18,5.1,False,Без удобрений,B
Цветная,2024-07-04,82,0.76,15.5,5.26,13.9,True,Комплексное,C
Цветная,2025-08-08,93,1.82,19.6,7.48,9.0,False,Биоудобрение,B
Кольраби,2024-05-23,59,0.98,9.3,7.26,12.2,False,Минеральное,B
Брокколи,2024-03-05,100,1.12,12.7,5.99,16.0,False,Комплексное,A
Брюссельская,2024-06-27,117,1.07,3.7,7.01,5.8,False,Комплексное,B
Кольраби,2026-01-22,70,0.31,8.6,6.72,17.2,False,Минеральное,B
Кольраби,2025-02-05,63,0.8,8.2,7.39,21.5,False,Комплексное,B
Белокочанная,2025-10-22,124,1.57,18.6,5.93,16.0,False,Комплексное,B
Брюссельская,2024-08-14,127,0.98,5.3,6.36,6.3,False,Биоудобрение,A
Краснокочанная,2024-06-19,126,1.49,19.7,5.32,18.0,False,Биоудобрение,C
Кольраби,2024-08-03,58,0.91,10.2,5.6,11.9,False,Органическое,B
Брокколи,2025-08-24,99,0.75,19.3,7.26,13.0,False,Комплексное,A
Краснокочанная,2024-10-10,128,3.02,22.7,6.45,19.3,False,Комплексное,A
Белокочанная,2026-04-15,121,2.63,16.6,6.77,5.3,False,Минеральное,B
Кольраби,2024-05-11,62,0.33,10.3,6.81,21.3,False,Биоудобрение,B
Белокочанная,2025-04-21,102,2.93,22.5,6.5,20.2,False,Органическое,B
Пекинская,2024-11-14,69,1.1,15.7,5.87,17.0,False,Без удобрений,B
Белокочанная,2025-04-13,110,3.67,23.1,6.67,11.5,False,Комплексное,A
Пекинская,2025-07-07,78,1.53,13.3,6.92,19.7,False,Органическое,B
Цветная,2024-11-07,72,1.11,15.2,5.46,18.5,False,Минеральное,B
Белокочанная,2025-01-26,112,3.47,20.3,5.79,6.7,False,Органическое,B
Кольраби,2025-09-09,65,0.42,12.2,6.15,12.5,False,Биоудобрение,A
Краснокочанная,2025-11-27,139,2.52,19.2,7.53,17.2,False,Биоудобрение,B
Кольраби,2024-08-11,67,0.82,9.1,7.41,10.3,False,Без удобрений,B
Краснокочанная,2025-06-29,118,1.83,15.3,7.4,10.0,True,Без удобрений,D
Белокочанная,2025-01-26,102,3.55,16.1,5.39,17.7,False,Комплексное,B
Белокочанная,2024-05-24,107,2.5,20.7,6.94,9.6,False,Без удобрений,B
Белокочанная,2024-12-01,96,2.13,17.9,6.17,16.0,False,Без удобрений,B
Брюссельская,2024-08-22,115,0.58,5.7,7.18,13.8,True,Минеральное,B
Белокочанная,2025-10-08,105,2.18,21.3,7.52,8.3,False,Комплексное,B
Краснокочанная,2024-11-21,121,2.26,16.5,6.01,15.3,True,Минеральное,C
Кольраби,2024-03-08,87,0.78,6.5,5.43,14.8,False,Комплексное,B
Савойская,2024-04-17,111,2.01,20.2,5.49,8.3,False,Органическое,B
Брюссельская,2025-10-11,96,0.73,8.5,6.75,14.5,False,Органическое,A
Цветная,2026-06-09,90,1.73,21.3,5.5,10.5,False,Минеральное,B
Кольраби,2025-01-04,90,0.93,11.5,6.87,18.4,False,Органическое,A
Савойская,2025-02-18,131,2.84,23.2,6.64,8.0,False,Органическое,A
Пекинская,2026-04-17,63,0.78,14.0,7.42,6.5,False,Биоудобрение,B
Брюссельская,2025-11-28,121,0.48,8.4,7.35,10.6,False,Минеральное,B
Пекинская,2025-08-13,60,0.79,13.0,7.28,8.4,False,Минеральное,C
Брюссельская,2025-06-26,112,0.3,3.6,6.59,11.9,True,Без удобрений,C
Кольраби,2025-04-30,65,0.34,7.7,5.51,16.0,False,Биоудобрение,B
Брокколи,2026-05-10,100,1.62,17.2,6.64,19.4,False,Органическое,A
Пекинская,2024-06-20,51,0.82,16.6,7.47,16.4,False,Минеральное,B
Белокочанная,2024-03-12,111,3.08,28.2,6.72,10.9,False,Органическое,A
Савойская,2024-08-09,115,2.3,20.4,6.58,8.1,False,Комплексное,B
Кольраби,2026-05-26,67,0.66,12.7,7.44,16.0,False,Комплексное,B
Пекинская,2025-04-17,47,1.25,13.8,5.98,15.6,False,Без удобрений,B
Брокколи,2024-05-09,81,0.78,16.7,7.28,10.9,False,Минеральное,B
Савойская,2025-12-17,102,1.84,16.5,5.8,9.2,True,Комплексное,C
Пекинская,2025-11-27,66,1.33,13.9,5.67,18.8,False,Без удобрений,C
Цветная,2024-08-26,102,0.86,14.1,6.43,10.3,False,Органическое,A
Брюссельская,2025-02-12,122,0.47,7.0,5.8,17.8,True,Биоудобрение,D
Брюссельская,2024-03-23,105,0.64,4.1,6.72,10.5,False,Органическое,A
Савойская,2024-11-10,117,1.18,19.8,7.17,9.6,False,Без удобрений,B
Брюссельская,2025-12-10,111,1.15,5.7,7.59,15.2,False,Комплексное,B
Савойская,2025-03-16,97,2.63,20.4,7.15,14.3,False,Комплексное,A
Пекинская,2026-03-21,66,1.37,10.8,7.54,12.5,False,Органическое,B
Кольраби,2024-06-21,80,0.62,8.0,6.0,6.3,False,Биоудобрение,B
Савойская,2024-12-10,103,1.73,19.9,6.18,20.0,True,Минеральное,C
Брокколи,2024-10-30,80,0.45,10.5,5.96,19.9,False,Биоудобрение,B
Брокколи,2025-07-26,79,0.77,11.2,7.14,10.9,False,Комплексное,B
Белокочанная,2026-04-03,116,3.8,26.2,7.04,14.2,False,Комплексное,A
Кольраби,2025-08-08,80,0.79,9.3,6.46,8.3,False,Органическое,A
Брокколи,2025-08-03,86,1.64,9.8,6.34,9.4,False,Комплексное,A
Брокколи,2025-02-06,99,0.39,12.7,7.58,13.3,True,Минеральное,D
Белокочанная,2026-03-12,99,2.97,19.2,6.73,7.4,False,Органическое,B
Кольраби,2025-08-11,81,0.78,13.2,5.74,11.9,False,Органическое,B
Цветная,2024-06-14,75,1.23,18.0,6.74,11.1,False,Минеральное,A
Брокколи,2025-08-22,91,1.53,10.5,6.44,9.6,False,Органическое,A
Цветная,2026-01-14,118,0.93,12.1,6.66,10.3,False,Органическое,A
Савойская,2024-03-17,108,1.38,18.7,6.93,16.3,False,Минеральное,A
Белокочанная,2026-01-23,101,3.41,15.2,5.68,8.6,False,Минеральное,B
Савойская,2024-03-13,118,1.15,11.8,7.25,16.7,True,Минеральное,C
Белокочанная,2025-08-02,105,2.97,19.7,7.58,11.9,False,Минеральное,B
Кольраби,2024-07-17,73,0.52,7.9,5.94,15.3,False,Комплексное,A
Краснокочанная,2024-12-24,132,2.36,21.9,5.74,14.9,False,Биоудобрение,A
Брокколи,2025-01-16,74,0.88,13.5,7.58,9.6,False,Минеральное,B
Цветная,2024-08-06,76,0.78,18.9,6.29,11.1,True,Органическое,B
Кольраби,2025-06-06,89,0.74,7.5,7.25,14.8,False,Комплексное,A
Савойская,2026-04-30,102,1.99,18.5,7.27,13.5,True,Минеральное,C
Савойская,2025-07-13,130,1.42,14.1,6.47,12.1,False,Без удобрений,A
Брокколи,2025-11-17,69,0.47,10.8,5.98,6.1,False,Органическое,B
Савойская,2024-11-13,114,1.53,16.4,6.49,14.3,True,Комплексное,B
Краснокочанная,2025-08-28,119,2.55,19.4,5.28,16.5,False,Комплексное,B
Белокочанная,2025-03-28,128,3.52,16.2,5.4,12.2,False,Комплексное,A
Савойская,2026-03-22,114,1.98,16.5,5.96,22.5,False,Органическое,C
Брюссельская,2024-05-04,129,0.43,7.7,7.53,13.3,True,Комплексное,C
Краснокочанная,2025-01-14,123,2.01,15.1,5.22,22.0,False,Органическое,C
Брюссельская,2025-06-05,117,0.84,5.3,5.29,12.9,False,Комплексное,B
Пекинская,2024-05-10,65,0.86,9.6,5.25,18.8,False,Биоудобрение,B
Кольраби,2025-11-05,87,0.38,9.8,5.85,19.1,True,Органическое,C
Кольраби,2024-03-04,73,0.38,12.5,6.65,13.7,False,Минеральное,A
Белокочанная,2025-03-30,97,2.95,21.2,5.24,16.3,False,Органическое,B
Брокколи,2024-11-03,83,0.78,16.7,5.41,13.9,False,Комплексное,B
Белокочанная,2025-04-02,121,2.88,25.1,7.43,16.2,False,Минеральное,B
Брюссельская,2025-08-03,96,0.43,4.3,5.81,13.6,False,Минеральное,A
Белокочанная,2026-04-11,113,2.39,16.0,5.37,3.0,False,Комплексное,C
Белокочанная,2025-05-29,138,2.35,15.2,6.47,19.4,False,Минеральное,A
Савойская,2024-06-04,132,1.6,16.2,5.84,10.4,False,Органическое,A
Брюссельская,2026-01-09,104,0.92,4.1,6.56,7.8,False,Биоудобрение,A
Пекинская,2026-03-15,57,0.91,12.1,5.76,13.0,False,Без удобрений,B
Краснокочанная,2026-03-28,140,2.64,19.0,6.67,10.4,True,Минеральное,C
Кольраби,2026-03-05,77,0.98,9.6,6.93,15.4,False,Минеральное,A
Савойская,2025-07-04,114,1.16,14.6,6.78,9.6,True,Комплексное,B
Брокколи,2025-05-25,76,1.1,13.0,7.45,9.5,False,Без удобрений,B
Краснокочанная,2025-04-02,125,2.48,17.5,5.53,19.1,False,Комплексное,B
Кольраби,2024-03-16,57,0.96,7.8,5.44,9.9,False,Минеральное,A
Савойская,2025-06-30,132,2.44,17.1,6.87,19.4,False,Минеральное,B
Белокочанная,2025-02-01,102,2.14,19.6,5.26,16.5,True,Без удобрений,D
Белокочанная,2024-05-25,125,2.15,17.6,7.16,9.3,False,Минеральное,B
Краснокочанная,2024-07-21,110,2.68,15.9,7.47,13.1,False,Минеральное,B
Брокколи,2025-10-08,95,1.59,15.9,6.7,13.5,False,Комплексное,A
Краснокочанная,2024-05-02,129,3.43,16.8,5.83,12.8,False,Биоудобрение,A
Цветная,2025-01-19,103,1.58,20.8,6.94,15.0,False,Комплексное,A
Краснокочанная,2025-08-21,140,2.23,18.6,6.95,10.4,False,Без удобрений,B
Брокколи,2024-11-24,80,1.5,16.4,7.03,11.4,False,Минеральное,B
Брокколи,2024-12-06,99,1.2,13.7,5.24,13.1,False,Без удобрений,B
Савойская,2025-12-11,114,1.49,14.1,7.13,16.0,True,Биоудобрение,D
Савойская,2024-09-07,128,1.47,23.0,5.95,16.5,False,Органическое,B
Брокколи,2026-04-25,64,0.77,18.3,6.89,8.4,False,Биоудобрение,B
Белокочанная,2025-11-10,110,3.45,22.4,6.9,18.1,False,Комплексное,A
Брокколи,2026-02-14,83,0.92,15.3,7.33,13.9,False,Без удобрений,C
Брокколи,2024-10-28,61,0.77,11.2,6.32,14.9,False,Минеральное,A
Белокочанная,2024-08-27,139,2.24,20.7,6.69,9.9,False,Минеральное,A
Цветная,2025-07-14,80,1.22,15.8,7.25,11.5,False,Комплексное,A
Кольраби,2026-01-21,87,0.33,7.8,5.72,6.0,True,Комплексное,C
Брокколи,2024-06-15,75,0.43,9.2,5.45,9.6,False,Органическое,B
Пекинская,2024-04-02,80,0.84,14.1,6.98,10.8,False,Комплексное,A
Савойская,2026-05-28,107,1.89,14.5,5.47,17.6,False,Органическое,C
Брюссельская,2025-09-09,95,0.77,4.3,6.04,14.8,True,Комплексное,B
Краснокочанная,2025-05-22,140,1.99,14.5,6.84,15.9,False,Биоудобрение,A
Цветная,2025-02-03,104,0.78,13.0,5.42,12.8,False,Без удобрений,B
Савойская,2024-07-10,127,0.92,14.8,6.23,15.9,True,Минеральное,B
Пекинская,2024-03-03,66,0.76,12.4,6.89,14.2,True,Комплексное,B
Брокколи,2026-04-25,86,1.16,11.5,6.58,16.0,False,Без удобрений,B
Брокколи,2025-11-17,60,0.7,12.5,6.13,7.0,False,Органическое,B
Брокколи,2024-06-10,82,1.16,11.7,6.25,12.6,True,Минеральное,B
Краснокочанная,2025-07-15,100,2.11,15.1,6.18,19.0,False,Органическое,A
Белокочанная,2025-12-30,136,3.52,16.7,6.66,14.9,False,Минеральное,A
Цветная,2025-03-17,75,1.18,20.1,5.58,13.1,False,Биоудобрение,A
Кольраби,2025-12-12,78,0.64,8.9,5.93,11.1,True,Комплексное,B
Пекинская,2025-11-01,65,1.13,15.6,6.07,13.2,False,Комплексное,A
Савойская,2025-04-16,113,0.73,20.2,5.3,16.8,False,Без удобрений,C
Белокочанная,2026-02-22,109,3.55,16.3,7.02,5.5,False,Комплексное,B
Цветная,2026-02-18,81,0.83,19.5,5.99,11.8,False,Минеральное,B
Цветная,2025-05-30,102,1.75,18.0,6.39,6.9,True,Органическое,D
Цветная,2025-06-22,76,0.9,16.7,6.19,18.1,False,Комплексное,A
Цветная,2025-08-26,112,2.33,13.7,6.57,14.0,False,Комплексное,A
Брокколи,2026-02-25,89,1.01,17.6,6.45,13.2,False,Органическое,A
Пекинская,2024-03-08,60,1.65,14.4,6.85,15.9,False,Комплексное,A
Савойская,2025-06-21,111,1.1,18.5,5.45,16.0,False,Без удобрений,C
Цветная,2024-07-28,95,1.82,13.1,6.43,12.0,False,Комплексное,A
Пекинская,2025-10-11,45,1.23,14.2,6.32,12.6,False,Минеральное,A
Брюссельская,2026-05-10,109,0.53,7.5,5.86,4.6,False,Комплексное,B
Савойская,2026-04-01,114,2.58,20.6,6.22,7.8,False,Комплексное,A
Брокколи,2024-04-01,75,1.66,14.6,7.45,12.7,False,Биоудобрение,B
Белокочанная,2025-06-17,110,2.88,24.1,7.15,11.5,False,Минеральное,B
Брокколи,2026-01-11,75,1.5,16.1,7.57,9.3,False,Биоудобрение,B
Пекинская,2024-04-28,71,0.68,15.9,7.59,12.0,False,Минеральное,B
Белокочанная,2025-12-18,102,1.85,21.7,6.7,8.1,False,Органическое,A
Пекинская,2025-04-23,47,1.73,12.6,6.6,11.3,False,Комплексное,A
Брокколи,2025-01-17,68,0.74,13.8,5.67,9.6,False,Органическое,B
Пекинская,2024-07-22,72,1.45,12.4,7.52,13.1,True,Минеральное,C
Цветная,2026-02-10,81,0.94,9.4,6.28,21.8,True,Без удобрений,D
Цветная,2025-09-29,106,0.88,16.9,5.86,9.1,False,Без удобрений,B
Кольраби,2026-01-23,80,0.4,8.3,6.96,14.7,False,Минеральное,B
Пекинская,2026-01-01,67,0.85,9.5,6.9,16.9,False,Минеральное,A
Цветная,2025-10-16,101,1.57,20.1,6.0,15.9,False,Минеральное,A
Пекинская,2024-10-24,48,0.8,15.6,6.75,5.1,False,Комплексное,B
Пекинская,2025-04-14,72,1.69,14.5,6.56,10.9,False,Биоудобрение,B
Савойская,2024-05-03,137,0.78,15.6,6.55,10.4,True,Без удобрений,C
Краснокочанная,2025-02-12,119,2.58,19.7,6.83,13.6,False,Органическое,A
Краснокочанная,2025-03-27,115,2.39,20.2,5.64,18.2,False,Комплексное,B
Савойская,2025-10-13,115,0.78,12.8,7.41,14.1,True,Комплексное,C
Белокочанная,2025-09-24,103,2.58,15.2,5.5,14.8,False,Комплексное,A
Кольраби,2026-03-23,58,0.62,7.7,6.5,18.4,False,Биоудобрение,B
Белокочанная,2024-05-21,108,2.24,17.9,7.55,18.4,False,Биоудобрение,B
Брюссельская,2025-07-16,117,1.04,8.0,6.18,15.3,False,Без удобрений,B
Брюссельская,2026-06-15,108,0.78,6.0,7.6,15.0,False,Минеральное,B
Белокочанная,2026-06-08,93,4.5,15.6,6.87,9.7,False,Минеральное,B
Кольраби,2024-08-04,64,1.0,11.8,6.51,15.7,False,Органическое,A
Брокколи,2024-11-19,95,1.25,9.0,5.49,16.6,False,Без удобрений,C
Белокочанная,2026-05-23,121,3.76,19.8,5.68,9.2,False,Органическое,C
Кольраби,2025-10-18,63,0.76,9.1,6.46,19.6,False,Биоудобрение,B
Брюссельская,2024-05-25,126,1.01,6.1,7.21,13.4,False,Биоудобрение,B
Краснокочанная,2025-06-26,110,1.67,12.4,5.2,6.6,False,Комплексное,B
Белокочанная,2025-06-26,113,3.38,20.9,7.18,15.7,False,Минеральное,B
Брюссельская,2025-04-27,132,0.79,3.3,5.4,23.2,True,Биоудобрение,D
Кольраби,2025-09-20,73,0.78,7.9,6.97,15.5,False,Органическое,A
Савойская,2024-04-03,136,2.34,17.9,5.4,15.5,False,Минеральное,B
Цветная,2025-12-16,118,1.11,18.9,5.75,10.1,False,Биоудобрение,B
Брюссельская,2026-01-15,103,0.85,4.2,6.76,14.6,False,Органическое,A
Цветная,2024-06-04,120,1.03,16.1,7.36,16.0,False,Биоудобрение,B
Кольраби,2025-03-24,88,0.48,10.1,6.48,12.7,False,Без удобрений,B
Брюссельская,2025-11-04,122,0.48,5.3,6.78,14.5,False,Минеральное,B
Пекинская,2026-05-26,65,0.75,8.8,6.01,10.3,True,Органическое,C
Пекинская,2024-09-04,51,0.75,10.3,5.82,13.3,False,Комплексное,A
Цветная,2026-05-29,102,1.75,18.7,6.86,17.5,False,Минеральное,A
Савойская,2024-05-18,125,2.16,16.0,5.78,14.9,False,Органическое,B
Белокочанная,2026-04-17,132,3.97,18.4,5.3,16.3,False,Органическое,B
Цветная,2024-12-29,120,1.69,13.6,6.51,15.7,False,Биоудобрение,A
Брюссельская,2025-06-25,92,0.68,6.9,7.53,12.8,False,Органическое,A
Кольраби,2026-03-09,71,0.7,10.3,6.51,12.9,False,Органическое,A
Брюссельская,2025-02-16,117,0.93,6.1,7.12,6.8,False,Комплексное,B
Кольраби,2025-06-25,59,0.55,7.4,5.99,12.1,False,Комплексное,A
Савойская,2026-03-10,97,1.71,20.3,7.45,24.5,False,Биоудобрение,C
Цветная,2026-01-09,105,1.57,12.3,7.58,18.3,False,Биоудобрение,B
Брюссельская,2026-05-16,97,1.17,4.1,5.91,9.7,False,Органическое,B
Брокколи,2024-07-18,89,0.52,13.9,6.89,12.1,False,Биоудобрение,A
Цветная,2024-10-24,87,0.97,13.0,5.45,19.1,False,Биоудобрение,B
Кольраби,2024-05-09,77,0.74,12.7,6.49,11.4,False,Комплексное,A
Краснокочанная,2024-10-01,134,2.66,13.2,6.5,18.0,False,Биоудобрение,A
Брюссельская,2025-02-19,110,1.02,4.9,6.69,8.2,False,Органическое,A
Савойская,2025-02-10,124,1.68,21.6,5.53,21.2,False,Минеральное,C
Брюссельская,2025-04-04,100,1.52,8.2,6.61,11.9,False,Минеральное,A
Белокочанная,2025-01-31,131,2.85,26.0,5.57,13.3,False,Органическое,A
Савойская,2024-10-01,122,2.78,15.5,6.99,15.4,False,Минеральное,B
Кольраби,2025-09-10,85,0.38,9.1,6.13,8.5,False,Органическое,A
Пекинская,2024-08-01,76,1.54,15.6,5.22,17.6,False,Комплексное,B
Пекинская,2024-10-14,68,1.08,11.3,5.84,8.1,False,Биоудобрение,B
Савойская,2026-06-02,117,1.08,16.2,7.24,7.5,False,Без удобрений,B
Белокочанная,2024-07-07,112,3.98,23.3,7.06,14.0,False,Органическое,A
Савойская,2026-05-17,121,1.97,19.8,5.81,13.9,False,Органическое,B
Кольраби,2025-06-13,59,0.64,11.6,6.76,12.5,False,Минеральное,A
Брокколи,2025-12-21,98,0.43,18.5,6.3,5.4,False,Органическое,B
Брюссельская,2026-04-04,94,1.29,4.6,6.81,10.1,False,Органическое,A
Кольраби,2026-02-05,71,0.99,10.6,6.25,20.8,False,Органическое,B
Савойская,2025-05-06,98,1.02,23.6,5.86,12.1,False,Органическое,A
Пекинская,2025-10-11,69,0.79,12.0,6.43,12.0,False,Минеральное,A
Белокочанная,2025-01-23,102,1.66,14.6,7.34,2.0,True,Комплексное,D
Пекинская,2025-01-28,74,0.61,11.9,6.17,18.6,False,Органическое,B
Цветная,2025-06-17,106,1.29,15.9,6.87,5.5,False,Минеральное,B
Цветная,2025-01-26,80,1.21,14.1,7.35,13.4,True,Комплексное,B
Брюссельская,2024-05-16,113,0.52,8.5,6.54,6.2,False,Органическое,B
Савойская,2026-05-03,106,1.12,21.4,7.02,10.3,False,Комплексное,A
Брюссельская,2025-01-22,132,0.69,6.5,5.56,13.4,False,Органическое,B
Савойская,2025-01-02,102,2.19,21.1,7.48,15.4,False,Органическое,A
Белокочанная,2026-03-25,140,2.83,20.4,6.89,2.0,False,Органическое,C
Краснокочанная,2025-09-16,125,1.67,12.8,7.36,8.1,True,Минеральное,C
Кольраби,2025-11-13,76,0.47,6.4,7.39,19.1,False,Биоудобрение,B
Краснокочанная,2024-09-25,145,1.94,15.2,7.12,12.6,False,Комплексное,B
Брокколи,2026-02-07,83,1.04,8.7,5.62,8.1,True,Минеральное,D
Савойская,2025-11-25,106,1.17,18.3,5.41,12.1,True,Органическое,D
Белокочанная,2025-09-21,113,2.02,17.0,6.51,11.5,False,Минеральное,A
Белокочанная,2025-08-08,136,1.85,20.5,5.57,11.8,False,Минеральное,B
Брокколи,2025-07-14,93,0.49,17.1,5.33,10.2,False,Биоудобрение,A
Краснокочанная,2025-11-24,103,1.22,18.3,5.48,6.2,False,Органическое,C
Пекинская,2024-12-04,67,1.39,11.3,7.49,12.7,True,Минеральное,C
Кольраби,2025-06-08,69,0.37,9.1,6.03,11.9,False,Минеральное,B
Белокочанная,2024-09-17,136,2.83,22.8,6.79,17.6,True,Комплексное,C
Кольраби,2024-04-01,60,0.6,12.6,7.49,13.3,False,Комплексное,B
Брюссельская,2025-04-17,99,1.22,4.6,7.39,19.8,False,Комплексное,C
Кольраби,2024-06-19,59,0.5,6.9,6.98,9.9,False,Минеральное,A
Пекинская,2024-12-31,77,0.86,15.6,5.72,19.6,False,Минеральное,B
Пекинская,2025-11-29,77,0.71,13.0,7.3,15.1,False,Без удобрений,B
Савойская,2026-02-01,102,1.3,21.1,6.1,19.2,False,Биоудобрение,B
Белокочанная,2024-10-06,126,2.98,16.1,7.41,10.6,False,Минеральное,B
Пекинская,2024-07-27,75,1.01,12.4,7.49,12.0,False,Минеральное,B
Брокколи,2026-03-26,68,0.57,12.4,6.35,12.6,False,Комплексное,A
Савойская,2025-10-10,127,1.12,21.9,6.26,11.4,False,Органическое,A
Цветная,2025-05-24,75,0.78,16.6,5.63,15.6,False,Минеральное,B
Белокочанная,2024-09-20,96,2.96,16.1,7.31,17.3,True,Комплексное,C
Цветная,2024-11-20,120,2.03,19.6,5.62,4.5,False,Комплексное,B
Брюссельская,2026-06-05,110,1.23,7.7,5.27,11.2,False,Комплексное,A
Брокколи,2024-03-30,75,0.46,14.4,5.22,20.8,True,Биоудобрение,D
Брокколи,2026-05-29,88,1.39,17.7,6.61,18.1,False,Комплексное,A
Цветная,2026-01-03,71,2.17,18.2,7.09,18.0,False,Комплексное,A
Краснокочанная,2025-04-21,148,2.5,21.7,6.84,13.9,True,Органическое,C
Пекинская,2024-12-07,75,1.67,9.5,7.16,9.4,False,Комплексное,B
Кольраби,2025-10-06,66,0.75,9.4,5.99,11.1,False,Органическое,B
Брокколи,2025-10-11,82,1.55,11.3,5.99,14.1,False,Комплексное,A
Белокочанная,2024-06-23,94,2.97,19.5,6.2,20.6,False,Комплексное,B
Брюссельская,2026-02-12,103,0.91,8.4,7.0,10.5,False,Комплексное,A
Кольраби,2026-03-06,90,0.5,11.1,5.42,20.5,True,Минеральное,D
Брюссельская,2025-12-12,107,1.13,6.9,6.77,3.7,False,Органическое,B
Брюссельская,2024-06-01,105,0.67,6.1,6.88,14.5,False,Комплексное,A
Пекинская,2025-12-16,71,1.38,14.0,5.71,15.4,False,Органическое,A
Белокочанная,2024-07-20,96,4.06,20.4,6.19,11.5,False,Комплексное,A
Краснокочанная,2025-08-20,139,1.55,21.3,7.28,22.8,False,Минеральное,C
Краснокочанная,2024-06-27,147,2.53,23.8,7.57,15.5,False,Органическое,B
Пекинская,2024-05-01,80,0.68,13.3,7.02,6.1,True,Комплексное,C
Цветная,2026-02-26,114,1.82,17.0,5.64,6.6,False,Органическое,B
Краснокочанная,2025-12-08,147,1.73,16.8,5.55,13.2,True,Без удобрений,C
Савойская,2025-04-20,96,1.38,19.1,6.36,14.4,False,Минеральное,A
Пекинская,2025-10-06,78,0.84,11.5,6.75,12.1,False,Комплексное,A
Пекинская,2026-01-29,48,1.01,15.3,7.58,5.6,False,Комплексное,B
Брокколи,2026-03-01,91,1.37,16.7,6.89,6.3,False,Органическое,B
Пекинская,2024-12-05,64,1.36,15.7,6.41,8.0,False,Минеральное,B
Брокколи,2025-02-19,88,0.81,10.5,5.34,9.8,False,Комплексное,B
Брюссельская,2024-05-31,121,0.83,5.6,7.06,8.3,False,Минеральное,B
Пекинская,2025-01-09,70,1.26,16.4,6.0,14.5,False,Биоудобрение,A
Брокколи,2026-01-09,76,0.77,14.4,7.48,12.9,False,Биоудобрение,A
Кольраби,2026-04-11,60,0.68,8.9,7.06,12.7,False,Органическое,A
Брокколи,2026-04-02,100,1.13,20.3,6.35,15.6,False,Минеральное,A
Пекинская,2025-04-14,72,0.84,17.7,6.94,13.6,False,Органическое,B
Цветная,2026-02-12,120,2.14,19.8,6.16,14.0,False,Органическое,B
Цветная,2026-04-08,119,1.88,19.8,6.59,15.3,False,Минеральное,A
Брюссельская,2024-07-24,107,0.63,5.3,6.77,12.9,False,Минеральное,A
Пекинская,2025-08-29,80,1.23,12.5,5.87,7.5,True,Минеральное,C
Кольраби,2024-06-12,62,0.72,9.8,6.62,14.8,False,Биоудобрение,A
Брокколи,2024-12-28,66,0.99,16.2,6.09,12.1,False,Комплексное,A
Савойская,2025-05-20,133,1.75,18.0,5.89,10.2,False,Минеральное,A
Савойская,2025-08-21,140,2.29,16.4,7.58,14.6,True,Комплексное,C
Пекинская,2026-01-23,73,1.28,14.2,5.71,12.7,True,Минеральное,C
Цветная,2026-05-08,100,2.11,19.5,5.39,12.6,False,Минеральное,B
Белокочанная,2025-04-17,109,3.4,19.9,6.75,13.6,False,Без удобрений,A
Цветная,2026-03-12,79,2.13,15.9,6.68,13.1,False,Органическое,A
Брокколи,2024-11-03,99,1.24,14.9,7.38,10.5,False,Минеральное,B
Пекинская,2025-09-21,68,0.86,13.2,6.55,10.2,False,Минеральное,A
Белокочанная,2024-08-01,103,2.38,19.5,6.97,18.0,False,Биоудобрение,A
Цветная,2026-03-24,116,1.1,21.9,6.14,13.8,False,Органическое,A
Краснокочанная,2025-05-11,123,2.1,17.3,6.8,14.8,True,Комплексное,B
Кольраби,2024-09-29,92,1.0,11.1,7.54,12.9,False,Комплексное,B
Цветная,2025-11-19,120,2.21,19.3,6.07,14.6,False,Комплексное,A
Брокколи,2024-12-25,68,0.47,12.4,7.4,13.8,False,Биоудобрение,B
Брюссельская,2025-05-03,104,0.98,8.0,6.24,10.0,False,Комплексное,A
Цветная,2024-07-12,75,1.67,15.7,6.4,7.7,False,Органическое,B
Кольраби,2025-05-28,74,0.38,8.1,5.42,6.4,False,Биоудобрение,C
Цветная,2025-11-24,73,1.53,17.6,5.71,15.3,False,Органическое,B
Брюссельская,2025-04-07,104,0.71,6.1,7.13,15.3,False,Органическое,B
Краснокочанная,2024-09-08,104,1.09,20.2,7.17,11.4,False,Минеральное,B
Брокколи,2025-11-27,90,0.72,12.3,5.9,5.2,False,Без удобрений,B
Краснокочанная,2026-01-02,106,2.86,15.2,6.98,14.4,True,Комплексное,C
Цветная,2025-02-23,106,1.99,10.9,6.52,9.0,False,Без удобрений,A
Цветная,2025-08-16,115,2.04,12.1,6.65,13.8,False,Минеральное,A
Цветная,2026-04-07,86,2.09,12.0,5.2,14.6,False,Комплексное,B
Краснокочанная,2024-09-05,128,1.98,16.1,7.25,15.9,True,Минеральное,D
Брюссельская,2025-11-13,113,0.42,5.6,6.56,10.7,False,Комплексное,A
Пекинская,2025-10-12,75,0.55,10.2,6.19,8.6,False,Минеральное,A
Пекинская,2026-02-23,70,0.57,16.4,5.59,18.2,False,Комплексное,C
Краснокочанная,2024-08-05,142,1.37,21.6,7.51,14.4,True,Органическое,C
Брюссельская,2024-04-12,120,0.79,6.0,6.8,20.0,False,Комплексное,B
Кольраби,2024-11-17,66,1.14,12.7,6.5,11.5,False,Биоудобрение,A
Пекинская,2024-04-30,78,1.19,10.1,7.59,6.7,False,Минеральное,C
Краснокочанная,2025-09-07,152,1.59,20.9,5.4,17.7,False,Комплексное,B
Пекинская,2024-04-30,54,0.56,15.6,5.64,7.9,False,Минеральное,B
Цветная,2025-11-05,76,2.29,22.0,6.23,10.4,False,Комплексное,A
Брокколи,2025-09-12,70,0.93,13.3,5.32,12.8,True,Без удобрений,D
Брюссельская,2026-05-04,122,0.93,7.2,5.45,11.1,True,Органическое,D
Кольраби,2024-06-13,75,0.49,11.0,5.82,14.7,False,Минеральное,B
Белокочанная,2025-10-26,116,3.83,23.1,6.83,15.1,False,Минеральное,A
Брокколи,2025-10-30,62,1.19,10.7,6.54,10.7,False,Органическое,A
Савойская,2026-01-11,123,2.81,15.6,6.68,18.5,False,Комплексное,A
Брюссельская,2025-06-09,92,0.51,8.5,6.17,11.7,False,Органическое,A
Брокколи,2024-07-05,60,0.68,16.8,6.33,11.3,False,Органическое,A
Кольраби,2025-04-02,84,0.29,7.6,5.4,13.2,False,Минеральное,B
Брокколи,2025-09-13,67,1.03,13.9,6.63,8.2,False,Комплексное,B
Брюссельская,2024-04-15,97,0.87,4.1,5.58,18.9,False,Органическое,C
Пекинская,2025-02-12,84,1.3,10.1,5.56,14.9,True,Минеральное,D
Савойская,2024-06-19,113,1.28,18.4,6.07,15.1,True,Комплексное,C
Брюссельская,2025-03-16,100,0.56,4.0,7.4,18.5,False,Органическое,B
Краснокочанная,2024-07-29,108,2.49,15.6,7.41,5.2,False,Органическое,C
Брюссельская,2024-04-01,102,0.96,6.5,7.14,6.1,False,Органическое,B
Савойская,2026-02-04,129,1.19,15.0,7.3,15.2,False,Минеральное,B
Краснокочанная,2025-07-28,121,1.55,17.6,5.46,14.2,False,Минеральное,B
Брокколи,2026-06-09,83,1.53,13.1,5.72,10.7,False,Органическое,A
Савойская,2024-09-17,110,0.84,13.3,7.0,20.4,True,Органическое,D
Кольраби,2025-08-22,71,0.61,8.2,6.83,13.2,False,Биоудобрение,A
Кольраби,2024-08-10,60,0.73,9.8,5.22,12.7,False,Биоудобрение,B
Кольраби,2024-05-20,68,0.72,8.2,6.94,16.9,False,Без удобрений,B
Цветная,2026-05-05,88,1.57,21.1,7.0,14.4,False,Без удобрений,B
Пекинская,2024-03-04,71,0.6,14.5,6.73,18.2,True,Биоудобрение,C
Цветная,2026-02-23,104,0.87,11.8,6.31,12.6,True,Комплексное,B
Пекинская,2024-12-09,46,0.73,16.3,7.09,15.2,False,Комплексное,A
Брюссельская,2024-10-18,112,1.13,7.4,5.91,9.2,False,Минеральное,B
Краснокочанная,2025-07-01,107,1.83,18.7,6.43,18.9,False,Биоудобрение,A
Кольраби,2025-05-22,59,1.0,7.8,7.55,13.4,False,Минеральное,B
Пекинская,2025-11-07,58,1.32,16.7,5.97,4.4,False,Органическое,C
Пекинская,2026-05-26,45,1.13,11.8,6.15,8.7,False,Минеральное,A
Цветная,2025-04-16,108,2.07,12.7,5.23,10.9,False,Органическое,C
Савойская,2024-07-02,129,1.18,18.6,6.59,20.1,False,Комплексное,B
Брокколи,2024-11-23,83,1.27,18.7,6.9,13.6,False,Биоудобрение,A
Белокочанная,2025-04-16,104,1.77,16.8,6.16,14.0,False,Органическое,A
Цветная,2025-08-16,103,1.61,19.8,7.15,11.6,False,Без удобрений,A
Савойская,2024-11-23,101,1.67,20.2,5.64,16.9,False,Минеральное,B
Пекинская,2026-05-18,70,1.12,15.6,6.1,9.5,True,Минеральное,C
Цветная,2025-10-08,78,1.01,20.9,7.44,15.8,False,Комплексное,A
Цветная,2025-10-12,93,1.69,14.7,6.39,8.6,False,Минеральное,A
Брюссельская,2024-05-31,125,0.44,6.7,6.37,14.6,False,Комплексное,A
Брокколи,2026-05-15,91,1.74,10.7,6.38,14.8,False,Комплексное,A
Краснокочанная,2024-05-23,112,2.52,17.7,5.74,15.7,False,Органическое,B
Краснокочанная,2024-11-23,127,1.34,24.1,7.58,11.6,False,Минеральное,B
Брюссельская,2025-06-15,126,1.28,5.2,6.89,20.6,False,Комплексное,B
Белокочанная,2025-03-26,101,4.15,20.8,6.29,16.6,False,Минеральное,A
Савойская,2026-04-19,128,2.02,16.5,5.66,14.4,False,Без удобрений,B
Брюссельская,2025-03-07,118,0.99,4.5,6.69,7.2,False,Минеральное,A
Краснокочанная,2024-06-27,131,1.68,23.4,6.84,11.0,False,Минеральное,A
Белокочанная,2026-06-15,133,3.0,20.4,7.52,9.8,False,Комплексное,B
Цветная,2026-01-19,107,1.31,13.6,6.65,14.1,False,Биоудобрение,A
Брокколи,2024-12-06,91,1.31,17.8,5.85,10.6,False,Минеральное,B
Брокколи,2026-06-06,85,1.31,19.0,7.29,12.7,False,Комплексное,A
Краснокочанная,2025-02-21,116,3.01,19.2,6.05,8.5,False,Минеральное,B
Белокочанная,2026-05-03,107,3.44,23.6,6.07,10.7,False,Минеральное,A
Пекинская,2025-12-18,62,1.49,17.9,6.7,12.5,False,Комплексное,A
Белокочанная,2025-03-19,103,1.85,22.4,5.75,14.4,False,Минеральное,A
Брюссельская,2026-03-29,119,0.66,8.5,6.46,11.9,False,Минеральное,A
Белокочанная,2026-03-10,111,1.84,24.6,7.31,14.4,False,Комплексное,A
Пекинская,2025-08-28,74,0.97,13.8,6.28,10.6,False,Биоудобрение,A
Брокколи,2025-05-17,72,1.5,14.6,6.99,13.1,False,Биоудобрение,A
Савойская,2026-05-11,103,0.73,16.7,5.33,18.0,False,Без удобрений,C
Краснокочанная,2026-01-28,130,1.98,19.1,7.3,11.1,False,Органическое,A
Пекинская,2024-03-23,68,1.02,17.3,6.23,12.8,False,Комплексное,A
Цветная,2024-03-24,98,0.69,18.8,7.47,18.0,False,Комплексное,B
Кольраби,2025-02-06,89,0.78,7.1,6.24,8.5,False,Биоудобрение,A
Брокколи,2024-06-06,99,1.18,14.7,7.27,11.1,False,Органическое,B
Пекинская,2024-11-10,45,1.17,10.8,6.4,17.0,False,Комплексное,A
Брокколи,2025-12-17,89,1.09,16.2,6.07,18.6,False,Минеральное,B
Брюссельская,2025-08-07,121,0.56,8.2,7.53,14.0,False,Комплексное,B
Белокочанная,2024-12-24,103,1.82,20.0,7.31,9.7,False,Комплексное,B
Брокколи,2026-06-01,82,1.34,14.2,7.57,13.3,False,Комплексное,A
Брюссельская,2024-04-12,91,0.58,4.8,6.52,8.3,False,Минеральное,B
Цветная,2025-05-21,76,0.89,16.0,5.21,12.2,False,Комплексное,B
Белокочанная,2024-07-12,128,3.5,17.1,6.66,8.4,False,Органическое,B
Брокколи,2025-02-25,67,1.53,11.7,5.84,16.0,False,Комплексное,A
Савойская,2026-01-29,137,1.48,12.9,6.31,13.8,True,Биоудобрение,C
Белокочанная,2024-12-25,140,2.1,20.5,5.51,21.6,True,Без удобрений,D
Брюссельская,2025-08-24,113,0.64,5.5,7.3,13.2,False,Биоудобрение,B
Цветная,2025-05-29,117,0.96,20.8,7.02,8.7,False,Комплексное,A
Пекинская,2025-08-21,61,1.26,14.2,7.19,11.8,True,Органическое,C
Савойская,2025-10-22,124,2.26,21.1,6.05,17.6,False,Минеральное,B
Краснокочанная,2025-02-08,128,2.61,22.8,7.37,10.5,False,Органическое,B
Брюссельская,2026-03-30,108,0.92,5.6,6.4,8.4,False,Комплексное,A
Цветная,2026-03-25,75,1.01,14.9,5.27,7.8,False,Комплексное,B
Цветная,2025-02-18,91,1.36,12.3,7.08,7.2,False,Минеральное,B
Савойская,2026-01-09,137,1.78,18.8,5.57,9.7,False,Комплексное,B
Цветная,2024-12-16,118,1.7,20.2,7.31,15.1,False,Комплексное,A
Белокочанная,2024-03-18,108,3.21,18.7,6.38,11.0,False,Минеральное,B
Брюссельская,2026-03-07,117,0.91,6.0,7.23,16.3,False,Минеральное,B
Пекинская,2025-02-15,47,0.88,10.2,7.36,19.3,False,Органическое,C
Савойская,2025-07-16,120,2.35,18.3,5.55,9.2,False,Биоудобрение,B
Белокочанная,2024-04-27,112,3.22,19.3,6.01,16.5,False,Органическое,B
Савойская,2024-07-04,125,1.97,20.4,6.22,3.1,False,Минеральное,B
Цветная,2026-04-16,125,1.23,11.5,5.22,19.6,True,Минеральное,D
Цветная,2026-01-26,107,1.18,15.4,6.33,12.0,False,Минеральное,A
Пекинская,2024-05-10,77,1.14,13.6,6.8,8.7,False,Биоудобрение,A
Цветная,2025-03-16,87,0.77,10.9,7.1,7.9,True,Минеральное,D
Пекинская,2026-02-01,47,0.87,9.6,6.83,13.2,False,Органическое,A
Кольраби,2025-08-14,89,0.49,12.1,5.61,7.5,False,Комплексное,C
Брокколи,2026-05-01,68,1.33,15.3,6.29,7.5,False,Комплексное,A
Савойская,2024-12-27,122,1.44,21.9,5.65,13.4,False,Органическое,B
Пекинская,2026-04-24,73,1.38,15.2,6.84,15.3,False,Минеральное,A
Кольраби,2025-05-29,87,0.74,7.8,7.18,11.2,True,Минеральное,C
Пекинская,2026-05-22,72,1.1,14.8,6.57,12.1,False,Органическое,A
Савойская,2025-12-02,119,1.42,22.5,6.11,14.8,False,Биоудобрение,B
Краснокочанная,2024-07-03,115,2.64,20.3,6.79,5.6,False,Комплексное,B
Брюссельская,2025-03-28,121,0.94,7.4,6.54,18.6,False,Органическое,A
Краснокочанная,2024-09-25,120,2.43,17.0,6.44,9.6,False,Минеральное,A
Цветная,2025-10-20,95,1.9,18.5,6.12,15.6,False,Минеральное,B
Кольраби,2025-07-28,63,0.94,10.3,6.12,12.4,False,Без удобрений,B
Брюссельская,2025-11-07,120,0.28,6.8,5.83,21.7,True,Без удобрений,D
Брюссельская,2024-08-29,109,0.76,4.0,5.3,12.6,False,Минеральное,B
Цветная,2024-05-24,71,1.83,14.4,6.72,21.9,False,Биоудобрение,A
Цветная,2025-09-12,81,1.85,16.9,5.97,7.6,False,Биоудобрение,B
Брокколи,2026-02-26,79,0.58,11.4,7.59,14.8,False,Комплексное,A
Краснокочанная,2026-03-25,121,1.29,19.2,7.18,16.7,True,Без удобрений,D
Брюссельская,2025-10-16,124,0.32,4.1,7.2,8.4,True,Комплексное,C
Краснокочанная,2026-05-31,100,2.14,17.0,5.9,8.5,False,Без удобрений,A
Краснокочанная,2024-10-13,115,0.96,15.7,5.3,17.8,True,Биоудобрение,D
Пекинская,2025-06-14,62,0.52,9.7,5.46,16.0,False,Без удобрений,C
Савойская,2025-04-28,104,2.04,19.0,6.22,8.3,True,Органическое,B
Савойская,2024-11-12,98,2.44,18.4,6.29,11.9,False,Органическое,A
Савойская,2025-06-09,122,2.04,13.8,6.94,13.4,False,Биоудобрение,A
Краснокочанная,2026-05-01,151,1.99,18.8,5.37,15.7,True,Минеральное,C
Пекинская,2025-10-10,66,1.13,15.0,7.13,13.6,True,Комплексное,C
Брокколи,2025-02-02,66,1.24,11.3,6.34,17.1,False,Органическое,A
Брюссельская,2025-04-27,126,0.41,7.9,7.0,14.2,False,Комплексное,A
Краснокочанная,2025-01-25,114,1.33,16.0,6.9,12.0,False,Без удобрений,B
Брокколи,2024-09-24,72,0.95,18.7,7.03,17.6,False,Комплексное,A
Брюссельская,2024-07-01,99,0.42,5.8,6.17,15.9,False,Без удобрений,B
Кольраби,2024-05-02,71,0.96,12.6,5.47,15.5,False,Органическое,A
Кольраби,2024-06-03,79,0.68,8.2,6.28,15.7,False,Без удобрений,B
Пекинская,2026-02-04,71,1.1,14.3,7.06,13.5,True,Без удобрений,C
Пекинская,2024-11-09,76,0.61,14.4,6.92,17.8,False,Минеральное,A
Белокочанная,2025-03-30,99,4.23,20.1,6.04,11.9,False,Комплексное,A
Кольраби,2024-03-22,71,0.48,11.6,6.79,20.3,False,Без удобрений,C
Цветная,2025-05-10,86,1.23,18.2,5.55,15.4,True,Комплексное,C
Брокколи,2026-05-16,61,1.46,10.7,6.98,15.0,False,Комплексное,A
Пекинская,2025-05-21,81,0.61,12.8,7.21,11.7,False,Минеральное,B
Савойская,2025-07-25,128,2.01,22.8,6.86,10.6,False,Комплексное,A
Краснокочанная,2024-12-10,106,1.29,17.0,6.81,7.0,False,Биоудобрение,B
Брокколи,2025-01-08,83,0.94,18.1,6.24,17.3,False,Биоудобрение,B
Савойская,2024-07-31,127,1.03,19.5,5.29,18.7,True,Органическое,D
Кольраби,2026-05-26,90,0.39,7.9,5.88,7.2,True,Без удобрений,D
Брокколи,2025-12-15,95,0.63,11.8,6.33,11.7,True,Без удобрений,C
Пекинская,2025-03-18,81,0.88,13.4,7.27,8.8,False,Органическое,B
Кольраби,2026-04-09,60,0.82,12.6,5.5,8.9,False,Комплексное,A
Савойская,2025-03-26,107,1.25,16.2,7.14,14.3,False,Минеральное,A
Пекинская,2026-04-23,77,1.74,15.4,6.53,11.9,False,Минеральное,A
Цветная,2025-02-03,106,2.24,13.5,5.63,12.5,False,Органическое,B
Савойская,2025-04-17,109,1.98,15.6,6.62,11.6,False,Органическое,A
Краснокочанная,2025-05-26,136,2.76,21.1,6.75,9.4,False,Комплексное,A
Белокочанная,2025-01-18,126,1.47,17.1,5.98,7.2,False,Комплексное,B
Брюссельская,2024-10-03,94,0.99,6.5,5.92,11.4,False,Комплексное,A
Кольраби,2024-08-09,81,0.64,9.4,5.32,12.9,False,Минеральное,B
Брюссельская,2024-09-18,91,1.07,6.3,5.68,17.0,False,Комплексное,A
Брюссельская,2024-10-20,94,0.3,4.0,7.06,5.2,False,Без удобрений,C
Кольраби,2024-11-22,59,0.28,9.1,6.69,8.5,True,Биоудобрение,B
Брокколи,2025-11-16,101,1.3,13.1,7.34,11.6,False,Комплексное,A
Брюссельская,2026-05-25,102,0.66,5.6,6.41,11.8,False,Минеральное,A
Брокколи,2024-12-19,82,1.74,11.8,7.22,14.7,False,Комплексное,A
Савойская,2024-07-05,105,1.2,16.2,7.19,11.3,False,Комплексное,A
Краснокочанная,2026-04-08,139,3.08,23.2,6.27,11.6,False,Биоудобрение,A
Белокочанная,2025-05-02,96,2.35,25.3,5.32,15.4,False,Биоудобрение,C
Цветная,2024-07-15,83,0.78,15.6,5.38,8.6,False,Без удобрений,C
Брокколи,2025-08-09,84,0.64,9.9,5.3,9.7,False,Без удобрений,C
Цветная,2026-03-19,74,1.36,16.0,7.13,15.3,False,Комплексное,A
Краснокочанная,2025-05-24,103,2.78,15.6,6.75,16.1,False,Органическое,A
Савойская,2024-05-27,135,1.58,16.5,7.15,16.7,True,Органическое,D
Брюссельская,2024-03-08,126,0.95,6.6,7.0,14.0,False,Комплексное,A
Цветная,2024-08-05,92,1.75,11.6,5.21,14.7,False,Без удобрений,B
Брюссельская,2026-02-17,113,0.97,6.1,5.94,9.5,False,Минеральное,B
Савойская,2026-05-28,133,2.83,22.5,6.64,13.1,False,Органическое,A
Краснокочанная,2025-01-15,107,1.57,18.0,5.66,14.2,False,Биоудобрение,A
Цветная,2025-04-17,104,1.03,18.0,7.19,10.6,False,Органическое,B
Брюссельская,2025-04-09,101,0.32,4.4,5.62,7.1,False,Биоудобрение,B
Брюссельская,2024-08-10,92,0.65,4.1,5.78,6.6,False,Минеральное,B
Кольраби,2025-12-16,89,0.83,13.0,6.89,18.1,False,Органическое,B
Краснокочанная,2024-04-10,115,2.66,18.9,6.28,9.3,False,Без удобрений,A
Краснокочанная,2024-03-20,109,1.91,18.3,6.85,15.6,False,Минеральное,B
Савойская,2025-05-17,132,2.12,19.7,6.03,16.2,False,Биоудобрение,B
Пекинская,2025-10-16,55,1.71,14.3,6.52,12.1,False,Комплексное,A
Пекинская,2026-01-16,75,1.71,15.3,6.7,13.8,False,Минеральное,A
Пекинская,2025-02-24,73,0.95,8.7,7.37,7.4,True,Комплексное,C
Савойская,2026-01-20,120,1.0,18.3,5.39,14.1,False,Комплексное,A
Кольраби,2025-07-04,73,0.9,10.9,6.1,12.2,False,Органическое,B
Цветная,2025-06-11,108,1.49,15.3,6.11,4.3,True,Без удобрений,D
Брюссельская,2025-09-17,115,0.57,4.1,5.87,8.8,True,Минеральное,C
Белокочанная,2026-03-31,134,2.42,27.0,5.99,16.0,False,Органическое,A
Белокочанная,2025-11-01,117,2.32,23.7,6.19,12.3,False,Комплексное,A
Цветная,2026-03-22,82,1.07,12.2,5.27,15.7,False,Биоудобрение,B
Кольраби,2024-04-10,91,0.34,10.2,7.58,16.2,False,Органическое,A
Пекинская,2025-02-25,55,1.94,10.5,7.47,11.5,False,Комплексное,A
Цветная,2025-10-17,89,1.5,21.8,6.22,13.2,False,Без удобрений,B
Белокочанная,2025-08-30,111,3.81,23.8,6.41,14.6,False,Комплексное,A
Белокочанная,2024-10-27,113,2.21,16.0,7.15,8.3,True,Комплексное,C
Белокочанная,2024-07-11,121,1.6,19.5,5.36,13.9,False,Минеральное,B
Кольраби,2025-08-28,85,1.01,12.3,6.27,13.7,False,Органическое,A
Белокочанная,2024-12-12,110,1.67,15.4,5.65,11.2,False,Органическое,A
Белокочанная,2024-12-27,106,2.44,18.8,7.22,13.6,False,Органическое,A
Савойская,2024-04-18,109,2.19,18.2,6.93,13.9,False,Органическое,B
Кольраби,2024-07-12,94,0.86,9.5,6.78,5.9,True,Минеральное,C
Кольраби,2025-07-16,85,0.73,7.5,6.22,12.2,False,Органическое,B
Краснокочанная,2025-08-28,119,2.06,14.9,7.53,13.7,False,Органическое,A
Брюссельская,2025-01-21,119,0.81,4.2,6.02,3.8,False,Без удобрений,C
Белокочанная,2025-07-24,107,2.97,23.9,7.51,9.4,False,Комплексное,B
Цветная,2025-08-05,90,1.09,15.6,6.0,14.8,False,Минеральное,A
Брюссельская,2025-01-08,110,0.65,8.7,6.64,13.6,False,Комплексное,A
Брокколи,2025-06-11,85,0.49,11.9,5.22,19.5,False,Без удобрений,C
Цветная,2025-03-03,88,2.25,21.8,6.84,10.9,False,Органическое,A
Брокколи,2025-06-10,70,1.13,18.9,6.32,21.0,False,Комплексное,B
Краснокочанная,2026-04-20,123,0.96,20.2,7.42,12.7,True,Комплексное,C
Краснокочанная,2024-07-06,134,2.69,25.1,7.08,12.5,False,Комплексное,A
Белокочанная,2026-02-09,113,1.44,16.7,7.57,9.1,True,Минеральное,D
Кольраби,2024-04-30,66,0.55,8.7,6.87,9.2,True,Комплексное,C
Цветная,2025-06-18,99,1.16,15.0,7.06,10.9,False,Комплексное,B
Кольраби,2026-01-03,63,0.37,10.6,7.34,7.1,True,Органическое,D
Кольраби,2025-05-27,80,0.99,7.6,6.7,16.4,False,Органическое,B
Краснокочанная,2024-06-16,120,1.78,17.2,7.43,12.4,False,Комплексное,A
Брокколи,2026-06-14,90,0.53,12.6,6.09,10.9,False,Минеральное,A
Брюссельская,2024-09-19,91,1.3,7.4,6.95,17.7,False,Минеральное,A
Брокколи,2024-07-20,81,0.6,14.7,5.96,17.2,False,Без удобрений,C
Белокочанная,2025-12-16,129,1.82,22.5,5.53,9.6,False,Минеральное,B
Краснокочанная,2026-01-21,115,2.53,16.6,5.94,17.1,False,Минеральное,A
Савойская,2025-01-18,138,1.54,16.4,7.06,18.5,True,Комплексное,C
Краснокочанная,2025-08-29,120,2.38,15.9,5.86,14.6,False,Комплексное,A
Цветная,2024-05-01,72,1.11,14.6,6.48,12.3,False,Комплексное,A
Пекинская,2025-02-20,55,1.21,10.6,6.43,9.6,False,Комплексное,B
Цветная,2024-04-16,111,1.96,20.6,7.29,12.0,False,Биоудобрение,B
Брюссельская,2024-07-13,108,1.13,5.5,6.06,11.8,False,Минеральное,A
Пекинская,2024-04-04,79,1.75,17.3,5.93,12.7,False,Минеральное,A
Савойская,2026-03-30,109,2.5,22.7,6.81,10.5,False,Минеральное,A
Брюссельская,2025-12-29,110,0.31,4.2,7.13,14.8,True,Биоудобрение,C
Цветная,2026-03-19,110,1.97,20.4,5.68,11.4,False,Минеральное,B
Брюссельская,2025-06-23,103,0.75,4.5,5.27,9.3,True,Комплексное,D
Белокочанная,2024-10-09,141,2.65,16.1,5.52,20.0,False,Биоудобрение,B
Брюссельская,2024-11-29,123,0.34,6.5,7.45,7.9,True,Биоудобрение,D
Брокколи,2026-03-14,99,0.86,13.0,5.83,16.1,False,Биоудобрение,B
Кольраби,2026-03-13,65,0.59,7.6,5.66,17.9,False,Комплексное,A
Брюссельская,2024-03-25,122,0.74,5.7,5.59,10.8,False,Биоудобрение,B
Белокочанная,2026-04-24,113,1.64,16.5,6.8,16.2,False,Органическое,A
Краснокочанная,2024-03-17,138,1.43,18.4,6.04,18.8,False,Минеральное,B
Цветная,2025-10-23,98,1.96,21.7,6.06,15.5,False,Биоудобрение,B
Савойская,2024-09-28,135,3.03,17.5,6.7,11.7,False,Органическое,A
Кольраби,2025-08-15,79,0.29,5.9,7.51,7.7,False,Без удобрений,C
Савойская,2024-05-09,119,2.8,19.9,5.82,17.4,False,Комплексное,B
Цветная,2024-10-08,72,0.99,9.5,7.3,20.9,False,Без удобрений,C
Кольраби,2024-10-14,76,0.54,10.2,5.27,17.4,True,Комплексное,D
Савойская,2025-11-17,128,1.73,23.3,6.34,16.4,False,Комплексное,A
Кольраби,2026-01-15,65,0.46,9.7,7.39,9.0,False,Без удобрений,B
Савойская,2024-08-24,105,1.86,20.1,5.27,10.4,False,Биоудобрение,C
Пекинская,2025-11-01,60,0.63,12.2,7.59,11.4,False,Органическое,B
Кольраби,2025-02-23,61,0.72,9.2,5.48,8.5,True,Органическое,C
Белокочанная,2025-11-10,111,1.33,15.4,5.88,16.3,True,Комплексное,C
Брокколи,2025-07-19,81,1.54,9.8,6.76,6.1,False,Комплексное,B
Брюссельская,2025-02-07,123,0.63,5.6,5.3,6.6,True,Органическое,D
Брокколи,2025-02-11,76,1.03,11.4,5.45,15.8,False,Без удобрений,C
Брюссельская,2025-04-15,130,1.15,7.2,5.55,9.1,False,Биоудобрение,B
Брокколи,2025-06-03,86,1.18,16.8,5.82,18.0,False,Комплексное,B
Цветная,2025-08-28,111,1.85,16.0,5.96,12.8,False,Без удобрений,B
Брюссельская,2024-06-02,110,0.56,6.0,6.41,8.9,False,Комплексное,A
Пекинская,2024-06-21,61,1.9,16.6,6.23,12.4,False,Биоудобрение,A
Кольраби,2024-03-03,87,0.82,7.9,5.9,7.7,False,Без удобрений,B
Брокколи,2026-02-12,75,1.25,20.1,7.37,13.8,False,Комплексное,A
Цветная,2026-05-04,74,0.95,14.9,6.39,15.5,False,Органическое,A
Кольраби,2026-01-05,78,0.33,9.9,6.41,6.7,True,Органическое,C
Белокочанная,2025-02-05,104,1.21,24.3,7.4,14.0,False,Без удобрений,B
Пекинская,2025-12-13,79,0.97,17.7,6.17,11.8,False,Минеральное,A
Кольраби,2026-06-14,74,0.86,6.5,7.52,12.4,False,Без удобрений,C
Кольраби,2024-04-02,92,0.88,11.3,7.58,14.4,True,Комплексное,D
Кольраби,2024-05-24,84,0.68,13.1,6.78,7.9,False,Минеральное,B
Кольраби,2026-05-29,82,0.63,10.4,5.92,16.5,False,Комплексное,A
Кольраби,2025-01-09,74,0.36,11.5,5.36,15.3,False,Комплексное,A
Брокколи,2024-09-29,74,1.26,16.3,6.9,12.0,False,Органическое,A
Савойская,2024-07-04,103,2.31,14.5,5.95,13.2,False,Органическое,A
Брюссельская,2026-05-09,111,0.38,7.3,6.04,6.2,True,Комплексное,C
Белокочанная,2024-12-29,115,2.89,22.6,5.96,5.7,False,Биоудобрение,B
Кольраби,2026-05-15,85,0.86,8.9,7.17,19.3,False,Минеральное,B
Брокколи,2024-04-17,68,1.28,13.4,6.55,16.3,False,Органическое,A
Краснокочанная,2025-07-16,137,2.28,18.7,6.07,11.7,False,Минеральное,A
Брюссельская,2024-07-24,118,1.19,4.5,5.6,7.5,False,Комплексное,B
Пекинская,2025-12-21,57,0.88,15.7,6.46,13.7,True,Комплексное,B
Пекинская,2024-08-14,57,1.78,16.5,7.12,15.6,False,Минеральное,A
Краснокочанная,2024-06-20,118,2.17,16.4,7.41,14.5,False,Минеральное,B
Савойская,2026-02-12,121,1.99,22.8,5.89,15.3,False,Органическое,A
Пекинская,2025-01-19,77,1.32,9.7,5.37,8.0,False,Комплексное,B
Брокколи,2025-05-09,95,1.19,14.4,7.39,5.6,False,Органическое,B
Брокколи,2026-01-10,88,1.2,14.4,5.8,8.2,True,Биоудобрение,C
Краснокочанная,2026-05-03,119,2.67,18.2,7.17,12.8,False,Биоудобрение,B
Брокколи,2026-05-30,68,1.0,15.2,7.32,16.0,False,Комплексное,B
Белокочанная,2024-06-01,94,3.11,15.0,7.15,18.8,False,Комплексное,B
Савойская,2024-03-10,123,1.64,17.1,5.65,17.2,True,Органическое,D
Брокколи,2024-08-23,62,0.56,12.9,7.18,15.6,False,Органическое,B
Пекинская,2025-11-07,58,0.89,10.3,5.71,12.5,True,Органическое,C
Брюссельская,2024-03-15,124,1.1,4.0,5.76,10.8,False,Минеральное,B
Савойская,2024-12-15,99,1.87,19.5,6.47,16.6,True,Органическое,B
Савойская,2025-08-10,99,1.0,15.3,5.33,4.8,False,Комплексное,C
Краснокочанная,2024-03-25,144,1.79,18.9,7.38,17.6,False,Органическое,B
Кольраби,2025-06-30,59,0.69,9.8,6.71,13.8,False,Минеральное,A
Цветная,2025-01-12,100,1.22,13.8,6.54,16.5,True,Биоудобрение,B
Савойская,2025-11-12,102,2.0,12.4,5.84,11.7,True,Без удобрений,D
Пекинская,2025-12-12,66,1.31,16.7,5.8,15.2,False,Комплексное,A
Пекинская,2026-02-20,48,0.81,15.2,7.32,6.1,False,Комплексное,B
Кольраби,2025-02-18,60,1.01,12.5,6.64,6.6,False,Комплексное,B
Брокколи,2026-01-19,81,1.22,10.4,5.65,16.3,False,Комплексное,A
Пекинская,2025-04-08,72,1.32,12.3,5.8,13.7,False,Комплексное,A
Белокочанная,2025-12-07,138,2.66,17.0,5.34,11.3,False,Минеральное,B
Кольраби,2025-09-10,78,0.47,7.2,5.97,11.6,False,Органическое,A
Брокколи,2024-10-03,90,1.63,18.4,6.72,16.1,False,Комплексное,A
Брокколи,2024-07-02,78,0.67,12.2,6.35,9.7,False,Без удобрений,B
Брюссельская,2025-03-23,108,1.29,8.1,6.05,14.6,False,Комплексное,B
Пекинская,2025-02-04,79,1.11,15.8,5.49,12.0,False,Комплексное,A
Брокколи,2025-03-03,60,0.52,18.9,6.89,4.9,False,Комплексное,B
Пекинская,2026-02-21,63,1.18,14.9,5.73,12.9,False,Минеральное,B
Савойская,2024-07-09,118,2.68,15.3,5.98,12.6,False,Минеральное,B
Брокколи,2025-04-28,74,1.14,13.1,5.31,15.0,False,Органическое,B
Кольраби,2024-08-06,65,0.5,12.5,5.63,11.1,False,Органическое,B
Цветная,2024-04-03,80,1.52,11.3,5.41,18.9,False,Минеральное,B
Цветная,2024-09-19,112,1.26,17.5,6.65,17.0,False,Комплексное,A
Белокочанная,2025-05-23,109,3.82,18.6,6.41,11.5,False,Минеральное,A
Брюссельская,2024-10-02,91,0.75,5.4,6.44,4.8,False,Биоудобрение,B
Брокколи,2024-08-17,73,1.57,18.7,6.57,14.0,False,Комплексное,A
Савойская,2025-07-13,134,1.88,17.4,5.79,19.0,False,Биоудобрение,B
Кольраби,2024-08-29,83,0.63,7.9,5.66,11.6,False,Комплексное,B
Брюссельская,2025-11-04,115,0.53,8.1,6.95,9.2,False,Комплексное,A
Кольраби,2025-11-21,58,0.93,11.4,7.52,12.6,False,Органическое,A
Цветная,2024-05-25,112,1.04,11.0,6.45,7.4,False,Без удобрений,B
Пекинская,2024-06-12,75,1.1,10.9,6.51,11.0,False,Органическое,A
Пекинская,2025-07-19,47,0.59,14.9,7.52,7.4,False,Комплексное,B
Белокочанная,2024-05-18,99,1.6,13.3,6.13,18.6,False,Без удобрений,B
Пекинская,2024-11-04,45,1.01,9.2,7.15,7.7,False,Без удобрений,B
Пекинская,2024-07-04,71,1.04,13.1,6.52,17.0,True,Без удобрений,C
Кольраби,2025-07-11,55,0.75,10.5,6.73,8.8,False,Без удобрений,B
Краснокочанная,2025-06-18,118,2.8,18.3,6.1,7.4,False,Комплексное,A
Кольраби,2024-06-25,62,0.35,13.8,6.09,15.9,False,Минеральное,A
Кольраби,2024-03-12,60,0.31,8.1,5.52,19.6,False,Комплексное,A
Белокочанная,2025-09-10,105,1.59,16.3,7.44,14.7,False,Без удобрений,B
Пекинская,2024-08-30,56,1.49,13.0,5.84,15.6,False,Комплексное,A
Белокочанная,2024-08-15,102,2.64,26.4,5.41,16.3,False,Комплексное,B
Кольраби,2026-01-25,85,0.96,8.9,5.26,13.0,False,Без удобрений,C
Савойская,2025-11-03,108,1.56,14.9,5.22,11.5,False,Комплексное,B
Брюссельская,2024-05-25,108,1.4,3.8,6.36,16.3,False,Комплексное,B
Брюссельская,2026-05-08,126,0.6,5.2,5.38,12.5,False,Органическое,B
Кольраби,2025-06-01,61,0.93,11.1,5.35,13.9,False,Комплексное,B
Кольраби,2025-04-07,75,0.9,6.6,5.85,12.7,False,Органическое,A
Савойская,2025-06-09,131,1.02,21.3,6.74,16.0,False,Минеральное,A
Белокочанная,2025-03-05,104,2.97,19.5,5.46,13.0,False,Без удобрений,B
Белокочанная,2025-03-08,137,2.93,16.4,5.27,11.7,True,Комплексное,C
Краснокочанная,2025-06-15,139,1.9,17.6,5.32,9.1,False,Комплексное,B
Краснокочанная,2024-08-15,143,1.0,17.5,7.35,13.7,True,Комплексное,C
Пекинская,2025-09-07,64,1.23,10.9,7.56,7.8,False,Без удобрений,C
Брокколи,2025-06-19,85,1.24,10.0,6.25,17.3,False,Органическое,B
Краснокочанная,2025-06-04,148,2.58,14.0,6.21,8.5,False,Биоудобрение,A
Белокочанная,2024-11-13,118,3.04,17.2,6.89,11.3,False,Комплексное,A
Белокочанная,2025-11-23,128,2.68,23.3,7.4,9.2,False,Органическое,B
Савойская,2025-06-13,118,2.1,20.2,7.5,7.0,False,Комплексное,C
Брюссельская,2024-03-31,129,1.04,5.2,7.35,9.0,False,Минеральное,B
Брюссельская,2024-07-17,112,0.51,5.4,6.83,13.0,False,Комплексное,A
Брокколи,2026-01-07,74,1.51,18.5,6.29,18.4,False,Органическое,A
Савойская,2024-04-27,112,1.82,13.7,7.25,10.8,False,Без удобрений,B
Брюссельская,2026-02-04,125,0.78,4.4,7.56,16.6,False,Органическое,A
Белокочанная,2024-12-16,135,3.26,15.4,5.86,8.3,True,Биоудобрение,C
Краснокочанная,2024-05-19,123,1.99,14.7,5.45,8.5,False,Биоудобрение,B
Брюссельская,2024-08-31,95,0.56,4.3,7.26,13.4,False,Биоудобрение,B
Кольраби,2025-12-18,87,1.1,7.6,6.67,17.8,False,Минеральное,B
Пекинская,2025-12-28,53,0.89,15.2,7.38,6.9,False,Комплексное,B
Краснокочанная,2024-11-23,130,3.32,15.4,6.08,14.5,False,Комплексное,A
Цветная,2025-06-20,71,1.75,12.9,7.15,10.1,False,Биоудобрение,B
Пекинская,2026-03-31,58,1.54,17.9,6.35,8.2,False,Органическое,B
Брокколи,2024-03-14,102,0.91,9.9,6.22,12.5,True,Без удобрений,D
Краснокочанная,2026-06-10,146,2.26,16.6,5.55,13.9,False,Минеральное,B
Брюссельская,2025-05-23,100,0.98,4.3,5.4,11.4,False,Органическое,B
Брюссельская,2026-04-19,127,0.76,8.8,5.33,16.9,False,Комплексное,B
Савойская,2024-06-24,140,1.44,13.0,7.42,16.7,True,Комплексное,C
Брокколи,2026-04-21,76,0.67,18.0,6.11,8.5,False,Минеральное,B
Брюссельская,2024-12-02,107,0.94,6.3,5.53,8.5,False,Минеральное,B
Цветная,2025-10-14,108,1.08,21.0,6.08,3.9,False,Минеральное,B
Пекинская,2026-04-11,71,0.77,12.2,7.35,11.4,True,Органическое,D
Пекинская,2025-04-04,58,1.17,13.8,6.26,16.4,False,Без удобрений,B
Брюссельская,2026-06-15,92,1.09,6.0,7.23,3.2,False,Комплексное,C
Брокколи,2025-05-10,85,0.54,15.2,6.92,15.5,False,Комплексное,A
Краснокочанная,2024-04-28,143,1.56,14.9,5.41,12.0,False,Минеральное,B
Брюссельская,2025-02-17,110,0.76,5.0,6.6,16.4,False,Комплексное,A
Пекинская,2025-06-25,71,1.97,17.0,7.05,13.8,False,Комплексное,B
Пекинская,2025-07-11,55,1.07,11.5,7.3,12.9,False,Органическое,A
Брюссельская,2025-05-04,114,0.95,7.2,6.3,8.2,True,Минеральное,C
Савойская,2025-11-27,108,2.34,18.2,5.86,9.9,False,Комплексное,B
Белокочанная,2024-07-24,96,2.81,24.2,5.34,13.8,False,Минеральное,A
Савойская,2024-12-15,131,1.39,20.5,5.54,9.8,False,Органическое,B
Кольраби,2025-03-20,82,0.84,6.8,6.89,10.2,False,Органическое,A
Белокочанная,2025-04-12,125,2.23,14.5,7.1,15.3,True,Минеральное,B
Брокколи,2025-02-21,80,0.53,17.5,7.59,15.0,False,Минеральное,B
Брокколи,2024-04-19,94,1.27,12.2,7.58,15.2,False,Органическое,A
Пекинская,2025-05-04,57,0.61,11.9,6.77,13.9,False,Без удобрений,B
Савойская,2026-01-30,122,1.84,17.2,7.38,15.9,False,Комплексное,B
Брокколи,2025-02-14,63,0.7,18.3,7.04,9.7,False,Органическое,A
Брюссельская,2024-09-23,129,0.56,5.7,6.06,12.9,False,Органическое,A
Савойская,2024-09-13,103,1.21,18.3,6.86,16.6,True,Минеральное,B
Белокочанная,2025-06-19,97,1.89,16.3,5.25,12.5,True,Комплексное,C
Краснокочанная,2026-04-04,126,2.6,18.9,7.18,11.4,False,Без удобрений,B
Савойская,2025-06-08,113,1.09,19.9,6.87,15.7,False,Органическое,B
Цветная,2024-08-19,109,1.02,16.3,6.8,16.6,False,Минеральное,A
Савойская,2025-09-01,132,2.6,16.7,5.83,18.1,False,Минеральное,B
Брокколи,2026-01-24,80,1.67,14.6,6.94,11.9,False,Минеральное,A
Брокколи,2024-11-13,87,0.56,16.4,7.04,17.6,True,Органическое,C
Брокколи,2025-07-21,101,0.79,12.5,6.49,10.7,True,Без удобрений,C
Краснокочанная,2026-01-31,114,2.2,15.2,5.92,11.9,False,Комплексное,A
Белокочанная,2026-03-31,96,2.41,25.6,5.51,12.0,False,Органическое,B
Пекинская,2024-12-02,68,0.4,11.2,6.88,7.7,True,Без удобрений,C
Краснокочанная,2025-03-30,146,1.27,17.3,7.32,10.9,True,Органическое,C
Савойская,2026-04-18,117,2.3,17.4,6.55,8.1,False,Биоудобрение,A
Краснокочанная,2025-02-19,126,1.24,17.6,6.06,7.0,False,Минеральное,B
Брюссельская,2024-04-14,90,0.67,8.3,6.56,7.2,False,Минеральное,A
Краснокочанная,2024-05-13,124,2.89,18.5,5.73,9.5,False,Органическое,B
Краснокочанная,2025-10-29,149,2.87,19.2,5.51,18.4,False,Минеральное,B
Кольраби,2025-09-18,81,0.85,6.9,5.93,6.3,False,Комплексное,B
Цветная,2024-08-13,81,1.06,14.6,6.39,19.0,False,Комплексное,A
Брюссельская,2024-07-15,91,0.51,5.9,5.76,15.0,False,Минеральное,B
Краснокочанная,2025-10-06,133,2.06,16.4,7.18,14.9,False,Комплексное,A
Савойская,2024-08-25,118,1.86,16.5,5.66,9.8,False,Комплексное,A
Брюссельская,2026-05-29,106,1.08,4.4,5.36,15.5,False,Комплексное,C
Савойская,2025-01-10,108,2.37,16.0,7.04,15.0,False,Биоудобрение,A
Цветная,2025-04-28,111,0.56,17.3,5.39,7.3,True,Биоудобрение,D
Цветная,2025-07-31,115,1.98,18.0,6.8,11.1,True,Органическое,C
Савойская,2025-07-28,139,1.17,14.8,7.03,6.0,True,Биоудобрение,C
Брюссельская,2025-07-05,128,0.81,5.8,5.62,15.7,False,Комплексное,A
Кольраби,2025-11-16,72,0.64,7.5,5.32,15.7,False,Биоудобрение,B
Краснокочанная,2026-01-05,149,1.43,16.8,5.68,11.4,True,Комплексное,D
Белокочанная,2026-06-11,125,1.53,25.8,7.13,13.6,False,Минеральное,B
Брокколи,2025-02-01,94,0.89,17.1,5.56,16.3,False,Комплексное,B
Савойская,2024-03-05,122,1.39,13.5,7.38,14.8,False,Минеральное,B
Цветная,2025-05-26,115,2.1,19.6,6.19,10.3,False,Биоудобрение,A
Цветная,2026-01-02,82,1.25,15.9,5.85,18.3,True,Комплексное,C
Пекинская,2026-01-17,72,1.76,10.6,7.25,15.6,False,Минеральное,B
Брокколи,2025-02-15,97,1.24,15.0,6.7,19.5,False,Без удобрений,B
Кольраби,2025-08-10,79,1.08,11.4,5.65,17.9,False,Комплексное,B
Белокочанная,2024-06-28,96,3.11,18.4,6.59,12.5,False,Минеральное,A
Кольраби,2025-08-30,72,0.85,10.3,5.3,15.0,False,Без удобрений,C
Краснокочанная,2024-08-09,117,1.76,21.9,5.23,17.7,False,Минеральное,C
Брюссельская,2026-05-02,120,1.01,6.6,5.8,14.4,False,Минеральное,A
Цветная,2025-07-16,72,1.2,15.6,7.13,17.1,False,Минеральное,B
Краснокочанная,2025-04-06,128,2.84,20.8,5.8,8.6,False,Органическое,B
Белокочанная,2026-04-13,115,1.78,14.6,6.05,17.1,True,Комплексное,C
Брокколи,2025-05-04,64,0.94,13.8,5.51,12.4,False,Без удобрений,B
Брюссельская,2025-03-31,93,0.33,6.2,5.49,10.2,False,Без удобрений,B
Белокочанная,2025-06-05,136,1.91,17.1,5.7,9.5,False,Биоудобрение,B
Брокколи,2026-04-11,70,0.63,14.4,6.57,15.4,True,Комплексное,C
Кольраби,2024-05-09,93,0.73,10.1,6.46,14.7,True,Органическое,B
Краснокочанная,2024-06-15,121,2.55,13.0,5.41,17.8,False,Органическое,C
Брюссельская,2024-05-04,92,1.14,4.9,7.18,11.3,False,Комплексное,A
Кольраби,2026-01-25,69,0.83,9.4,6.2,5.3,True,Комплексное,C
Краснокочанная,2024-09-23,130,2.39,20.3,7.07,13.4,False,Комплексное,A
Пекинская,2024-03-22,62,1.27,15.5,6.47,8.9,True,Комплексное,B
Савойская,2025-03-30,118,1.58,16.6,7.01,13.1,True,Органическое,C
Краснокочанная,2024-05-19,128,2.39,20.6,7.15,11.6,False,Минеральное,A
Савойская,2026-04-21,126,1.31,17.0,5.28,14.3,False,Биоудобрение,A
Савойская,2024-10-30,125,1.08,22.5,6.83,17.1,False,Минеральное,A
Кольраби,2026-01-08,82,0.42,10.8,7.43,10.4,False,Без удобрений,B
Цветная,2024-06-06,98,1.89,23.1,6.87,12.0,False,Органическое,A
Савойская,2025-01-25,104,1.98,16.4,5.53,6.3,False,Биоудобрение,B
Краснокочанная,2025-01-17,104,1.94,18.3,6.97,10.0,False,Комплексное,A
Белокочанная,2025-12-25,128,2.79,19.7,6.08,9.5,False,Минеральное,B
Пекинская,2024-11-21,72,0.65,17.9,6.24,12.3,False,Минеральное,A
Цветная,2025-03-21,90,1.64,21.6,5.69,13.2,False,Органическое,A
Кольраби,2024-04-24,88,1.05,11.1,6.01,9.6,False,Минеральное,A
Белокочанная,2025-12-16,100,2.83,20.0,5.69,14.6,False,Комплексное,A
Брокколи,2026-05-01,91,1.5,12.0,5.59,17.3,False,Минеральное,B
Пекинская,2025-12-08,80,1.68,15.7,6.33,14.3,False,Органическое,A
Краснокочанная,2025-10-06,138,3.18,14.9,7.58,13.8,False,Органическое,B
Пекинская,2024-07-21,56,1.06,16.0,6.43,10.4,False,Комплексное,A
Цветная,2024-12-07,103,2.04,22.1,6.02,11.6,False,Органическое,A
Белокочанная,2024-10-24,117,2.79,19.3,6.03,13.4,False,Минеральное,A
Брюссельская,2025-06-01,122,0.8,5.5,6.59,13.3,False,Без удобрений,B
Цветная,2024-05-01,88,2.35,13.3,6.46,15.3,False,Органическое,A
Савойская,2024-10-02,138,1.47,16.8,5.25,14.8,False,Минеральное,B
Пекинская,2024-05-19,75,0.74,12.0,6.15,13.3,False,Без удобрений,A
Белокочанная,2024-10-28,110,3.41,21.5,7.47,11.8,False,Минеральное,B
Краснокочанная,2025-05-18,143,1.18,25.6,7.14,13.5,False,Комплексное,A
Краснокочанная,2025-04-02,133,1.72,22.2,6.19,13.5,False,Биоудобрение,A
Белокочанная,2025-08-29,100,3.75,17.2,6.73,4.5,False,Минеральное,B
Белокочанная,2025-08-06,137,1.51,24.5,5.95,12.0,False,Комплексное,A
Белокочанная,2024-12-29,102,2.85,24.2,6.21,14.9,False,Комплексное,A
Брокколи,2024-07-16,95,1.14,13.5,7.36,11.2,False,Комплексное,A
Савойская,2024-05-17,108,2.36,19.7,6.23,15.3,False,Органическое,A
Белокочанная,2025-06-15,132,2.36,13.9,5.38,21.3,False,Комплексное,B
Цветная,2025-12-15,93,0.98,12.7,7.43,17.1,False,Органическое,B
Краснокочанная,2024-11-16,136,2.93,21.1,6.29,13.2,False,Без удобрений,B
Савойская,2024-08-08,120,2.29,15.5,5.21,14.0,False,Минеральное,B
Цветная,2024-07-21,86,1.02,12.9,5.47,9.3,True,Биоудобрение,D
Цветная,2026-04-17,115,0.67,17.7,5.34,12.0,True,Комплексное,D
Савойская,2025-03-10,113,1.92,17.4,5.31,13.2,False,Комплексное,B
Пекинская,2025-07-07,80,1.48,15.1,6.74,11.3,False,Органическое,A
Белокочанная,2025-08-18,98,3.29,15.0,6.19,12.9,False,Комплексное,A
Белокочанная,2026-04-12,127,1.21,17.2,7.19,17.4,False,Без удобрений,C
Кольраби,2025-07-13,70,0.73,11.2,5.61,14.2,False,Органическое,B
Брюссельская,2026-03-02,125,1.0,8.0,5.22,13.9,False,Комплексное,A
Кольраби,2026-04-12,56,0.64,7.8,5.7,12.1,False,Минеральное,A
Брюссельская,2026-05-24,121,0.66,4.1,6.33,13.4,True,Без удобрений,C
Савойская,2026-05-19,114,1.78,12.8,6.48,18.3,True,Органическое,C
Цветная,2025-07-08,107,2.13,13.1,7.54,8.7,False,Минеральное,B
Брокколи,2025-06-25,75,0.99,14.2,6.46,10.8,False,Минеральное,A
Пекинская,2026-04-14,68,0.69,13.2,6.67,23.0,False,Органическое,B
Цветная,2024-09-09,72,0.89,13.8,5.63,15.6,False,Органическое,B
Брюссельская,2025-06-10,121,0.44,7.2,7.55,12.4,False,Комплексное,A
Брокколи,2025-06-13,81,1.14,18.7,6.48,10.0,False,Биоудобрение,A
Белокочанная,2026-01-09,116,2.92,26.2,5.68,12.7,False,Биоудобрение,B
Белокочанная,2024-12-26,130,2.21,17.7,7.14,11.7,False,Минеральное,B
Савойская,2026-06-03,101,2.31,17.6,5.45,10.7,False,Комплексное,B
Брокколи,2025-01-22,62,0.71,17.1,6.42,14.7,False,Без удобрений,A
Брокколи,2025-06-04,72,1.19,10.6,7.44,14.7,False,Минеральное,B
Краснокочанная,2024-08-18,142,1.55,18.8,7.24,13.3,False,Минеральное,B
Брокколи,2024-03-27,81,1.62,11.0,6.73,11.3,False,Биоудобрение,A
Брюссельская,2024-10-06,121,0.41,8.2,6.29,11.2,False,Минеральное,A
Брюссельская,2024-11-17,93,1.02,4.8,6.51,14.6,False,Без удобрений,A
Белокочанная,2024-07-31,140,1.52,22.9,5.77,14.3,False,Органическое,B
Брокколи,2025-08-19,79,0.68,18.0,6.98,15.3,False,Органическое,A
Кольраби,2025-10-11,85,0.79,12.2,7.17,6.1,False,Комплексное,B
Цветная,2024-12-08,114,2.46,20.0,6.27,17.4,False,Комплексное,A
Кольраби,2024-05-08,65,0.54,11.5,7.38,14.9,False,Комплексное,B
Кольраби,2025-06-14,91,0.39,6.9,5.49,10.2,True,Комплексное,C
Савойская,2025-02-22,125,1.86,18.9,6.1,13.3,True,Биоудобрение,C
Белокочанная,2025-05-23,121,1.72,19.2,5.47,15.4,False,Комплексное,A
Брокколи,2026-05-25,65,1.11,10.1,7.03,15.7,True,Комплексное,B
Брокколи,2025-06-16,82,0.73,18.5,6.15,15.2,False,Без удобрений,B
Пекинская,2025-10-10,69,0.86,14.0,5.36,2.0,False,Минеральное,C
Савойская,2025-12-30,118,1.94,20.1,5.31,14.6,False,Биоудобрение,B
Брокколи,2024-05-06,69,0.55,16.8,5.77,18.5,False,Органическое,B
Брокколи,2025-03-29,100,0.74,10.7,6.25,10.1,False,Органическое,A
Брокколи,2025-09-30,87,1.59,13.8,5.87,9.8,False,Минеральное,A
Краснокочанная,2024-11-01,116,1.65,20.2,7.54,3.2,False,Органическое,C
Брокколи,2024-12-29,92,0.36,14.8,6.06,14.1,True,Без удобрений,C
Белокочанная,2025-03-08,127,2.7,15.6,7.51,18.4,True,Минеральное,C
Цветная,2026-01-19,81,2.17,14.2,6.61,18.5,False,Минеральное,B
Брокколи,2024-11-08,64,0.96,14.5,5.95,16.9,False,Комплексное,A
Кольраби,2026-02-10,78,0.4,12.2,7.49,17.7,False,Минеральное,B
Брюссельская,2026-04-23,130,1.27,5.8,7.28,14.3,False,Комплексное,B
Брюссельская,2025-05-01,121,0.89,4.2,7.03,8.2,True,Органическое,C
Брюссельская,2026-05-02,107,0.8,4.1,6.28,12.7,False,Без удобрений,B
Брюссельская,2024-04-14,109,0.84,7.2,7.06,5.3,False,Органическое,B
Краснокочанная,2026-06-07,102,2.49,19.1,5.53,11.4,False,Комплексное,A
Белокочанная,2025-02-01,103,1.74,23.9,7.25,17.0,False,Органическое,B
Краснокочанная,2026-02-10,141,2.16,22.7,6.93,16.7,False,Органическое,A
Белокочанная,2025-12-10,121,2.54,18.4,5.64,15.3,True,Минеральное,C
Краснокочанная,2024-08-12,150,1.46,18.5,7.39,19.3,False,Комплексное,C
Цветная,2025-10-01,91,1.62,18.5,6.46,15.5,True,Комплексное,B
Цветная,2025-11-04,87,0.76,18.3,5.38,13.2,False,Без удобрений,B
Цветная,2025-07-21,102,1.65,13.7,6.92,17.7,False,Минеральное,B
Цветная,2024-04-28,76,1.31,14.2,5.93,17.7,False,Органическое,B
Цветная,2024-09-11,79,2.55,21.4,7.11,14.4,False,Минеральное,A
Кольраби,2025-03-30,78,0.94,12.6,5.81,16.6,False,Комплексное,B
Брокколи,2024-06-30,79,1.52,9.9,6.41,16.5,False,Минеральное,A
Брюссельская,2024-07-23,97,0.9,3.8,6.82,8.1,False,Биоудобрение,A
Пекинская,2024-08-30,59,0.58,11.9,6.09,16.6,True,Минеральное,C
Кольраби,2025-02-12,78,1.15,11.5,5.75,12.9,False,Комплексное,A
Белокочанная,2024-08-12,92,1.48,20.8,7.37,14.5,False,Биоудобрение,B
Брокколи,2024-07-12,100,0.69,12.8,6.55,7.2,True,Минеральное,B
Брюссельская,2024-06-06,105,0.46,4.6,7.59,14.7,False,Без удобрений,C
Брокколи,2026-01-08,87,1.06,17.6,7.0,20.7,False,Биоудобрение,B
Савойская,2026-04-09,133,1.33,16.0,5.32,14.5,False,Органическое,B
Савойская,2025-04-08,137,2.0,19.5,5.24,17.3,False,Минеральное,B
Брюссельская,2024-07-24,100,0.69,7.7,5.52,13.7,False,Органическое,A
Кольраби,2025-06-11,92,0.46,7.7,5.81,9.6,True,Без удобрений,D
Брюссельская,2025-08-21,127,1.15,7.3,5.94,15.9,False,Минеральное,B
Брюссельская,2024-08-28,130,0.94,6.3,7.15,19.6,False,Минеральное,B
Брюссельская,2025-06-01,105,1.0,4.5,7.01,16.7,False,Комплексное,A
Белокочанная,2024-08-01,138,2.78,17.4,7.58,16.2,True,Минеральное,D
Кольраби,2025-12-21,82,0.53,10.4,6.29,12.2,False,Минеральное,A
Цветная,2025-11-24,74,1.0,17.1,6.92,13.7,False,Органическое,A
Цветная,2025-12-06,81,1.36,13.2,5.32,9.7,False,Минеральное,B
Цветная,2024-12-25,75,1.82,17.6,7.04,7.8,False,Минеральное,B
Савойская,2024-03-21,114,1.07,19.4,5.31,12.6,False,Без удобрений,C
Брокколи,2024-09-03,97,1.42,16.8,5.97,11.5,False,Органическое,A
Краснокочанная,2025-12-08,145,1.44,21.4,6.87,9.5,False,Без удобрений,C
Савойская,2024-12-05,134,2.61,16.1,5.58,16.6,False,Органическое,A
Брюссельская,2026-06-14,127,0.74,7.5,6.44,18.9,False,Минеральное,B
Брюссельская,2024-09-27,118,1.01,6.7,7.02,13.3,False,Минеральное,A
Савойская,2025-04-02,99,0.84,19.1,7.12,13.6,False,Без удобрений,B
Брюссельская,2024-03-02,122,0.36,7.6,6.33,7.4,False,Органическое,A
Белокочанная,2025-07-06,139,2.67,23.1,7.22,17.0,False,Минеральное,B
Краснокочанная,2025-06-14,134,2.58,14.8,5.49,16.0,False,Минеральное,B
Савойская,2025-02-20,104,2.26,16.0,7.02,3.9,False,Минеральное,B
Брокколи,2025-07-15,64,1.12,10.6,5.7,12.4,False,Без удобрений,B
Брюссельская,2026-06-10,94,0.51,5.7,6.31,5.7,False,Комплексное,A
Пекинская,2026-01-02,73,0.98,15.4,6.17,14.7,False,Органическое,A
Белокочанная,2025-10-19,103,3.83,14.4,5.96,7.8,False,Биоудобрение,B
Краснокочанная,2026-05-21,131,3.06,24.4,7.58,12.0,False,Минеральное,B
Белокочанная,2025-01-02,139,2.03,26.9,7.21,11.3,False,Минеральное,B
Пекинская,2025-11-09,65,1.28,13.6,6.2,17.2,False,Органическое,B
Белокочанная,2025-02-06,101,3.16,26.3,6.07,7.7,False,Минеральное,B
Краснокочанная,2025-01-28,142,1.05,14.0,5.9,2.7,False,Без удобрений,C
Пекинская,2024-07-10,49,0.79,13.7,6.14,8.9,False,Без удобрений,B
Цветная,2025-07-25,81,1.82,19.1,6.36,10.7,False,Минеральное,B
Брокколи,2026-04-10,72,0.51,13.7,5.4,2.1,False,Минеральное,C
Цветная,2025-09-21,112,0.76,11.3,6.38,24.8,False,Без удобрений,C
Пекинская,2026-05-26,52,0.99,17.0,5.77,17.8,False,Комплексное,B
Брокколи,2025-01-02,77,1.01,16.7,6.36,15.7,False,Комплексное,A
Савойская,2025-08-15,122,1.94,13.3,5.79,13.5,True,Минеральное,D
Кольраби,2025-01-18,76,0.61,9.6,6.17,9.5,False,Без удобрений,A
Белокочанная,2025-09-27,107,1.95,18.8,7.37,7.3,False,Минеральное,B
Брокколи,2025-03-21,75,0.69,17.3,5.67,8.8,False,Органическое,B
Брокколи,2024-10-21,92,1.09,10.0,5.68,4.6,True,Комплексное,D
Цветная,2024-03-01,89,2.41,11.3,5.64,10.3,False,Минеральное,B
Брюссельская,2024-03-09,133,0.69,7.1,5.97,11.0,True,Минеральное,C
Краснокочанная,2024-12-02,101,2.5,21.6,6.05,9.3,False,Минеральное,B
Краснокочанная,2025-05-24,139,1.89,18.3,7.0,6.6,False,Минеральное,B
Брюссельская,2025-08-01,97,0.63,7.6,6.99,11.5,False,Минеральное,B
Брюссельская,2024-11-26,132,0.52,4.8,7.5,11.4,True,Минеральное,D
Брюссельская,2024-10-29,118,0.71,8.8,6.25,14.2,False,Минеральное,A
Краснокочанная,2025-09-13,142,2.17,23.1,7.01,15.2,False,Минеральное,B
Белокочанная,2025-12-15,141,1.33,15.0,7.07,16.1,True,Органическое,C
Белокочанная,2025-01-25,116,1.85,21.5,6.95,15.6,False,Органическое,A
Савойская,2024-09-09,125,1.44,13.8,6.66,13.2,True,Биоудобрение,B
Цветная,2025-11-18,108,1.3,20.1,7.47,9.6,False,Минеральное,A
Краснокочанная,2025-10-30,140,2.18,21.3,6.17,17.6,False,Комплексное,A
Кольраби,2024-09-11,69,0.83,13.0,6.32,15.8,False,Минеральное,A
Брокколи,2025-04-26,84,1.57,16.8,5.27,7.8,False,Комплексное,B
Брюссельская,2024-12-10,135,1.01,6.6,7.59,10.7,True,Минеральное,D
Краснокочанная,2024-03-18,124,1.27,17.7,7.43,8.2,False,Органическое,C
Белокочанная,2025-02-04,119,2.69,17.7,6.69,9.9,False,Органическое,B
Кольраби,2024-08-16,90,0.66,6.9,5.87,9.7,False,Минеральное,B
Белокочанная,2025-07-20,102,3.11,16.6,5.99,11.9,False,Без удобрений,B
Пекинская,2025-11-25,52,1.24,14.0,7.47,17.3,False,Без удобрений,C
Савойская,2024-05-06,96,2.59,15.2,7.07,9.6,False,Минеральное,B
Цветная,2024-10-16,120,1.3,12.7,6.28,16.7,True,Органическое,C
Пекинская,2024-03-03,73,0.99,8.8,7.29,10.7,True,Биоудобрение,C
Пекинская,2025-05-10,79,1.08,13.0,7.07,13.7,False,Органическое,B
Кольраби,2025-07-06,75,0.49,12.3,6.09,17.7,False,Органическое,B
Кольраби,2025-07-06,90,0.72,10.2,7.36,20.5,False,Органическое,B
Цветная,2026-06-04,93,1.82,17.1,5.98,10.4,False,Органическое,A
Брюссельская,2024-06-25,112,0.88,4.4,5.24,12.1,False,Комплексное,A
Краснокочанная,2025-05-13,127,1.3,20.6,7.04,13.7,False,Комплексное,A
Цветная,2024-04-16,114,1.32,10.8,5.3,15.4,False,Без удобрений,C
Белокочанная,2025-12-27,112,3.62,25.4,6.12,10.3,False,Минеральное,B
Белокочанная,2026-01-24,99,3.67,18.1,5.74,11.5,False,Органическое,B
Краснокочанная,2025-07-10,125,2.36,18.8,5.29,12.6,True,Комплексное,C
Брокколи,2025-04-16,86,0.55,14.6,6.89,12.5,True,Без удобрений,C
Брокколи,2025-07-21,71,1.21,9.9,6.72,14.0,True,Минеральное,C
Пекинская,2024-05-15,71,1.64,17.1,6.39,18.3,False,Биоудобрение,A
Пекинская,2025-12-02,48,0.61,10.9,6.51,11.6,False,Без удобрений,A
Савойская,2025-03-14,123,1.36,16.9,6.25,19.1,False,Без удобрений,B
Савойская,2026-05-15,132,2.72,18.6,7.01,15.8,False,Комплексное,A
Кольраби,2024-07-01,61,1.15,7.3,6.32,13.3,False,Комплексное,A
Краснокочанная,2024-11-27,116,1.61,14.2,7.2,13.5,False,Органическое,B
Цветная,2026-01-28,108,1.25,23.4,6.78,12.9,False,Минеральное,A
Краснокочанная,2024-10-11,129,1.44,20.3,7.44,15.1,False,Минеральное,B
Кольраби,2024-11-08,85,0.85,6.4,6.63,18.9,False,Органическое,B
Краснокочанная,2025-01-13,148,1.07,14.9,6.25,17.8,True,Органическое,D
Цветная,2025-03-30,77,0.94,14.0,5.41,15.4,False,Органическое,A
Цветная,2024-05-14,111,1.32,12.3,7.22,9.7,False,Комплексное,B
Брокколи,2025-09-06,71,1.23,12.9,6.41,21.0,False,Минеральное,A
Пекинская,2024-09-27,51,1.55,11.3,5.94,12.1,False,Минеральное,B
Пекинская,2024-11-05,65,1.13,14.4,5.57,9.3,False,Минеральное,B
Краснокочанная,2025-10-16,129,2.84,20.9,6.72,12.0,False,Комплексное,A
Брюссельская,2025-11-12,121,0.6,8.9,6.67,13.6,False,Комплексное,A
Брокколи,2025-07-30,78,0.77,12.2,5.83,17.1,True,Комплексное,D
Савойская,2024-04-02,102,1.57,17.5,5.66,6.1,False,Органическое,B
Пекинская,2025-09-19,51,1.33,11.0,6.83,13.5,False,Комплексное,A
Белокочанная,2024-08-09,126,2.57,21.3,5.8,13.9,True,Минеральное,C
Цветная,2024-09-15,103,1.44,11.5,5.37,8.8,False,Органическое,B
Краснокочанная,2025-01-20,126,2.44,13.8,6.59,18.2,False,Без удобрений,B
Брокколи,2024-04-08,97,0.71,12.9,7.48,2.9,True,Органическое,D
Цветная,2024-06-16,111,0.82,18.3,6.73,7.1,False,Биоудобрение,B
Брокколи,2024-07-07,102,1.54,14.0,5.36,12.0,False,Минеральное,B
Краснокочанная,2024-04-08,133,1.81,23.3,6.55,8.6,False,Биоудобрение,B
Брокколи,2025-09-17,80,0.44,16.6,5.42,5.8,False,Органическое,B
Кольраби,2024-05-24,66,0.27,6.7,7.42,13.1,False,Без удобрений,C
Брокколи,2024-08-29,82,0.93,14.0,6.15,13.5,True,Комплексное,B
Савойская,2024-05-04,105,1.77,20.6,5.75,8.2,False,Биоудобрение,B
Савойская,2026-04-29,130,2.19,22.6,5.99,16.3,False,Комплексное,A
Цветная,2024-12-24,88,1.39,12.0,5.76,17.3,False,Минеральное,B
Савойская,2026-03-25,130,1.35,21.9,7.56,13.1,False,Минеральное,B
Цветная,2025-12-24,75,0.75,19.8,5.24,14.8,False,Минеральное,B
Белокочанная,2026-03-20,105,3.04,22.8,5.65,10.9,False,Без удобрений,B
Пекинская,2024-10-01,47,0.71,9.8,5.77,14.3,False,Минеральное,B
Пекинская,2024-09-30,73,0.42,11.4,5.98,22.4,True,Органическое,D
Брюссельская,2024-07-12,108,0.36,5.9,7.03,5.4,False,Минеральное,B
Краснокочанная,2025-06-30,149,1.37,16.2,5.41,7.8,False,Органическое,B
Цветная,2024-03-30,95,1.25,15.1,6.53,7.9,True,Комплексное,C
Савойская,2026-05-31,114,1.39,15.9,6.2,13.8,True,Комплексное,B
Савойская,2026-02-20,102,1.01,15.9,5.65,17.4,False,Минеральное,B
Брюссельская,2025-10-17,110,0.8,5.3,5.6,15.9,False,Органическое,A
Савойская,2024-07-10,117,1.23,23.2,6.91,16.7,False,Комплексное,B
Краснокочанная,2025-04-15,107,1.14,14.0,7.16,10.1,False,Без удобрений,B
Брюссельская,2026-02-17,103,0.43,6.8,7.13,11.6,False,Минеральное,A
Кольраби,2026-03-02,75,0.49,12.3,5.83,4.9,False,Минеральное,C
Кольраби,2026-03-29,64,0.94,8.5,7.15,13.2,True,Биоудобрение,C
Брокколи,2024-06-15,95,0.79,10.7,5.7,14.4,False,Минеральное,B
Краснокочанная,2025-06-09,129,1.42,12.8,5.59,22.6,False,Минеральное,C
Цветная,2024-12-23,106,2.05,12.8,7.25,14.2,False,Комплексное,B
Брюссельская,2024-09-27,94,1.23,4.9,5.85,11.7,False,Биоудобрение,B
Брюссельская,2026-01-04,104,1.24,4.4,6.15,10.0,False,Органическое,A
Брюссельская,2024-07-08,104,0.9,8.4,6.98,14.2,False,Минеральное,B
Цветная,2025-11-19,120,1.45,16.3,5.56,11.9,False,Органическое,A
Пекинская,2024-06-09,49,1.3,12.7,7.47,13.0,False,Без удобрений,B
Пекинская,2025-07-01,74,1.55,16.1,7.55,14.7,False,Комплексное,B
Белокочанная,2025-07-22,133,3.77,20.2,6.5,13.7,False,Минеральное,A
Пекинская,2024-03-15,63,1.15,15.6,5.86,11.8,False,Органическое,B
Пекинская,2025-03-16,77,0.56,13.9,7.57,16.8,False,Минеральное,C
Цветная,2024-11-03,89,2.05,18.1,5.38,15.2,False,Органическое,C
Краснокочанная,2025-08-13,147,2.28,15.7,5.99,8.8,False,Комплексное,A
Цветная,2024-04-03,98,1.9,15.5,6.64,7.8,False,Минеральное,A
Пекинская,2026-03-29,52,0.59,12.1,7.31,6.4,False,Минеральное,C
Брокколи,2024-08-29,94,1.4,15.9,6.98,4.6,False,Минеральное,B
Пекинская,2024-05-31,70,1.0,14.9,7.03,16.5,True,Биоудобрение,C
Савойская,2024-10-01,96,2.26,20.7,5.78,16.1,False,Органическое,B
Брокколи,2024-07-05,72,0.84,11.4,6.22,10.7,False,Органическое,B
Савойская,2024-09-23,101,1.9,15.9,5.96,6.8,False,Органическое,B
Савойская,2024-04-05,128,0.93,18.9,6.25,13.3,True,Комплексное,B
Цветная,2025-10-02,113,1.92,10.8,5.53,19.9,False,Комплексное,B
Кольраби,2025-07-20,66,0.69,9.5,6.66,18.4,False,Комплексное,A
Краснокочанная,2025-05-07,122,1.16,18.0,7.51,13.3,False,Без удобрений,B
Пекинская,2024-04-21,58,1.68,13.3,5.46,10.5,False,Комплексное,B
Брюссельская,2026-02-27,104,1.18,8.5,6.96,15.2,False,Органическое,A
Цветная,2026-02-19,90,0.89,18.9,7.26,3.6,False,Комплексное,B
Цветная,2025-09-27,78,1.37,20.2,7.31,15.6,False,Органическое,B
Белокочанная,2025-08-11,132,1.9,23.6,5.22,18.4,False,Минеральное,C
Пекинская,2025-09-05,62,1.19,9.7,5.21,10.0,False,Биоудобрение,B
Брюссельская,2025-10-10,121,0.96,3.4,5.84,16.7,False,Без удобрений,B
Цветная,2025-01-24,116,0.93,13.3,6.76,10.9,False,Органическое,A
Савойская,2025-09-30,133,1.32,17.0,6.76,14.4,True,Биоудобрение,B
Цветная,2025-08-10,88,0.99,20.8,6.37,10.3,False,Минеральное,A
Белокочанная,2025-05-31,132,3.01,14.8,7.05,10.0,False,Без удобрений,B
Краснокочанная,2026-03-06,147,1.64,20.7,6.23,14.6,False,Органическое,A
Пекинская,2024-11-17,62,0.99,13.3,6.84,13.6,True,Минеральное,B
Савойская,2024-04-22,105,2.13,15.5,7.35,10.9,False,Без удобрений,A
Брюссельская,2024-07-09,110,0.37,5.3,5.92,4.4,False,Минеральное,C
Белокочанная,2025-02-07,97,2.03,26.8,6.92,14.4,False,Комплексное,A
Белокочанная,2025-11-27,110,3.03,24.3,6.03,7.4,False,Комплексное,B
Краснокочанная,2025-10-04,147,1.74,17.9,6.65,16.4,False,Комплексное,B
Краснокочанная,2026-03-17,140,2.12,14.6,6.27,12.3,False,Органическое,A
Цветная,2025-05-04,116,1.22,16.5,6.36,13.6,False,Без удобрений,A
Пекинская,2024-04-06,66,1.72,11.6,7.42,15.8,False,Комплексное,B
Кольраби,2024-03-20,74,0.68,6.5,6.57,16.9,False,Минеральное,B
Брюссельская,2024-04-08,117,0.89,4.9,5.25,12.3,False,Комплексное,B
Кольраби,2025-02-23,65,0.91,9.2,5.61,10.3,False,Минеральное,B
Белокочанная,2024-05-25,97,3.92,14.4,7.52,6.9,False,Комплексное,B
Брокколи,2025-02-25,82,1.12,13.3,5.62,12.2,False,Минеральное,B
Кольраби,2024-05-12,85,1.07,14.2,7.06,12.8,False,Минеральное,A
Краснокочанная,2025-12-01,110,2.11,17.0,5.3,15.8,False,Комплексное,B
Брокколи,2024-06-11,83,1.52,17.0,6.19,12.9,False,Минеральное,A
Брюссельская,2026-01-29,94,1.16,8.0,5.94,17.7,False,Биоудобрение,B
Савойская,2024-12-04,107,2.5,19.0,7.46,11.7,False,Комплексное,B
Краснокочанная,2026-03-05,120,1.13,13.0,7.26,15.9,False,Биоудобрение,B
Брюссельская,2025-04-19,123,0.82,3.9,5.76,18.2,False,Органическое,B
Кольраби,2025-04-11,85,1.05,9.9,6.8,10.9,False,Комплексное,A
Савойская,2025-02-23,135,1.48,13.9,5.47,17.0,True,Органическое,C
Брокколи,2026-02-09,78,1.32,9.5,7.48,13.1,True,Органическое,D
Пекинская,2024-06-24,67,0.94,14.3,6.28,16.1,False,Без удобрений,B
Цветная,2025-12-29,96,1.74,20.1,6.25,14.6,False,Комплексное,A
Кольраби,2025-07-06,86,1.1,7.4,7.4,16.2,False,Минеральное,B
Белокочанная,2026-02-12,142,2.55,19.7,5.41,10.8,False,Без удобрений,B
Цветная,2024-07-14,117,1.65,15.6,6.09,15.8,False,Биоудобрение,A
Кольраби,2025-04-04,74,1.09,6.4,7.46,18.6,False,Комплексное,B
Цветная,2024-10-07,103,1.69,19.0,7.07,12.1,False,Минеральное,B
Цветная,2026-01-18,87,2.33,22.0,6.42,11.7,False,Минеральное,A
Брокколи,2026-06-15,100,0.76,14.2,6.17,13.9,False,Минеральное,A
Савойская,2025-12-17,119,0.92,21.1,7.37,7.0,False,Органическое,C
Краснокочанная,2025-05-17,108,1.69,14.0,6.05,5.0,False,Минеральное,B
Краснокочанная,2025-10-22,145,1.76,13.4,5.47,15.1,False,Без удобрений,B
Краснокочанная,2025-04-02,132,1.51,13.5,6.66,9.8,False,Минеральное,A
Краснокочанная,2024-09-18,114,2.53,17.5,5.72,15.0,False,Без удобрений,B
Брокколи,2025-10-09,61,0.48,11.7,7.27,16.1,False,Без удобрений,B
Краснокочанная,2024-06-29,115,1.19,14.5,6.75,16.5,False,Органическое,A
Краснокочанная,2024-11-25,101,3.09,24.2,6.24,10.7,False,Комплексное,A
Белокочанная,2025-03-12,99,2.01,25.8,6.65,9.8,False,Минеральное,A
Пекинская,2026-03-09,55,1.19,12.2,6.36,17.4,False,Органическое,B
Пекинская,2025-01-08,56,1.42,12.8,6.71,10.6,False,Без удобрений,B
Кольраби,2025-10-11,82,0.38,8.3,5.69,15.1,True,Комплексное,C
Брюссельская,2026-01-21,123,0.86,5.4,7.06,6.9,True,Биоудобрение,D
Брюссельская,2025-10-30,124,0.77,6.3,5.39,15.3,False,Органическое,B
Краснокочанная,2024-04-23,124,2.69,21.7,5.91,7.1,False,Органическое,B
Брюссельская,2024-06-11,108,0.42,4.2,6.98,11.4,False,Органическое,A
Краснокочанная,2025-10-02,132,1.11,21.9,5.37,7.0,False,Комплексное,C
Краснокочанная,2024-12-24,127,1.29,13.8,6.69,13.7,True,Минеральное,B
Цветная,2025-08-06,84,1.23,17.1,5.93,6.9,False,Без удобрений,B
Кольраби,2024-12-07,86,1.1,6.6,6.56,21.2,False,Биоудобрение,A
Кольраби,2024-10-05,60,1.03,14.0,6.29,13.5,False,Комплексное,A
Брюссельская,2025-10-01,101,1.23,4.7,5.61,17.2,False,Комплексное,A
Белокочанная,2024-03-01,117,4.65,15.5,6.2,14.0,False,Комплексное,A
Краснокочанная,2024-12-03,104,2.73,21.9,5.8,11.9,False,Минеральное,B
Брюссельская,2025-02-11,129,1.23,6.8,5.33,18.2,False,Комплексное,C
Брокколи,2024-04-29,77,1.46,19.3,7.19,15.4,False,Комплексное,A
Брокколи,2025-05-02,72,0.8,11.7,5.32,8.9,False,Органическое,B
Брюссельская,2025-04-15,123,0.83,4.5,7.28,13.2,False,Комплексное,B
Брюссельская,2024-06-17,129,0.6,6.1,6.97,16.7,True,Без удобрений,C
Белокочанная,2024-05-17,125,1.95,21.8,6.56,9.2,False,Минеральное,B
Цветная,2024-04-17,117,0.93,21.0,5.83,12.8,False,Биоудобрение,A
Брокколи,2025-07-19,64,0.84,10.7,7.1,17.9,False,Комплексное,A
Брокколи,2026-04-29,63,0.77,11.8,7.32,10.4,False,Биоудобрение,B
Краснокочанная,2024-12-27,107,2.1,13.1,5.56,13.4,False,Комплексное,A
Брюссельская,2024-10-12,119,0.79,7.4,6.22,10.9,False,Минеральное,A
Краснокочанная,2025-06-14,144,2.67,16.3,7.08,12.6,False,Без удобрений,B
Белокочанная,2024-03-06,118,1.83,16.9,7.36,17.3,True,Органическое,D
Кольраби,2025-07-07,65,0.98,7.7,7.12,8.8,False,Комплексное,A
Краснокочанная,2024-11-21,133,2.46,18.5,5.69,18.1,True,Минеральное,D
Пекинская,2025-05-07,80,1.03,8.0,7.49,2.5,False,Без удобрений,C
Брюссельская,2026-06-06,124,1.12,6.3,5.89,5.0,False,Комплексное,B
Савойская,2025-02-14,95,2.13,17.5,7.01,13.4,False,Без удобрений,B
Белокочанная,2026-05-21,118,3.03,19.1,5.37,8.2,False,Комплексное,B
Цветная,2025-11-24,98,1.63,15.6,6.04,14.4,True,Минеральное,C
Брокколи,2026-06-03,65,0.62,12.3,7.52,9.1,False,Органическое,B
Кольраби,2024-09-09,84,0.28,8.8,7.42,15.0,True,Комплексное,D
Брюссельская,2024-03-19,125,0.84,4.4,6.67,4.4,False,Комплексное,B
Брюссельская,2024-06-29,108,0.85,8.0,7.01,18.7,False,Органическое,B
Пекинская,2024-03-28,71,0.6,14.7,7.02,12.8,False,Органическое,A
Кольраби,2024-04-09,55,0.49,9.0,6.12,5.9,False,Минеральное,B
Цветная,2026-04-05,107,1.5,12.2,6.53,13.1,True,Минеральное,B
Краснокочанная,2024-09-09,110,3.19,20.0,5.21,14.2,False,Комплексное,B
Цветная,2024-12-31,105,1.02,14.0,6.36,16.9,True,Органическое,C
Белокочанная,2025-05-30,126,2.3,17.2,5.59,12.0,False,Органическое,A
Пекинская,2025-02-01,69,0.54,12.8,5.58,11.3,False,Минеральное,B
Краснокочанная,2025-08-26,106,1.65,23.6,6.72,13.8,False,Комплексное,A
Брюссельская,2025-12-08,129,0.78,7.6,7.42,19.5,False,Органическое,B
Кольраби,2025-04-21,71,0.67,9.6,6.88,17.2,False,Биоудобрение,A
Савойская,2026-01-20,121,1.1,18.7,6.09,16.2,False,Без удобрений,B
Краснокочанная,2024-09-25,138,2.73,13.2,6.35,10.4,True,Комплексное,C
Брюссельская,2024-09-11,109,1.3,8.8,6.23,14.1,False,Органическое,A
Брюссельская,2025-03-17,116,1.01,7.0,7.49,11.1,True,Минеральное,C
Краснокочанная,2025-08-29,143,2.5,14.1,6.27,8.7,False,Органическое,B
Пекинская,2024-11-02,69,0.45,10.1,7.15,11.2,False,Без удобрений,B
Савойская,2025-07-21,125,2.27,15.5,5.24,19.9,False,Комплексное,B
Кольраби,2025-12-28,83,1.08,8.0,5.57,15.3,False,Комплексное,B
Кольраби,2024-09-15,67,1.03,6.7,6.47,16.8,False,Органическое,B
Савойская,2024-12-27,120,1.17,13.6,6.31,18.8,False,Минеральное,A
Брокколи,2024-09-09,68,1.13,11.8,6.17,2.0,True,Комплексное,D
Брокколи,2026-05-03,71,1.01,9.2,7.32,7.3,False,Минеральное,B
Савойская,2025-09-09,103,1.73,16.9,6.81,9.6,True,Минеральное,C
Кольраби,2025-11-10,94,0.83,9.9,6.26,13.2,True,Органическое,B
Брюссельская,2024-11-19,112,0.9,5.5,7.38,18.0,True,Комплексное,C
Цветная,2025-09-04,81,0.99,12.6,6.11,9.8,False,Минеральное,B
Брокколи,2026-02-19,96,1.1,16.1,6.21,12.5,False,Комплексное,A
Кольраби,2026-03-13,76,0.91,12.2,6.53,14.5,False,Биоудобрение,A
Кольраби,2024-03-24,61,0.45,11.0,5.89,15.9,False,Минеральное,B
Савойская,2024-07-01,138,1.14,19.0,7.22,11.1,True,Минеральное,C
Кольраби,2025-09-09,87,0.64,8.0,5.58,14.1,False,Комплексное,A
Кольраби,2025-08-16,87,0.45,7.4,5.86,15.6,True,Без удобрений,D
Кольраби,2025-08-06,78,0.35,8.0,6.79,15.0,True,Биоудобрение,C
Савойская,2025-11-15,126,1.19,12.1,5.63,3.0,True,Биоудобрение,D
Цветная,2026-05-02,105,1.33,16.7,5.82,13.3,False,Биоудобрение,A
Савойская,2026-06-01,118,1.94,15.3,5.69,6.5,False,Органическое,B
Савойская,2025-09-28,126,1.52,18.9,6.19,11.5,False,Минеральное,A
Кольраби,2025-12-28,87,0.47,8.6,7.42,10.9,False,Минеральное,B
Краснокочанная,2024-07-31,137,2.93,13.6,7.17,10.2,False,Комплексное,A
Краснокочанная,2024-03-07,123,1.77,21.8,5.31,16.1,False,Минеральное,B
Белокочанная,2024-06-07,121,3.75,25.0,6.34,9.9,False,Комплексное,A
Белокочанная,2025-12-23,122,4.45,19.8,5.96,13.9,False,Минеральное,A
Кольраби,2026-05-02,82,0.78,7.0,7.5,15.3,False,Комплексное,A
Брокколи,2026-04-09,81,0.34,9.1,7.38,17.8,True,Комплексное,D
Брюссельская,2024-08-28,128,0.88,6.9,5.55,9.0,False,Органическое,B
Брокколи,2026-01-19,91,1.15,11.8,6.85,8.2,False,Органическое,A
Савойская,2025-08-03,130,1.85,18.3,6.1,9.7,False,Биоудобрение,B
Кольраби,2025-01-19,75,0.48,13.4,6.55,12.9,False,Комплексное,A
Савойская,2026-04-21,110,0.99,21.0,5.75,13.6,False,Органическое,B
Кольраби,2025-06-12,64,0.85,9.2,6.89,11.1,False,Комплексное,A
Кольраби,2026-02-08,85,1.2,8.2,6.74,11.7,False,Комплексное,A
Брюссельская,2025-11-26,108,0.48,8.0,6.35,14.6,False,Органическое,B
Краснокочанная,2024-03-23,135,1.21,18.5,5.28,8.4,False,Органическое,C
Савойская,2024-07-03,100,2.56,21.7,5.51,15.6,False,Комплексное,A
Краснокочанная,2024-03-02,133,2.78,15.6,6.02,9.6,False,Минеральное,A
Брокколи,2025-02-22,78,0.68,14.3,7.51,5.5,False,Органическое,C
Белокочанная,2025-04-29,132,2.14,18.8,7.25,15.0,False,Органическое,A
Брюссельская,2025-01-28,99,0.91,4.2,6.69,12.9,False,Комплексное,A
Брокколи,2025-01-10,95,1.26,12.7,6.73,17.9,True,Органическое,C
Кольраби,2024-04-23,60,0.71,11.8,6.37,12.3,True,Минеральное,B
Кольраби,2025-04-19,64,0.58,10.0,5.63,12.8,False,Биоудобрение,A
Белокочанная,2024-11-17,131,2.09,22.0,6.97,17.6,False,Комплексное,A
Цветная,2024-08-14,82,1.49,20.0,6.88,9.8,False,Комплексное,B
Брюссельская,2024-11-30,115,0.75,7.0,5.46,10.7,False,Биоудобрение,B
Брокколи,2026-06-06,82,1.09,15.6,5.55,11.5,False,Органическое,B
Кольраби,2026-05-30,73,0.44,7.8,6.5,12.7,True,Комплексное,B
Пекинская,2024-05-12,49,1.28,12.8,7.1,13.8,False,Биоудобрение,A
Цветная,2025-12-06,108,1.09,12.0,5.32,13.6,True,Без удобрений,D
Кольраби,2024-04-27,58,0.94,12.0,7.04,9.6,False,Органическое,A
Белокочанная,2025-02-02,101,3.18,20.1,7.36,18.8,False,Минеральное,C
Савойская,2026-02-24,107,1.26,21.8,7.29,16.2,False,Минеральное,B
Пекинская,2024-05-30,82,1.1,15.8,5.38,14.8,False,Комплексное,B
Пекинская,2026-03-21,54,1.28,13.2,5.43,15.2,False,Органическое,B
Брокколи,2024-08-28,73,1.22,13.3,6.72,10.5,True,Минеральное,C
Кольраби,2024-10-21,62,0.83,7.5,6.8,9.9,False,Без удобрений,B
Белокочанная,2024-09-13,129,1.61,16.9,5.42,8.7,False,Минеральное,B
Краснокочанная,2025-11-25,105,2.19,12.5,6.18,9.4,False,Без удобрений,B
Белокочанная,2026-04-27,137,2.18,19.0,5.39,17.0,False,Минеральное,B
Брокколи,2025-03-07,79,0.51,10.0,6.99,17.8,False,Минеральное,B
Белокочанная,2026-05-21,121,3.03,15.7,7.01,12.6,True,Комплексное,C
Белокочанная,2025-05-03,120,1.8,23.6,7.21,18.1,False,Комплексное,B
Брюссельская,2024-08-16,116,0.58,5.1,6.5,17.6,False,Комплексное,A
Брокколи,2024-06-23,67,0.97,10.8,6.04,14.8,False,Минеральное,A
Белокочанная,2025-02-03,133,3.07,22.2,6.58,12.8,False,Минеральное,A
Брюссельская,2025-04-27,107,0.99,7.5,6.26,7.9,False,Минеральное,B
Пекинская,2024-03-19,79,1.3,13.8,6.43,13.0,False,Минеральное,A
Цветная,2025-11-27,98,2.14,21.5,6.17,9.1,False,Биоудобрение,B
Белокочанная,2026-05-08,113,2.63,19.1,7.47,9.1,False,Органическое,B
Пекинская,2025-03-29,77,1.2,11.6,6.29,16.4,True,Органическое,B
Савойская,2025-08-30,103,2.12,17.5,5.64,10.9,False,Комплексное,A
Брюссельская,2026-01-16,126,0.83,4.8,6.74,9.4,False,Минеральное,B
Пекинская,2024-06-29,65,0.83,12.6,7.32,13.7,True,Комплексное,C
Кольраби,2025-10-30,80,0.65,9.2,5.32,9.9,False,Без удобрений,C
Пекинская,2025-11-22,49,1.3,15.1,5.81,15.9,False,Биоудобрение,A
Белокочанная,2024-03-22,123,1.67,28.8,6.7,15.3,False,Комплексное,A
Брокколи,2025-12-15,69,1.71,12.7,6.22,12.7,False,Минеральное,A
Кольраби,2024-04-21,64,0.48,11.3,6.54,19.5,False,Органическое,A
Кольраби,2026-02-27,55,0.28,6.7,6.84,16.5,False,Органическое,A
Брокколи,2024-06-03,83,0.96,13.5,6.27,8.4,True,Органическое,C
Краснокочанная,2025-11-15,123,1.14,18.2,5.85,16.6,False,Органическое,B
Брокколи,2024-10-24,92,1.19,13.5,5.71,19.9,False,Минеральное,C
Савойская,2025-05-07,107,2.55,15.9,6.41,13.6,False,Минеральное,A
Белокочанная,2024-06-29,98,3.33,17.8,5.49,10.8,False,Органическое,B
Цветная,2025-03-13,102,1.95,18.3,7.13,13.1,False,Минеральное,A
Савойская,2026-06-14,108,0.88,14.1,5.97,10.3,True,Органическое,D
Брокколи,2025-01-28,63,0.5,16.0,7.46,13.2,False,Органическое,B
Цветная,2026-03-08,88,0.88,21.5,6.46,16.4,False,Комплексное,A
Савойская,2025-03-10,123,0.98,17.5,6.96,6.4,False,Комплексное,B
Цветная,2025-08-01,106,0.94,19.2,7.48,12.4,False,Минеральное,B
Краснокочанная,2025-04-23,114,1.82,16.6,7.58,12.4,True,Органическое,C
Брюссельская,2026-04-25,113,1.03,7.9,5.43,15.7,False,Минеральное,B
Брокколи,2024-10-03,90,0.44,9.7,6.97,23.0,False,Минеральное,B
Цветная,2024-11-10,81,1.65,17.9,6.41,7.9,False,Без удобрений,B
Брокколи,2026-05-30,91,1.41,12.7,7.19,6.6,False,Комплексное,B
Савойская,2025-12-02,112,1.91,18.3,5.99,6.0,True,Минеральное,C
Савойская,2025-10-24,130,2.25,24.5,6.56,12.8,False,Минеральное,A
Пекинская,2025-11-10,57,1.3,11.3,6.64,12.4,False,Комплексное,A
Брокколи,2024-03-16,66,1.47,12.5,5.93,14.9,False,Комплексное,A
Цветная,2025-03-21,110,0.83,16.9,6.64,9.6,False,Органическое,B
Пекинская,2025-01-21,82,1.63,14.8,5.6,7.6,False,Комплексное,B
Белокочанная,2025-08-20,108,3.14,14.6,5.36,13.3,True,Минеральное,C
Брокколи,2025-08-06,80,0.57,15.3,5.27,6.4,False,Органическое,C
Пекинская,2024-08-25,58,1.75,17.2,6.24,14.6,False,Комплексное,A
Краснокочанная,2026-01-30,117,1.14,20.1,7.41,16.2,False,Органическое,B
Цветная,2026-04-29,122,1.94,11.5,6.1,12.3,True,Органическое,C
Брюссельская,2025-06-17,102,0.96,4.6,5.6,21.3,False,Без удобрений,C
Белокочанная,2024-10-09,125,2.72,12.5,5.34,12.3,True,Минеральное,D
Савойская,2025-07-19,135,2.19,13.8,7.25,8.0,False,Минеральное,B
Краснокочанная,2025-03-26,136,1.32,20.9,6.03,14.6,False,Минеральное,A
Белокочанная,2024-05-11,130,2.01,16.4,6.3,11.6,False,Органическое,A
Кольраби,2024-04-02,75,0.29,12.3,5.62,16.4,False,Комплексное,B
Брокколи,2024-05-24,92,0.65,15.0,7.28,13.4,False,Минеральное,A
Белокочанная,2025-05-19,105,3.64,18.2,6.97,17.9,False,Органическое,B
Савойская,2025-05-06,121,2.45,18.9,5.52,14.1,False,Минеральное,B
Краснокочанная,2026-06-08,125,1.92,13.2,6.95,11.6,False,Без удобрений,B
Савойская,2024-12-26,137,2.0,17.1,7.54,11.2,False,Органическое,B
Пекинская,2026-05-24,57,0.84,10.5,6.12,10.4,False,Минеральное,B
Белокочанная,2024-03-29,92,1.7,18.9,7.11,11.8,False,Минеральное,A
Брюссельская,2025-04-05,130,1.18,5.4,6.07,19.8,False,Органическое,B
Брюссельская,2025-04-02,133,0.26,4.0,7.26,12.4,True,Без удобрений,C
Цветная,2024-06-16,108,0.76,15.1,6.64,7.8,False,Без удобрений,B
Цветная,2024-07-01,102,1.65,18.8,7.41,12.6,False,Биоудобрение,B
Брокколи,2025-12-24,74,1.22,15.5,5.58,16.5,False,Биоудобрение,B
Кольраби,2026-05-13,92,0.84,6.3,7.5,21.4,False,Биоудобрение,C
Цветная,2024-10-19,116,2.33,21.5,5.88,10.6,False,Комплексное,A
Кольраби,2024-12-28,90,1.09,7.3,6.01,16.1,False,Органическое,A
Брокколи,2026-03-07,76,0.63,13.9,6.6,12.1,False,Биоудобрение,A
Брокколи,2025-12-05,78,0.7,15.1,5.42,18.3,False,Биоудобрение,C
Брюссельская,2025-05-27,96,0.84,3.3,5.3,15.1,False,Без удобрений,C
Цветная,2024-09-24,85,1.33,20.3,6.79,15.7,True,Минеральное,C
Кольраби,2025-03-14,57,0.56,10.3,5.84,16.9,False,Минеральное,B
Кольраби,2024-09-09,61,0.34,14.3,6.67,14.9,False,Комплексное,A
Савойская,2026-05-30,98,1.91,19.8,6.6,6.7,False,Без удобрений,C
Брокколи,2025-07-05,63,0.97,18.0,6.1,5.8,False,Органическое,B
Брюссельская,2024-11-09,90,1.11,6.5,7.11,15.5,False,Органическое,B
Белокочанная,2024-07-26,137,3.02,15.6,6.45,8.3,True,Органическое,C
Савойская,2026-01-18,103,2.16,15.8,7.29,9.0,False,Без удобрений,C
Цветная,2024-09-07,91,0.96,21.8,6.47,14.5,False,Без удобрений,A
Пекинская,2026-06-10,82,0.84,11.2,5.33,8.5,True,Комплексное,D
Краснокочанная,2025-10-17,111,1.93,12.5,7.28,13.5,True,Минеральное,C
Брюссельская,2025-02-20,99,1.14,4.9,7.45,11.7,False,Биоудобрение,A
Пекинская,2025-09-17,68,1.13,14.0,6.74,13.2,False,Органическое,A
Савойская,2025-09-28,111,2.62,19.0,6.11,12.8,False,Органическое,A
Краснокочанная,2025-10-06,106,3.3,16.2,6.8,17.0,False,Комплексное,A
Белокочанная,2025-06-03,118,2.48,24.4,6.15,11.3,False,Комплексное,A
Брокколи,2024-04-04,62,0.68,11.9,7.44,15.1,False,Минеральное,B
Пекинская,2025-05-27,50,1.01,10.2,5.8,10.6,False,Без удобрений,B
Кольраби,2026-03-03,75,0.49,11.2,5.49,8.3,False,Без удобрений,C
Брюссельская,2025-06-16,107,1.11,5.7,6.49,18.0,False,Органическое,B
Брюссельская,2025-06-06,129,0.54,4.2,7.37,14.5,True,Минеральное,C
Белокочанная,2024-03-15,92,1.73,21.5,6.51,8.0,False,Минеральное,B
Краснокочанная,2025-04-19,150,3.01,22.7,6.1,8.6,False,Биоудобрение,A
Савойская,2024-12-14,122,1.06,14.4,5.88,7.8,False,Комплексное,A
Кольраби,2024-10-09,60,0.75,8.2,7.03,10.5,False,Органическое,A
Пекинская,2025-08-15,78,1.35,10.5,6.99,16.6,False,Без удобрений,B
Брокколи,2024-12-19,86,1.33,11.7,6.38,12.9,False,Минеральное,A
Кольраби,2025-12-25,63,0.8,9.4,5.52,11.2,False,Комплексное,B
Савойская,2025-03-09,130,0.86,12.8,6.85,12.0,True,Органическое,C
Краснокочанная,2026-03-14,142,2.68,17.1,6.34,9.0,True,Минеральное,C
Брюссельская,2025-08-26,120,0.73,4.1,6.42,19.2,False,Без удобрений,B
Пекинская,2025-11-07,48,1.8,17.7,6.76,10.3,False,Комплексное,A
Кольраби,2025-12-22,72,0.92,8.9,7.49,16.5,False,Минеральное,B
Савойская,2024-04-13,100,1.64,22.1,6.25,8.1,False,Комплексное,B
Савойская,2024-10-23,133,1.28,15.9,7.58,14.6,False,Без удобрений,C
Краснокочанная,2024-08-02,110,1.27,18.7,6.55,16.1,False,Биоудобрение,A
Кольраби,2025-01-09,90,0.74,7.8,6.41,10.7,False,Комплексное,A
Савойская,2026-05-26,134,2.9,21.7,6.29,13.9,False,Комплексное,A
Брокколи,2025-09-22,86,1.15,12.7,6.57,9.3,False,Органическое,A
Брокколи,2026-02-24,66,1.58,14.5,5.78,13.1,False,Минеральное,A
Кольраби,2025-07-07,80,0.61,8.9,6.91,15.9,True,Комплексное,C
Пекинская,2025-05-25,73,0.47,8.9,5.9,8.0,True,Комплексное,C
Цветная,2025-04-04,109,1.37,23.6,6.39,14.9,False,Минеральное,A
Брокколи,2026-04-17,72,1.16,9.3,5.46,15.9,False,Органическое,B
Белокочанная,2025-01-06,126,3.92,20.3,5.71,12.8,False,Биоудобрение,A
Краснокочанная,2024-03-16,100,3.42,22.9,6.46,13.3,False,Минеральное,A
Пекинская,2026-01-24,75,1.1,9.1,5.39,15.4,True,Минеральное,C
Брокколи,2025-03-18,69,1.19,19.5,6.28,10.0,False,Органическое,A
Белокочанная,2026-05-13,123,3.28,21.8,6.02,20.8,False,Минеральное,B
Брокколи,2024-03-07,64,1.24,11.6,7.07,12.8,False,Минеральное,B
Белокочанная,2026-06-02,127,1.65,16.3,6.86,11.3,False,Минеральное,A
Брокколи,2025-11-25,63,0.92,10.7,7.54,11.3,False,Органическое,B
Белокочанная,2025-03-17,136,2.82,19.7,5.67,16.5,False,Органическое,B
Краснокочанная,2025-08-09,101,1.69,24.3,6.32,10.8,False,Органическое,A
Брюссельская,2025-02-05,120,0.9,8.3,5.45,14.3,False,Комплексное,B
Пекинская,2024-03-23,55,0.66,10.8,6.64,11.7,False,Без удобрений,B
Цветная,2025-05-25,94,1.87,18.9,6.66,5.6,False,Органическое,B
Пекинская,2024-04-28,57,1.23,10.0,6.12,14.0,False,Минеральное,A
Белокочанная,2024-12-17,130,2.25,19.8,5.44,9.4,False,Биоудобрение,B
Савойская,2026-03-07,134,1.78,16.6,7.49,12.3,False,Минеральное,A
Краснокочанная,2026-06-07,112,1.93,18.9,5.52,14.8,False,Без удобрений,C
Пекинская,2025-09-25,64,1.67,11.1,7.42,9.2,False,Минеральное,B
Брокколи,2025-08-01,97,0.78,14.5,6.65,8.3,True,Комплексное,C
Краснокочанная,2025-09-04,139,1.31,17.2,6.86,12.5,False,Комплексное,A
Савойская,2025-06-13,133,1.54,13.4,5.33,15.2,False,Органическое,B
Савойская,2025-09-14,110,2.14,21.7,6.34,16.7,False,Комплексное,A
Кольраби,2025-09-11,64,0.76,6.3,5.6,5.3,False,Минеральное,C
Кольраби,2025-07-05,72,0.77,9.5,6.3,16.5,True,Органическое,C
Кольраби,2025-11-17,82,0.99,7.4,7.43,17.6,False,Комплексное,B
Краснокочанная,2025-08-14,126,1.33,23.8,6.17,7.6,False,Комплексное,A
Брокколи,2024-09-29,86,0.68,16.7,7.1,13.4,False,Комплексное,A
Белокочанная,2025-11-15,91,3.22,17.5,5.81,7.2,False,Минеральное,B
Пекинская,2026-06-15,78,0.72,7.6,5.82,9.7,True,Без удобрений,D
Краснокочанная,2026-02-16,135,1.13,12.9,5.62,10.0,False,Минеральное,B
Белокочанная,2025-02-27,118,2.97,21.1,5.79,12.3,False,Минеральное,A
Савойская,2024-10-10,113,2.14,13.3,5.65,13.8,False,Без удобрений,B
Брюссельская,2026-02-10,101,0.69,7.2,7.12,8.3,False,Без удобрений,B
Пекинская,2026-06-02,55,0.6,14.0,5.78,13.2,False,Комплексное,A
Брокколи,2025-03-23,86,0.44,12.3,5.4,17.3,False,Биоудобрение,C
Брюссельская,2024-05-04,130,0.64,7.5,6.73,24.4,False,Комплексное,B
Брокколи,2025-03-14,63,0.71,17.9,6.88,15.6,False,Органическое,B
Кольраби,2026-01-21,92,0.68,10.6,5.62,12.6,True,Комплексное,B
Брюссельская,2026-01-25,102,0.75,7.1,5.7,11.6,False,Комплексное,A
Брокколи,2026-06-04,75,1.32,19.4,7.0,19.2,False,Комплексное,B
Цветная,2024-05-14,76,1.43,19.8,5.79,13.6,False,Органическое,B
Савойская,2026-01-15,117,1.11,14.4,5.83,13.3,False,Органическое,B
Брокколи,2024-06-20,102,0.93,11.6,5.43,19.0,False,Минеральное,C
Цветная,2025-08-30,118,0.88,11.7,5.85,9.2,False,Органическое,A
Белокочанная,2025-10-20,95,3.8,22.1,7.58,14.2,False,Минеральное,B
Цветная,2026-01-30,119,1.87,21.0,5.65,14.1,False,Комплексное,A
Брокколи,2024-07-24,87,1.37,17.9,5.26,11.1,False,Комплексное,B
Брокколи,2026-05-25,74,1.17,14.5,6.03,17.5,False,Биоудобрение,B
Белокочанная,2025-10-14,125,2.81,26.3,6.84,17.4,False,Комплексное,A
Белокочанная,2026-01-25,129,2.74,16.1,7.23,11.6,False,Минеральное,A
Брокколи,2026-06-12,100,1.24,9.3,6.07,8.1,False,Органическое,B
Брокколи,2024-08-09,70,1.08,18.9,6.81,11.3,False,Биоудобрение,A
Цветная,2025-08-15,78,0.75,14.7,6.28,9.6,False,Без удобрений,A
Белокочанная,2024-11-14,103,2.92,22.4,6.16,19.9,False,Биоудобрение,B
Брюссельская,2025-07-05,112,0.87,6.8,7.59,13.9,True,Комплексное,C
Краснокочанная,2025-10-09,104,1.33,19.6,6.36,17.9,False,Без удобрений,B
Савойская,2025-11-16,103,2.74,15.4,6.83,9.1,False,Комплексное,B
Брокколи,2026-01-08,82,0.58,12.6,6.21,2.0,False,Минеральное,B
Белокочанная,2025-09-08,132,1.14,22.8,5.8,21.2,False,Органическое,C
Пекинская,2024-08-30,82,0.74,13.8,5.42,15.8,True,Комплексное,C
Брюссельская,2024-10-02,107,0.44,6.4,7.48,12.2,False,Минеральное,B
Брюссельская,2025-03-27,120,0.37,5.5,7.21,13.0,True,Минеральное,C
Кольраби,2025-08-24,62,0.47,10.6,6.48,11.9,True,Без удобрений,C
Кольраби,2025-11-26,84,0.33,9.1,7.14,16.1,False,Комплексное,B
Брокколи,2026-03-28,74,1.47,12.3,5.99,10.0,False,Минеральное,B
Цветная,2025-12-09,75,2.36,12.7,6.61,12.6,False,Комплексное,A
Пекинская,2026-03-31,55,0.76,9.6,7.18,9.8,False,Минеральное,B
Пекинская,2024-09-15,74,1.59,10.2,5.83,13.7,False,Органическое,A
Кольраби,2025-02-21,73,0.97,7.5,6.01,10.5,False,Комплексное,A
Цветная,2024-05-22,84,1.88,14.8,5.45,14.3,False,Органическое,B
Савойская,2025-04-02,113,1.9,23.1,7.5,9.8,False,Биоудобрение,C
Белокочанная,2025-08-31,140,1.88,13.6,7.33,8.8,False,Без удобрений,C
Белокочанная,2025-04-12,98,1.62,14.4,7.56,10.1,False,Органическое,C
Краснокочанная,2026-01-05,109,1.08,13.2,7.29,21.6,False,Биоудобрение,B
Кольраби,2024-06-26,85,0.53,12.7,5.37,12.6,False,Минеральное,B
Кольраби,2024-10-27,84,0.49,7.9,6.04,10.3,False,Органическое,B
Брокколи,2025-09-03,74,1.23,15.5,6.6,7.4,False,Комплексное,A
Брокколи,2024-04-04,62,0.53,16.1,5.74,16.1,False,Минеральное,A
Белокочанная,2026-01-25,129,3.51,20.8,6.26,12.0,False,Комплексное,A
Савойская,2024-10-15,128,0.86,12.8,5.34,9.9,True,Комплексное,C
Цветная,2026-02-02,75,1.58,23.0,6.84,14.8,False,Комплексное,A
Белокочанная,2025-05-19,117,2.74,22.4,5.64,12.6,False,Комплексное,B
Белокочанная,2025-02-23,128,1.87,16.2,7.46,11.2,False,Органическое,B
Кольраби,2025-05-28,73,0.98,8.1,6.68,22.1,False,Минеральное,B
Савойская,2024-06-05,130,1.15,16.9,7.12,9.7,True,Минеральное,C
Пекинская,2026-03-17,66,0.65,14.4,5.92,7.6,False,Органическое,B
Брюссельская,2025-02-20,104,0.45,7.9,5.84,14.0,False,Биоудобрение,B
Кольраби,2025-04-07,73,0.5,13.9,7.56,13.1,False,Комплексное,A
Савойская,2025-01-05,121,2.06,14.3,6.16,9.3,False,Комплексное,A
Пекинская,2025-03-16,46,1.43,15.5,6.85,16.1,False,Комплексное,A
Кольраби,2024-11-22,89,0.65,9.1,6.84,10.5,False,Минеральное,B
Краснокочанная,2024-08-31,118,2.37,19.1,6.29,17.7,False,Органическое,A
Брюссельская,2025-03-07,92,0.83,7.0,5.5,16.3,False,Без удобрений,C
Кольраби,2025-05-09,61,0.27,6.8,6.88,10.5,False,Без удобрений,B
Пекинская,2025-10-03,64,1.51,11.3,6.74,12.3,True,Минеральное,C
Белокочанная,2026-01-20,136,1.63,18.9,5.44,11.5,False,Биоудобрение,B
Пекинская,2025-11-07,64,0.52,12.0,5.21,7.9,False,Минеральное,C
Савойская,2024-08-18,119,1.51,21.9,6.56,16.9,False,Комплексное,A
Пекинская,2025-06-19,53,1.22,17.7,6.21,9.8,False,Минеральное,A
Цветная,2025-05-04,105,0.69,19.3,5.63,2.8,False,Минеральное,B
Белокочанная,2024-03-08,124,4.29,25.7,6.88,16.6,False,Минеральное,A
Савойская,2024-04-22,134,0.85,17.7,7.38,13.6,True,Биоудобрение,C
Савойская,2024-09-26,119,1.46,15.5,7.3,9.7,False,Органическое,B
Белокочанная,2025-05-31,135,1.75,24.7,5.21,14.5,False,Органическое,C
Савойская,2026-01-08,105,2.42,18.5,6.54,14.0,False,Органическое,A
Кольраби,2025-12-21,73,0.98,8.5,6.77,10.2,True,Комплексное,C
Кольраби,2024-07-31,62,1.06,7.2,7.34,11.2,False,Комплексное,B
Кольраби,2025-03-10,59,1.16,13.2,5.7,12.3,False,Органическое,B
Брюссельская,2024-05-06,123,0.65,6.9,6.23,7.9,True,Без удобрений,D
Краснокочанная,2024-12-07,139,3.16,18.5,5.99,12.6,False,Минеральное,A
Брюссельская,2025-08-31,101,0.84,7.1,6.97,12.6,False,Минеральное,A
Цветная,2026-03-23,73,1.47,18.4,6.5,21.2,False,Биоудобрение,B
Краснокочанная,2025-10-05,121,2.21,21.4,7.37,12.4,False,Комплексное,A
Цветная,2025-02-16,73,1.64,16.5,7.59,18.6,False,Минеральное,C
Белокочанная,2024-03-02,105,1.71,15.4,5.45,11.2,True,Органическое,D
Брюссельская,2026-05-13,92,0.71,6.4,6.36,15.1,False,Без удобрений,A
Брюссельская,2026-05-09,100,1.22,6.6,6.22,10.3,False,Комплексное,A
Пекинская,2024-04-25,52,1.45,8.5,7.47,9.5,True,Минеральное,D
Брокколи,2024-11-11,76,1.49,10.1,5.84,7.6,False,Минеральное,B
Белокочанная,2025-01-18,139,3.46,26.0,7.07,5.5,False,Органическое,B
Кольраби,2025-03-23,81,0.74,12.3,6.03,6.9,False,Органическое,B
Брокколи,2026-04-20,79,1.45,13.8,6.12,17.7,False,Комплексное,A
Белокочанная,2024-08-27,108,2.57,20.6,6.02,12.6,False,Органическое,A
Брюссельская,2024-12-20,111,1.12,5.9,6.29,12.5,False,Минеральное,A
Брокколи,2025-11-08,68,0.69,15.0,7.38,8.3,False,Минеральное,C
Цветная,2025-01-28,85,2.25,19.5,6.55,15.7,False,Комплексное,A
Кольраби,2025-06-17,87,0.83,8.9,6.93,13.4,True,Комплексное,B
Белокочанная,2024-11-26,118,1.7,17.7,6.51,20.9,False,Комплексное,A
Брюссельская,2025-06-25,123,0.77,4.3,5.81,4.6,False,Минеральное,C
Краснокочанная,2026-02-16,122,1.99,12.7,7.41,9.3,False,Биоудобрение,C
Брокколи,2025-12-10,62,1.24,10.3,5.96,11.7,False,Минеральное,B
Савойская,2025-05-04,138,2.69,18.5,5.25,9.8,False,Органическое,B
Цветная,2025-09-02,76,1.62,14.9,7.03,16.9,False,Минеральное,B
Пекинская,2025-06-05,65,0.69,15.6,7.28,16.8,False,Органическое,B
Цветная,2025-10-18,117,0.95,13.4,6.92,15.2,False,Без удобрений,A
Краснокочанная,2026-04-24,106,2.89,17.1,6.12,15.7,False,Органическое,A
Пекинская,2024-07-16,47,0.73,15.8,6.39,15.6,False,Комплексное,A
Кольраби,2025-04-02,67,0.87,14.1,5.76,12.2,False,Минеральное,A
Пекинская,2024-11-07,80,1.53,13.3,6.94,11.7,False,Органическое,A
Краснокочанная,2025-03-04,122,2.92,14.4,6.93,15.3,False,Комплексное,A
Брокколи,2025-08-02,70,1.03,16.8,6.08,12.5,False,Минеральное,A
Пекинская,2025-02-05,68,1.29,15.1,5.89,4.9,False,Биоудобрение,B
Краснокочанная,2024-06-27,140,1.42,16.6,7.58,12.7,False,Минеральное,B
Белокочанная,2025-08-01,132,2.32,19.1,6.38,13.1,False,Биоудобрение,A
Цветная,2025-10-26,106,2.17,15.2,6.53,10.7,False,Органическое,A
Белокочанная,2024-04-14,103,4.16,15.2,7.3,12.0,False,Комплексное,B
Савойская,2025-04-20,122,0.75,15.3,6.71,19.0,True,Органическое,C
Брокколи,2025-02-19,85,0.86,18.1,7.08,6.2,False,Комплексное,B
Савойская,2024-08-15,111,2.03,18.2,5.68,12.7,False,Без удобрений,B
Кольраби,2024-06-12,60,0.84,11.9,6.97,13.2,False,Без удобрений,A
Савойская,2025-09-12,106,1.16,18.2,6.15,14.5,True,Минеральное,C
Цветная,2024-12-31,85,0.92,10.8,5.53,12.6,True,Органическое,C
Краснокочанная,2024-09-12,118,2.42,17.0,5.51,7.6,False,Комплексное,B
Краснокочанная,2026-03-02,109,2.25,18.0,7.44,9.5,False,Биоудобрение,A
Брюссельская,2025-04-22,128,1.32,6.0,6.96,14.0,False,Минеральное,B
Краснокочанная,2024-12-07,122,1.83,12.6,5.21,15.1,True,Без удобрений,D
Пекинская,2024-07-03,76,1.49,16.2,6.93,10.7,False,Минеральное,A
Савойская,2024-12-24,124,1.2,19.7,5.97,8.9,False,Минеральное,B
Савойская,2024-05-05,128,2.62,14.6,5.87,14.2,False,Органическое,A
Цветная,2024-08-28,117,0.69,16.9,6.93,14.1,True,Органическое,B
Белокочанная,2026-03-07,104,1.5,23.5,6.85,16.4,True,Органическое,C
Кольраби,2026-01-21,80,0.28,9.8,5.26,10.1,False,Комплексное,B
Пекинская,2024-09-18,80,1.88,15.4,6.74,11.1,False,Комплексное,A
Кольраби,2025-08-03,60,0.44,10.6,6.75,6.9,True,Биоудобрение,D
Цветная,2025-09-26,100,1.03,13.3,6.36,11.7,False,Органическое,A
Белокочанная,2025-07-07,112,2.5,16.4,5.21,5.6,False,Комплексное,B
Цветная,2024-08-20,94,2.07,11.5,6.98,17.1,False,Биоудобрение,A
Савойская,2026-01-10,107,1.17,12.9,7.21,3.9,False,Без удобрений,C
Брюссельская,2025-12-01,114,0.97,4.3,5.45,17.6,False,Комплексное,B
Брокколи,2026-01-05,100,1.26,17.0,6.18,7.9,True,Комплексное,C
Брюссельская,2025-07-09,117,0.77,7.3,5.28,15.3,True,Органическое,C
Брюссельская,2026-03-14,113,1.02,6.7,6.96,15.6,True,Биоудобрение,C
Пекинская,2025-07-03,50,1.34,11.6,5.37,17.5,False,Комплексное,A
Пекинская,2025-12-27,50,1.54,10.2,7.38,6.8,False,Комплексное,C
Брокколи,2024-12-08,104,1.07,11.5,6.61,12.0,True,Минеральное,B
Пекинская,2024-04-07,49,1.64,11.6,6.32,12.5,False,Комплексное,A
Брюссельская,2025-08-19,97,1.06,6.2,7.05,9.2,False,Органическое,A
Белокочанная,2024-12-12,118,1.82,18.0,5.81,14.2,False,Комплексное,A
Брюссельская,2025-10-05,117,0.57,7.5,5.62,18.1,False,Комплексное,B
Кольраби,2024-04-11,82,0.81,7.7,6.81,11.4,True,Комплексное,B
Кольраби,2025-09-14,77,0.8,8.3,5.96,12.5,False,Биоудобрение,A
Краснокочанная,2025-02-04,130,1.21,14.7,6.17,11.1,False,Биоудобрение,A
Брокколи,2024-06-26,92,1.52,12.1,5.45,12.0,False,Минеральное,B
Брюссельская,2024-06-23,109,0.88,6.7,5.29,19.2,False,Без удобрений,C
Пекинская,2024-07-03,46,1.01,12.1,7.24,15.6,False,Органическое,B
Брюссельская,2025-01-23,96,0.92,5.3,7.15,12.9,True,Минеральное,C
Пекинская,2026-06-11,61,1.48,14.6,5.76,18.8,False,Минеральное,B
Брюссельская,2026-05-01,132,0.8,7.0,5.34,15.1,False,Органическое,C
Савойская,2025-08-11,115,1.82,19.3,6.45,15.1,True,Комплексное,B
Цветная,2024-04-15,117,1.29,16.9,5.56,7.8,False,Минеральное,B
Брюссельская,2025-09-13,133,0.96,7.1,5.35,16.1,False,Органическое,B
Пекинская,2024-03-20,74,1.16,10.2,6.97,8.3,False,Комплексное,A
Савойская,2024-11-13,111,1.03,17.5,7.51,5.9,False,Без удобрений,C
Савойская,2024-04-26,119,2.27,15.0,6.55,9.7,False,Комплексное,A
Савойская,2025-10-25,124,0.96,18.3,7.15,12.1,True,Комплексное,C
Брокколи,2026-05-04,77,0.83,14.2,5.46,21.8,False,Без удобрений,C
Кольраби,2025-04-05,69,0.48,10.5,7.36,13.9,False,Минеральное,A
Брокколи,2025-04-05,86,0.43,14.3,6.89,10.1,True,Комплексное,C
Белокочанная,2026-01-25,93,3.52,21.2,6.66,11.9,False,Органическое,A
Цветная,2025-05-16,76,2.02,14.0,7.43,12.4,False,Органическое,B
Цветная,2024-03-14,98,1.35,17.1,6.88,7.5,False,Биоудобрение,B
Брюссельская,2025-11-16,99,0.97,4.0,7.31,14.1,False,Без удобрений,B
Краснокочанная,2024-06-30,146,2.48,14.6,7.04,9.7,True,Комплексное,C
Пекинская,2026-03-26,54,1.62,14.6,7.3,10.8,False,Комплексное,A
Брокколи,2024-04-06,88,0.96,13.6,7.38,14.3,False,Органическое,B
Пекинская,2026-04-30,76,0.81,12.8,7.11,20.8,False,Комплексное,B
Краснокочанная,2024-08-22,137,1.03,12.6,5.34,6.5,False,Органическое,C
Белокочанная,2025-07-28,130,3.3,14.7,5.57,13.6,False,Минеральное,A
Цветная,2024-06-25,90,1.07,18.0,7.33,8.9,False,Минеральное,B
Брюссельская,2026-04-02,103,0.4,4.3,6.81,16.1,True,Биоудобрение,C
Кольраби,2024-07-14,57,0.46,9.2,6.24,16.1,False,Комплексное,A
Брюссельская,2026-05-24,127,0.77,7.1,6.19,12.0,False,Комплексное,A
Пекинская,2024-09-13,49,1.33,11.4,6.8,10.0,False,Комплексное,A
Брокколи,2024-05-26,88,1.7,12.9,7.08,12.0,False,Комплексное,A
Белокочанная,2025-08-07,115,3.52,15.8,5.99,9.3,False,Органическое,A
Савойская,2026-02-26,129,3.03,17.0,6.57,16.3,False,Комплексное,A
Краснокочанная,2025-01-19,138,1.36,11.1,5.37,23.0,True,Комплексное,D
Белокочанная,2024-05-30,121,2.39,15.7,5.25,17.0,False,Биоудобрение,C
Брокколи,2025-03-05,100,1.66,16.0,6.53,13.1,False,Органическое,A
Цветная,2024-03-19,82,2.02,15.1,6.85,16.7,False,Биоудобрение,B
Белокочанная,2025-08-18,130,3.08,21.3,5.49,12.7,False,Без удобрений,B
Пекинская,2024-05-18,55,1.18,14.6,6.03,13.8,True,Биоудобрение,C
Брокколи,2024-03-24,78,1.35,10.9,5.38,18.8,False,Органическое,B
Савойская,2025-11-08,109,2.22,19.1,7.58,12.9,False,Минеральное,B
Брюссельская,2024-07-27,99,0.36,4.6,7.32,20.1,False,Минеральное,B
Белокочанная,2025-05-28,110,1.56,22.2,6.42,5.4,False,Без удобрений,B
Брокколи,2026-03-01,67,0.73,17.3,5.34,14.5,False,Биоудобрение,A
Цветная,2026-04-22,100,1.47,16.6,7.19,16.2,True,Органическое,D
Савойская,2026-02-15,105,2.4,20.4,5.83,13.2,False,Минеральное,A
Белокочанная,2026-04-20,110,2.99,21.3,6.13,12.4,True,Минеральное,B
Белокочанная,2024-05-02,133,2.51,23.0,7.18,10.0,False,Комплексное,B
Кольраби,2025-08-15,72,0.3,8.2,5.8,14.8,False,Минеральное,B
Краснокочанная,2024-12-15,108,1.89,19.5,6.03,16.3,False,Без удобрений,B
Брокколи,2025-02-14,90,0.94,11.7,5.63,14.0,False,Минеральное,A
Пекинская,2026-05-07,73,0.98,12.6,5.93,9.8,False,Минеральное,B
Савойская,2024-09-02,115,1.55,16.1,6.85,14.9,True,Органическое,C
Пекинская,2025-11-15,78,0.92,14.2,6.79,13.8,True,Биоудобрение,C
Белокочанная,2024-12-05,124,2.58,25.5,7.26,9.4,False,Комплексное,B
Пекинская,2024-12-03,78,1.49,10.4,6.76,11.1,True,Комплексное,C
Савойская,2026-06-01,129,2.29,16.3,5.87,17.8,False,Комплексное,A
Белокочанная,2025-09-04,101,2.64,16.5,6.91,6.2,False,Биоудобрение,A
Цветная,2025-05-31,96,0.93,22.0,6.52,15.4,False,Органическое,A
Пекинская,2025-03-23,51,0.99,15.6,7.44,14.6,False,Минеральное,B
Краснокочанная,2025-04-12,143,2.51,20.3,6.22,17.3,False,Органическое,B
Брокколи,2025-07-05,84,0.75,15.1,7.31,5.7,True,Органическое,C
Кольраби,2025-04-19,84,0.34,11.9,6.77,16.9,False,Биоудобрение,B
Цветная,2025-06-15,90,2.22,19.2,6.66,10.5,False,Органическое,A
Пекинская,2024-12-25,63,1.26,17.5,7.02,13.7,False,Органическое,A
Цветная,2025-01-17,110,1.01,14.7,6.44,14.0,True,Без удобрений,C
Кольраби,2024-03-27,62,0.44,12.5,6.24,8.8,False,Органическое,A
Цветная,2024-11-05,74,1.71,20.3,6.53,15.9,True,Органическое,B
Савойская,2026-06-13,123,1.51,22.5,6.96,15.3,False,Комплексное,A
Цветная,2025-10-06,100,0.83,16.0,7.03,13.2,False,Комплексное,A
Пекинская,2024-09-08,72,1.45,15.7,5.3,18.8,False,Органическое,C
Пекинская,2025-05-22,64,1.59,16.3,6.4,13.5,False,Биоудобрение,A
Брокколи,2024-09-15,100,0.54,17.3,7.0,14.7,False,Минеральное,B
Брюссельская,2024-07-29,111,0.69,8.0,6.68,17.4,True,Комплексное,C
Цветная,2024-04-21,121,0.97,14.5,6.23,10.4,True,Минеральное,C
Белокочанная,2024-10-07,128,4.05,28.9,6.43,12.1,False,Комплексное,A
Цветная,2025-11-27,122,0.68,15.4,6.04,9.6,True,Минеральное,B
Пекинская,2024-04-09,62,1.6,14.1,5.94,14.0,False,Органическое,A
Пекинская,2024-06-30,67,0.95,10.6,7.17,15.3,False,Без удобрений,B
Краснокочанная,2025-02-16,136,1.34,22.1,5.84,10.2,False,Комплексное,A
Брокколи,2025-11-27,91,1.14,11.3,7.12,20.6,False,Органическое,B
Цветная,2025-10-09,75,1.68,19.4,5.93,8.3,True,Минеральное,D
Краснокочанная,2026-04-14,104,2.28,15.5,5.4,18.9,False,Комплексное,C
Пекинская,2025-12-31,75,0.49,9.2,5.84,10.9,True,Комплексное,C
Белокочанная,2025-03-03,110,3.29,27.9,5.73,14.0,False,Органическое,B
Белокочанная,2026-05-28,134,2.59,19.6,5.92,12.0,False,Минеральное,A
Пекинская,2024-08-14,63,0.68,16.1,6.92,16.5,False,Биоудобрение,A
Краснокочанная,2025-12-02,156,1.27,15.5,5.2,6.1,True,Минеральное,D
Цветная,2024-08-06,97,1.34,18.9,5.37,5.4,False,Комплексное,B
Брюссельская,2024-07-26,99,0.66,8.2,6.62,19.9,False,Минеральное,A
Кольраби,2025-08-09,56,0.44,9.1,7.1,7.3,False,Органическое,B
Цветная,2025-09-17,114,0.79,13.8,7.1,8.2,False,Органическое,B
Пекинская,2024-11-18,47,0.95,14.5,7.54,12.4,False,Биоудобрение,B
Брокколи,2024-05-16,79,1.58,11.9,6.39,14.1,False,Комплексное,A
Савойская,2026-01-28,118,1.84,13.5,5.66,13.0,True,Комплексное,B
Брокколи,2024-07-28,96,1.21,9.7,5.98,12.0,False,Биоудобрение,A
Пекинская,2026-01-07,58,0.55,15.4,5.51,10.3,True,Комплексное,C
Савойская,2024-11-12,121,2.43,15.3,7.0,17.0,False,Комплексное,A
Брюссельская,2025-08-11,109,0.36,5.7,5.41,11.3,True,Без удобрений,D
Брокколи,2025-02-09,76,1.13,14.7,7.56,10.2,False,Органическое,B
Брюссельская,2024-06-10,95,0.94,4.5,5.9,11.6,True,Комплексное,B
Пекинская,2025-08-07,68,0.6,16.3,6.82,16.3,False,Органическое,B
Савойская,2025-08-20,130,1.04,11.9,6.74,10.3,True,Биоудобрение,C
Брюссельская,2024-07-04,118,0.83,7.3,7.49,14.9,True,Биоудобрение,D
Краснокочанная,2025-03-18,123,1.38,17.3,6.01,15.9,False,Биоудобрение,A
Савойская,2024-06-07,105,1.98,15.1,6.36,15.4,False,Минеральное,A
Краснокочанная,2025-12-19,117,2.5,14.5,7.43,16.9,False,Комплексное,B
Кольраби,2025-08-11,79,0.36,8.6,7.01,16.0,False,Биоудобрение,B
Савойская,2024-12-13,127,1.0,13.3,7.24,13.1,True,Без удобрений,C
Кольраби,2025-07-28,63,0.98,12.1,6.83,8.4,False,Комплексное,B
Савойская,2025-05-12,137,2.13,23.1,5.33,11.5,False,Комплексное,A
Цветная,2025-04-17,74,1.69,16.6,6.81,6.6,True,Органическое,C
Брокколи,2025-06-06,62,1.62,13.7,5.6,9.2,False,Минеральное,B
Брюссельская,2025-07-25,96,0.44,7.9,5.95,9.2,False,Органическое,B
Белокочанная,2026-03-20,105,3.04,25.9,5.88,17.3,False,Комплексное,A
Брюссельская,2024-10-24,134,0.84,5.2,5.71,3.9,True,Биоудобрение,D
Брокколи,2025-10-18,97,0.89,10.6,6.37,11.1,False,Комплексное,A
Кольраби,2024-07-10,93,0.5,7.0,5.78,15.5,True,Комплексное,C
Савойская,2026-03-12,120,2.22,22.1,7.22,10.5,False,Органическое,A
Кольраби,2025-12-23,84,0.94,7.8,6.52,12.5,False,Органическое,A
Брюссельская,2025-12-08,122,0.9,4.5,5.94,15.2,False,Органическое,A
Пекинская,2025-04-20,74,0.67,13.1,6.14,16.2,False,Минеральное,A
Савойская,2026-03-28,132,1.87,23.1,6.38,10.4,False,Минеральное,A
Савойская,2025-06-17,129,1.97,20.0,7.35,11.9,False,Без удобрений,B
Цветная,2024-12-17,94,1.3,16.9,5.49,13.8,False,Комплексное,A
Кольраби,2025-11-06,78,0.56,7.4,7.08,20.8,False,Комплексное,B
Пекинская,2024-06-15,60,0.6,9.9,7.06,12.8,True,Органическое,C
Кольраби,2026-02-06,67,0.51,11.5,5.51,16.6,False,Биоудобрение,B
Цветная,2025-05-16,117,1.13,16.8,5.97,16.6,False,Комплексное,A
Савойская,2024-03-25,121,0.95,15.1,5.64,14.5,False,Биоудобрение,B
Краснокочанная,2026-03-12,128,1.49,14.6,5.87,11.8,False,Биоудобрение,A
Краснокочанная,2026-03-23,103,2.03,12.9,6.58,7.1,False,Комплексное,A
Брокколи,2025-12-04,79,1.21,10.7,5.47,10.9,False,Минеральное,C
Брюссельская,2024-05-13,94,0.88,5.4,5.45,12.7,False,Комплексное,B
Белокочанная,2026-05-18,119,2.07,21.6,6.19,13.1,False,Без удобрений,A
Брокколи,2024-03-29,73,0.76,12.0,6.01,10.4,False,Комплексное,A
Брюссельская,2024-10-09,128,0.79,6.8,5.39,9.3,False,Органическое,C
Пекинская,2026-03-22,76,1.42,15.9,6.16,15.2,False,Без удобрений,B
Кольраби,2024-10-05,73,0.22,7.6,7.37,13.4,True,Без удобрений,D
Пекинская,2025-08-25,48,0.95,15.5,5.73,15.1,False,Минеральное,B
Пекинская,2025-12-05,48,0.97,9.9,5.65,11.9,False,Органическое,A
Краснокочанная,2025-04-10,116,1.92,16.6,6.94,9.2,True,Минеральное,C
Брюссельская,2026-01-16,120,0.85,4.0,6.11,12.7,False,Без удобрений,B
Брокколи,2026-01-07,62,1.4,12.8,7.02,10.7,False,Минеральное,B
Савойская,2025-11-23,121,2.08,20.3,6.78,5.1,False,Органическое,B
Савойская,2026-04-11,95,1.59,21.8,5.86,9.6,False,Комплексное,B
Краснокочанная,2025-10-21,111,2.44,18.0,6.62,16.0,False,Органическое,A
Кольраби,2025-08-03,63,0.49,7.5,6.01,15.3,True,Минеральное,C
Савойская,2025-02-20,120,1.2,17.2,5.79,12.8,False,Комплексное,A
Брюссельская,2025-03-08,118,0.35,6.8,7.22,16.9,False,Органическое,B
Брюссельская,2024-04-18,130,0.52,8.5,6.43,12.2,False,Органическое,A
Брокколи,2025-08-17,83,0.96,11.9,6.17,12.5,False,Минеральное,A
Савойская,2025-07-10,114,1.66,12.6,7.6,15.7,False,Комплексное,B
Пекинская,2025-06-07,73,1.71,13.8,7.12,12.4,False,Минеральное,A
Савойская,2026-01-31,111,1.36,21.1,6.18,12.2,False,Минеральное,A
Пекинская,2026-03-17,58,0.79,11.7,6.95,13.1,False,Биоудобрение,A
Краснокочанная,2026-05-10,132,2.16,18.2,7.58,15.6,True,Биоудобрение,D
Белокочанная,2025-11-05,136,1.97,16.6,6.48,12.5,False,Органическое,A
Савойская,2024-09-07,125,1.3,22.7,6.36,11.3,False,Комплексное,A
Цветная,2024-10-30,121,2.22,16.8,5.55,14.7,False,Минеральное,B
Краснокочанная,2024-05-27,127,1.16,17.1,6.89,7.2,False,Комплексное,A
Цветная,2024-06-17,92,1.81,14.6,5.74,9.3,False,Биоудобрение,B
Брокколи,2026-04-01,73,1.48,10.6,5.93,14.4,False,Минеральное,A
Краснокочанная,2025-10-18,103,2.39,22.2,6.9,2.5,False,Минеральное,C
Цветная,2026-05-16,96,1.23,16.3,5.35,7.0,False,Комплексное,B
Брокколи,2025-04-27,83,0.99,13.8,6.6,7.5,True,Минеральное,C
Брюссельская,2024-10-27,99,0.65,4.3,6.28,16.2,False,Органическое,A
Краснокочанная,2025-07-23,106,2.96,21.8,6.32,13.5,False,Органическое,A
Кольраби,2024-09-13,71,0.44,7.3,7.54,18.4,False,Минеральное,B
Савойская,2025-10-27,110,1.14,16.6,7.43,6.7,False,Минеральное,B
Цветная,2024-05-29,90,2.3,11.6,7.52,11.3,False,Комплексное,A
Краснокочанная,2025-03-25,145,2.07,15.9,5.75,15.3,False,Комплексное,B
Савойская,2025-01-26,104,0.89,23.0,5.93,8.9,False,Органическое,B
Брюссельская,2025-02-13,119,0.5,6.7,7.05,12.1,False,Органическое,B
Краснокочанная,2026-04-14,118,2.46,14.9,6.55,6.4,False,Органическое,B
Брокколи,2025-02-10,88,1.02,12.4,5.44,14.0,False,Комплексное,A
Брокколи,2024-03-12,79,0.82,9.4,5.96,13.2,True,Комплексное,B
Белокочанная,2025-05-02,96,2.43,19.1,6.65,16.3,False,Без удобрений,B
Белокочанная,2026-01-08,99,3.88,17.3,6.85,9.8,False,Минеральное,B
Пекинская,2024-05-06,73,0.96,15.1,6.68,18.7,False,Минеральное,B
Кольраби,2024-11-20,80,0.52,7.4,5.23,13.4,False,Комплексное,B
Белокочанная,2024-11-22,136,3.92,19.1,6.14,14.6,False,Минеральное,A
Савойская,2025-03-23,132,1.61,17.2,6.34,12.2,False,Комплексное,A
Белокочанная,2025-11-22,135,1.94,18.2,6.05,15.0,True,Минеральное,B
Пекинская,2024-07-31,64,0.88,12.9,6.68,17.6,False,Комплексное,A
Краснокочанная,2025-11-12,125,2.68,20.9,6.31,13.6,False,Минеральное,A
Брюссельская,2024-10-19,98,0.71,4.0,6.37,9.5,True,Минеральное,C
Пекинская,2025-12-13,68,1.69,13.3,6.02,13.2,False,Органическое,A
Савойская,2025-11-12,128,1.66,16.1,5.83,7.0,True,Минеральное,C
Краснокочанная,2025-06-01,119,3.05,22.5,6.59,10.9,False,Органическое,B
Цветная,2024-11-14,94,0.93,21.6,5.94,18.7,False,Минеральное,B
Кольраби,2024-11-23,93,0.63,7.8,5.28,19.9,True,Комплексное,D
Цветная,2024-11-13,100,1.67,17.5,7.41,4.5,False,Органическое,B
Кольраби,2025-01-23,64,0.77,8.8,5.38,9.8,False,Комплексное,B
Пекинская,2024-12-13,55,0.8,10.3,7.48,9.8,True,Без удобрений,D
Савойская,2025-01-20,123,0.75,18.3,5.41,11.3,True,Минеральное,D
Кольраби,2024-08-28,85,0.65,11.6,6.68,16.5,False,Органическое,A
Кольраби,2025-02-17,63,0.99,9.1,6.35,13.4,False,Органическое,A
Брюссельская,2026-03-18,130,0.43,3.5,7.28,10.1,True,Комплексное,C
Белокочанная,2024-06-29,137,2.04,22.1,6.21,18.6,False,Комплексное,A
Пекинская,2024-12-23,59,0.78,15.2,7.43,16.4,False,Биоудобрение,B
Белокочанная,2026-04-16,96,3.02,21.1,6.89,16.8,False,Комплексное,A
Белокочанная,2025-05-19,123,2.81,18.0,6.8,3.7,True,Биоудобрение,D
Белокочанная,2025-09-09,125,2.05,19.1,7.13,15.1,False,Биоудобрение,B
Белокочанная,2026-04-28,110,2.16,20.1,6.82,14.8,False,Комплексное,A
Краснокочанная,2025-11-11,133,2.16,20.5,6.77,14.2,False,Комплексное,A
Брюссельская,2026-06-05,96,0.54,5.7,5.24,15.6,False,Комплексное,B
Цветная,2024-03-11,119,1.65,17.6,6.66,12.3,False,Комплексное,A
Цветная,2024-10-28,115,1.34,12.1,6.58,6.9,False,Без удобрений,C
Брокколи,2025-01-22,79,1.2,13.8,7.17,16.2,False,Комплексное,B
Пекинская,2025-09-22,52,1.71,14.6,6.07,11.0,False,Без удобрений,B
Цветная,2026-01-24,70,1.41,12.7,5.94,13.8,False,Минеральное,B
Кольраби,2024-03-15,78,0.76,6.8,7.54,11.9,False,Минеральное,B
Пекинская,2025-10-09,55,0.65,10.9,5.38,15.7,True,Органическое,D
Савойская,2026-04-10,118,2.37,13.9,7.32,7.8,False,Минеральное,B
Белокочанная,2025-07-19,134,1.26,15.5,7.03,4.8,False,Органическое,B
Брокколи,2025-05-22,87,0.63,17.6,7.21,11.2,False,Минеральное,B
Цветная,2025-09-27,81,0.82,21.6,5.63,10.3,False,Органическое,B
Белокочанная,2025-10-19,118,2.79,19.1,7.35,5.6,True,Органическое,D
Кольраби,2026-04-19,73,0.98,9.3,6.53,11.1,False,Минеральное,B
Кольраби,2025-05-22,55,0.59,11.1,6.2,9.3,False,Минеральное,A
Белокочанная,2025-04-10,94,1.72,23.4,6.31,12.3,False,Комплексное,A
Цветная,2025-04-27,109,1.53,14.9,6.41,21.1,False,Минеральное,B
Брюссельская,2026-02-04,101,0.81,3.9,6.15,16.3,False,Органическое,B
Кольраби,2025-02-02,74,0.46,6.8,5.2,14.7,True,Комплексное,D
Белокочанная,2024-08-26,98,4.09,20.5,6.59,11.5,False,Минеральное,A
Брюссельская,2025-08-06,102,0.83,8.0,6.31,9.2,True,Комплексное,C
Пекинская,2026-03-18,79,1.58,11.8,7.56,9.7,False,Органическое,A
Краснокочанная,2025-05-18,145,2.14,16.1,6.62,13.6,False,Комплексное,A
Цветная,2024-05-21,118,0.73,12.9,5.51,19.1,True,Без удобрений,D
Краснокочанная,2024-12-20,140,2.41,23.5,7.34,10.6,False,Минеральное,B
Брюссельская,2026-01-18,120,0.9,7.8,7.59,10.1,False,Без удобрений,B
Цветная,2025-11-22,92,1.68,15.3,6.38,13.5,False,Биоудобрение,A
Савойская,2024-03-18,135,2.42,15.9,6.82,19.1,False,Органическое,B
Кольраби,2025-09-12,62,0.71,10.5,6.26,12.5,False,Без удобрений,A
Кольраби,2024-03-03,58,0.95,11.0,7.56,17.6,False,Минеральное,C
Брюссельская,2024-06-24,126,0.54,8.1,5.71,11.8,False,Органическое,A
Цветная,2025-10-24,96,1.49,18.5,7.19,10.7,False,Без удобрений,B
Краснокочанная,2025-03-19,101,2.94,19.4,6.13,9.1,False,Минеральное,B
Белокочанная,2024-08-21,142,3.25,17.8,6.91,12.0,True,Биоудобрение,C
Краснокочанная,2025-02-06,137,1.6,18.0,7.48,6.9,False,Биоудобрение,B
Цветная,2025-10-02,105,1.9,21.8,7.28,11.9,False,Органическое,B
Краснокочанная,2025-09-26,107,2.81,16.1,6.44,9.0,False,Комплексное,A
Савойская,2024-09-30,100,1.85,18.7,5.68,12.8,True,Биоудобрение,C
Кольраби,2026-04-30,57,1.05,13.0,6.64,13.4,False,Комплексное,A
Савойская,2026-03-25,131,1.31,20.0,5.32,10.8,False,Органическое,B
Кольраби,2025-08-10,85,0.41,12.8,7.06,13.3,False,Минеральное,A
Цветная,2025-11-28,80,0.92,19.7,6.62,19.9,False,Минеральное,B
Пекинская,2025-12-02,59,2.0,17.3,7.08,13.3,False,Органическое,A
Кольраби,2025-10-09,78,0.69,8.4,5.61,11.5,False,Органическое,B
Белокочанная,2024-05-23,129,2.73,19.3,6.71,11.8,False,Комплексное,A
Краснокочанная,2025-03-30,112,2.31,14.9,7.49,14.3,True,Минеральное,C
Брокколи,2025-05-18,96,0.6,17.4,5.88,10.6,False,Минеральное,B
Белокочанная,2025-12-09,135,4.13,23.8,7.25,15.5,False,Минеральное,B
Савойская,2025-09-28,114,1.55,18.7,5.4,14.5,False,Биоудобрение,B
Кольраби,2024-07-23,86,0.46,11.7,6.04,10.8,False,Без удобрений,B
Кольраби,2025-03-05,75,0.36,8.6,6.19,8.2,False,Комплексное,A
Цветная,2025-07-10,115,2.11,20.0,5.94,16.0,False,Органическое,A
Брюссельская,2025-03-24,105,1.05,5.2,5.96,18.1,False,Без удобрений,B
Пекинская,2025-11-01,63,1.22,14.2,5.44,14.0,False,Минеральное,B
Савойская,2026-04-06,105,1.43,15.9,7.07,11.1,False,Комплексное,A
Белокочанная,2026-03-04,121,1.81,16.8,5.69,10.3,False,Органическое,B
Савойская,2024-04-14,98,2.74,13.6,6.27,17.6,False,Комплексное,A
Кольраби,2025-06-10,89,0.42,11.2,5.7,15.3,False,Минеральное,B
Савойская,2025-04-30,120,2.65,20.3,7.47,13.9,False,Комплексное,A
Краснокочанная,2025-08-23,109,1.86,20.3,5.49,21.0,False,Органическое,B
Белокочанная,2025-04-26,110,2.14,23.4,5.81,15.7,False,Биоудобрение,A
Кольраби,2026-02-28,74,0.3,6.5,5.44,11.3,True,Без удобрений,D
Белокочанная,2024-03-26,114,1.91,14.9,6.67,18.7,False,Органическое,A
Кольраби,2026-04-23,58,0.97,7.8,7.51,11.4,False,Минеральное,A
Савойская,2025-03-10,99,1.02,17.9,6.39,16.6,False,Комплексное,B
Савойская,2025-06-26,97,1.74,17.7,7.04,16.3,False,Органическое,B
Савойская,2026-06-14,128,2.0,15.2,7.37,13.4,False,Минеральное,A
Белокочанная,2024-06-18,100,2.06,17.9,7.31,16.7,False,Без удобрений,B
Пекинская,2024-06-08,50,0.72,14.3,6.13,10.6,True,Биоудобрение,C
Брюссельская,2024-10-31,118,1.22,8.1,6.61,17.1,False,Минеральное,A
Брюссельская,2026-05-31,102,0.32,5.4,7.38,5.0,False,Без удобрений,C
Брокколи,2024-09-15,100,1.07,16.0,7.56,10.9,False,Без удобрений,B
Краснокочанная,2024-04-23,131,2.65,19.4,5.57,15.5,False,Минеральное,B
Савойская,2024-08-04,112,1.75,15.9,6.58,9.4,False,Органическое,A
Брюссельская,2025-03-15,112,1.28,7.6,6.05,6.6,False,Органическое,B
Пекинская,2025-05-26,55,0.73,15.2,5.58,17.2,False,Минеральное,B
Брюссельская,2025-12-20,100,1.04,5.2,6.26,20.2,False,Органическое,B
Цветная,2025-11-02,104,0.88,15.1,7.08,12.2,False,Комплексное,A
Брокколи,2024-04-10,74,0.54,13.9,6.87,15.9,False,Комплексное,A
Цветная,2024-10-27,118,1.38,20.0,7.33,9.5,False,Без удобрений,C
Брюссельская,2024-03-05,131,1.16,4.1,5.42,19.5,False,Комплексное,B
Белокочанная,2025-08-26,122,3.2,25.9,7.13,13.3,False,Биоудобрение,A
Кольраби,2025-03-18,63,0.52,8.6,7.04,8.1,False,Минеральное,B
Белокочанная,2026-03-19,119,2.4,20.2,7.04,11.7,True,Минеральное,C
Цветная,2024-05-03,100,2.14,20.3,7.14,16.4,False,Комплексное,B
Краснокочанная,2025-02-05,138,1.89,15.8,6.47,9.1,False,Комплексное,A
Пекинская,2026-01-25,55,1.17,10.5,7.37,14.8,False,Комплексное,A
Белокочанная,2026-03-12,116,1.98,15.8,5.55,16.0,False,Комплексное,C
Цветная,2025-06-07,77,0.97,17.4,5.33,13.7,False,Органическое,B
Брокколи,2024-12-06,82,0.4,8.4,7.1,20.8,True,Минеральное,C
Белокочанная,2025-04-01,123,4.11,18.1,6.56,12.6,False,Комплексное,A
Краснокочанная,2024-09-11,107,2.36,17.4,7.32,13.0,False,Комплексное,B
Кольраби,2025-07-01,64,0.66,10.8,7.12,13.3,False,Биоудобрение,A
Белокочанная,2024-05-26,123,2.07,13.0,5.3,18.6,False,Комплексное,B
Пекинская,2024-07-14,79,0.6,10.4,6.09,9.9,False,Комплексное,B
Пекинская,2026-06-09,58,1.07,9.2,6.29,14.4,True,Без удобрений,C
Пекинская,2025-11-19,56,1.17,14.0,5.3,18.5,True,Биоудобрение,D
Пекинская,2026-05-18,78,1.67,17.4,5.84,12.7,False,Минеральное,A
Брюссельская,2025-11-19,101,0.82,7.2,5.93,19.3,False,Минеральное,B
Брюссельская,2026-05-01,99,0.68,4.6,5.52,18.2,False,Комплексное,B
Белокочанная,2026-05-11,112,2.26,27.1,5.57,9.4,False,Минеральное,A
Савойская,2026-03-04,118,1.42,11.6,5.4,2.7,True,Органическое,D
Цветная,2024-03-03,98,1.04,20.8,7.56,14.1,False,Комплексное,A
Кольраби,2025-12-05,71,0.33,7.1,5.97,8.3,True,Комплексное,C
Савойская,2024-03-15,125,1.45,19.0,5.76,13.7,False,Комплексное,B
Кольраби,2025-09-19,81,0.62,7.4,5.23,17.7,True,Комплексное,D
Брокколи,2025-04-05,71,1.48,16.0,7.28,13.2,False,Без удобрений,B
Брюссельская,2025-11-15,97,1.44,5.3,6.64,17.8,False,Комплексное,A
Брюссельская,2025-01-23,119,1.07,4.6,6.73,16.8,False,Органическое,B
Кольраби,2024-06-22,66,0.78,12.2,6.03,12.9,False,Органическое,A
Савойская,2026-06-04,135,1.4,18.3,6.32,5.7,False,Комплексное,A
Брюссельская,2025-05-13,95,0.81,4.0,6.85,11.2,True,Биоудобрение,C
Брокколи,2025-04-30,72,1.12,13.7,5.98,19.1,False,Биоудобрение,C
Пекинская,2025-01-07,55,1.89,16.6,7.09,11.5,False,Минеральное,A
Брокколи,2026-06-14,60,1.78,19.5,6.08,9.2,False,Комплексное,A
Белокочанная,2024-06-24,95,4.0,21.8,5.68,14.6,False,Комплексное,B
Брюссельская,2024-05-31,101,0.54,5.1,5.48,18.8,False,Комплексное,B
Краснокочанная,2024-06-24,149,1.02,14.5,6.06,6.8,False,Без удобрений,B
Цветная,2024-03-24,77,1.93,16.1,6.09,6.9,False,Комплексное,A
Краснокочанная,2024-05-03,132,1.57,12.9,5.27,10.2,False,Без удобрений,C
Брокколи,2025-10-01,100,0.87,11.5,5.89,9.1,False,Без удобрений,B
Брокколи,2026-06-08,69,1.14,13.1,6.27,12.5,True,Органическое,C
Кольраби,2024-05-20,73,0.43,8.6,5.86,11.9,False,Комплексное,A
Брюссельская,2026-03-19,122,1.09,4.1,6.12,20.2,False,Органическое,A
Савойская,2026-02-06,129,1.26,17.6,6.5,10.1,False,Без удобрений,B
Брюссельская,2025-07-14,101,0.99,5.7,7.31,16.2,False,Комплексное,A
Савойская,2024-09-08,114,1.17,14.1,7.42,12.1,False,Комплексное,A
Брокколи,2024-06-30,85,0.73,17.1,5.46,15.2,False,Комплексное,B
Кольраби,2026-02-19,66,0.96,8.3,6.69,6.2,False,Минеральное,A
Белокочанная,2024-04-03,102,2.95,25.8,6.99,11.6,False,Органическое,A
Брокколи,2026-02-08,83,0.56,11.8,5.69,15.5,False,Без удобрений,C
Белокочанная,2024-07-04,126,1.53,14.2,5.73,19.1,True,Органическое,C
Брюссельская,2025-09-28,104,0.93,8.3,6.72,14.2,False,Органическое,A
Краснокочанная,2024-10-23,132,2.5,14.4,5.98,10.8,False,Комплексное,B
Брюссельская,2025-09-03,121,0.57,6.2,7.35,13.4,False,Комплексное,A
Пекинская,2024-07-06,80,1.22,14.2,6.23,13.0,False,Органическое,A
Брюссельская,2024-08-04,118,1.14,4.3,6.8,9.5,False,Минеральное,A
Цветная,2024-04-06,116,1.67,21.8,7.18,9.2,False,Комплексное,A
Брюссельская,2024-12-24,98,0.46,5.7,5.39,11.8,False,Комплексное,A
Брюссельская,2024-03-30,91,1.04,7.2,5.61,13.0,False,Минеральное,B
Цветная,2026-03-28,94,1.22,12.8,5.49,11.9,False,Без удобрений,B
Пекинская,2026-05-28,65,2.03,11.7,6.69,14.6,False,Минеральное,A
Кольраби,2025-12-22,86,0.68,8.4,5.9,9.9,False,Минеральное,A
Брокколи,2026-04-06,72,1.35,19.0,7.18,12.0,False,Минеральное,A
Пекинская,2026-02-21,69,1.21,9.8,6.24,17.3,False,Комплексное,A
Цветная,2024-03-24,115,1.61,10.9,6.3,17.2,True,Минеральное,C
Брокколи,2024-05-23,75,0.57,16.0,7.48,8.1,False,Комплексное,B
Краснокочанная,2025-12-25,120,1.21,16.8,6.9,18.5,True,Комплексное,C
Цветная,2025-10-19,113,1.03,21.3,7.09,12.6,False,Минеральное,A
Пекинская,2025-08-26,55,1.2,14.2,7.33,15.0,False,Комплексное,A
Пекинская,2025-09-24,52,1.14,10.1,7.22,17.3,False,Комплексное,A
Кольраби,2026-03-25,82,0.88,11.0,6.07,12.6,False,Биоудобрение,A
Брокколи,2024-07-13,70,1.25,18.8,5.93,13.7,False,Комплексное,A
Брокколи,2025-02-09,99,1.18,12.6,7.1,21.5,False,Органическое,B
Пекинская,2025-01-28,58,1.43,12.1,5.53,19.5,False,Минеральное,C
Брокколи,2026-01-05,91,0.98,11.6,6.09,17.0,True,Минеральное,C
Кольраби,2024-08-21,89,0.42,12.0,6.33,13.3,False,Минеральное,A
Пекинская,2026-05-13,75,1.4,15.5,6.0,14.2,True,Минеральное,C
Брюссельская,2025-05-13,125,0.51,7.5,6.88,12.0,True,Минеральное,B
Савойская,2025-02-01,98,2.06,14.4,7.37,3.5,False,Органическое,C
Краснокочанная,2024-09-29,120,2.9,21.0,5.94,11.0,False,Комплексное,A
Пекинская,2025-09-10,50,0.85,16.0,6.38,12.5,False,Органическое,A
Пекинская,2024-11-25,54,1.45,15.9,7.27,16.6,False,Комплексное,A
Брокколи,2025-03-27,91,1.42,18.2,6.08,13.9,False,Комплексное,B
Брокколи,2025-05-26,96,0.68,14.1,7.25,9.9,False,Без удобрений,B
Краснокочанная,2025-08-15,118,1.1,21.3,5.65,10.6,False,Биоудобрение,C
Савойская,2025-07-02,103,2.27,22.3,6.97,19.3,False,Комплексное,A
Брокколи,2025-04-11,81,0.81,15.7,6.15,18.1,True,Биоудобрение,D
Кольраби,2025-08-21,86,0.85,13.3,6.52,16.7,False,Комплексное,A
Краснокочанная,2024-06-10,126,1.18,22.4,5.9,9.4,False,Комплексное,B
Савойская,2026-05-29,113,2.28,19.7,5.74,11.5,True,Минеральное,D
Брокколи,2025-08-15,70,0.48,11.9,7.26,7.3,False,Минеральное,B
Цветная,2024-05-01,76,1.11,13.4,6.74,21.2,False,Органическое,B
Цветная,2024-06-06,96,1.49,12.0,7.6,13.6,False,Органическое,A
Брокколи,2026-02-04,99,0.64,15.8,5.37,16.1,False,Комплексное,B
Цветная,2024-09-27,110,1.2,16.4,6.45,9.1,True,Комплексное,B
Пекинская,2025-02-07,52,1.06,11.3,5.92,10.1,False,Комплексное,A
Пекинская,2026-01-30,69,0.75,16.7,7.31,5.9,False,Минеральное,C
Белокочанная,2024-04-02,91,4.09,17.8,6.45,8.6,False,Биоудобрение,A
Пекинская,2025-04-19,49,0.8,15.3,6.92,14.2,False,Органическое,A
Кольраби,2024-07-05,59,0.87,12.2,7.12,8.9,False,Органическое,B
Брюссельская,2026-03-16,127,0.39,6.7,5.54,18.2,True,Комплексное,D
Цветная,2024-05-28,107,1.33,12.6,7.37,14.2,False,Минеральное,C
Брюссельская,2025-10-22,110,0.39,5.2,6.13,20.5,False,Биоудобрение,B
Цветная,2025-07-09,122,1.4,12.8,5.32,4.9,False,Комплексное,B
Кольраби,2025-08-06,62,0.45,10.4,6.09,13.0,False,Биоудобрение,A
Краснокочанная,2025-07-18,140,1.22,15.3,6.11,13.0,False,Биоудобрение,A
Брокколи,2026-05-03,80,1.69,9.2,5.59,12.4,False,Биоудобрение,A
Кольраби,2025-07-26,76,0.86,8.3,6.73,24.5,False,Минеральное,B
Брокколи,2025-09-07,77,1.2,11.4,6.75,14.5,False,Минеральное,A
Савойская,2024-08-18,108,2.05,18.1,6.11,15.6,False,Комплексное,A
Цветная,2026-05-14,84,0.74,12.6,7.26,10.1,False,Биоудобрение,A
Пекинская,2024-03-19,73,0.43,8.8,7.39,14.6,True,Биоудобрение,C
Пекинская,2026-02-07,68,1.84,14.0,7.11,13.0,False,Биоудобрение,A
Савойская,2026-01-05,124,0.86,23.0,7.5,11.0,False,Минеральное,B
Белокочанная,2025-07-06,137,2.75,24.2,7.51,15.1,False,Комплексное,B
Пекинская,2025-11-03,59,1.56,14.8,6.65,9.5,False,Комплексное,A
Пекинская,2025-08-22,78,1.33,13.3,6.27,8.7,False,Комплексное,A
Кольраби,2024-10-02,81,0.36,7.0,6.54,11.0,True,Биоудобрение,C
Пекинская,2025-07-05,78,0.47,16.0,6.5,6.5,False,Без удобрений,B
Брокколи,2024-04-01,103,0.97,8.2,6.8,21.3,True,Биоудобрение,D
Савойская,2025-04-23,123,1.86,23.0,6.79,8.5,False,Минеральное,A
Брокколи,2025-05-28,102,0.44,15.2,6.81,13.7,True,Биоудобрение,B
Пекинская,2024-10-09,68,0.61,9.0,5.28,14.0,True,Минеральное,C
Брюссельская,2025-09-21,132,0.38,5.7,6.86,9.0,True,Минеральное,C
Пекинская,2024-07-23,61,1.24,16.3,6.59,15.9,False,Минеральное,A
Савойская,2026-06-06,118,2.2,16.5,6.15,11.9,True,Органическое,C
Белокочанная,2024-03-28,134,3.25,24.8,6.59,16.3,False,Биоудобрение,B
Цветная,2026-02-05,121,1.37,13.0,5.24,9.2,False,Органическое,B
Брюссельская,2024-10-18,130,0.84,4.3,7.21,16.4,False,Комплексное,B
Кольраби,2025-06-11,62,0.81,9.0,5.54,16.3,False,Биоудобрение,B
Белокочанная,2024-07-30,120,4.22,25.4,6.39,17.5,False,Комплексное,A
Брокколи,2026-02-09,82,0.68,14.2,6.55,16.8,False,Без удобрений,B
Краснокочанная,2025-05-20,121,2.68,13.9,6.44,14.6,False,Без удобрений,B
Краснокочанная,2025-02-20,142,1.46,15.0,6.08,15.8,False,Комплексное,A
Брокколи,2025-02-10,100,0.8,17.7,5.64,13.7,False,Минеральное,A
Цветная,2026-01-01,88,1.44,14.0,5.4,8.1,False,Биоудобрение,B
Белокочанная,2025-07-07,97,1.46,19.2,5.23,12.5,False,Минеральное,C
Краснокочанная,2025-12-27,132,2.28,13.8,7.08,14.7,False,Без удобрений,B
Брокколи,2025-10-13,98,0.84,17.6,7.11,13.6,True,Органическое,B
Брокколи,2024-07-17,78,0.55,10.6,6.41,15.8,False,Органическое,A
Брокколи,2024-04-23,67,0.71,16.9,6.54,13.7,True,Комплексное,B
Брокколи,2025-01-28,60,1.26,12.4,5.83,14.4,False,Органическое,B
Цветная,2025-01-10,73,2.0,15.8,6.3,11.1,False,Комплексное,A
Кольраби,2024-04-07,58,0.89,9.5,6.01,10.9,False,Биоудобрение,A
Брюссельская,2024-12-04,104,1.23,4.1,6.7,15.6,False,Органическое,A
Брокколи,2025-05-18,66,1.16,15.8,7.21,17.3,True,Органическое,D
Брокколи,2025-02-01,75,1.2,18.6,6.36,15.1,False,Минеральное,A
Кольраби,2024-08-03,61,0.91,12.8,7.3,13.6,False,Комплексное,A
Брокколи,2026-06-06,78,1.1,17.8,7.23,12.2,False,Биоудобрение,B
Брюссельская,2026-01-21,98,0.86,5.9,6.77,13.9,False,Минеральное,A
Кольраби,2024-09-13,72,0.29,12.2,7.58,14.7,False,Комплексное,B
Брюссельская,2025-03-14,111,0.64,6.7,7.55,13.0,False,Без удобрений,B
Кольраби,2024-11-26,90,0.58,12.3,6.72,14.4,False,Биоудобрение,A
Цветная,2025-09-19,117,1.78,17.4,5.3,16.6,False,Комплексное,B
Белокочанная,2024-06-03,112,2.86,17.1,7.25,12.3,False,Комплексное,A
Кольраби,2025-11-26,75,1.04,12.4,7.52,12.3,False,Биоудобрение,B
Краснокочанная,2024-12-28,107,1.98,12.9,5.85,6.0,False,Органическое,B
Цветная,2025-04-29,121,1.26,15.1,7.22,16.4,False,Минеральное,B
Брокколи,2024-10-12,82,1.38,10.3,6.39,14.4,False,Комплексное,A
Савойская,2024-10-25,113,1.72,15.5,7.35,6.0,False,Минеральное,C
Брокколи,2024-06-08,81,1.05,9.6,5.95,16.8,False,Органическое,B
Краснокочанная,2026-01-04,107,3.13,22.9,6.07,11.9,False,Органическое,A
Брюссельская,2025-06-30,101,1.02,4.9,5.65,9.1,False,Органическое,A
Краснокочанная,2025-07-08,110,1.82,18.8,7.03,18.5,False,Минеральное,B
Брюссельская,2026-01-07,122,0.65,6.3,5.67,14.3,False,Комплексное,A
Кольраби,2024-09-16,85,0.48,9.5,6.66,16.3,True,Минеральное,B
Брокколи,2024-07-06,96,0.44,11.3,6.42,13.1,True,Органическое,B
Савойская,2024-12-22,113,0.9,20.5,5.45,17.2,False,Органическое,B
Кольраби,2024-04-19,75,0.46,12.8,7.34,10.7,False,Без удобрений,C
Савойская,2024-03-21,103,1.6,21.0,5.43,9.5,False,Биоудобрение,B
Кольраби,2024-10-20,61,0.39,6.3,5.65,3.5,False,Комплексное,B
Белокочанная,2025-07-12,114,1.43,20.8,5.47,9.0,False,Органическое,B
Цветная,2025-01-29,99,1.14,17.1,6.48,14.7,False,Минеральное,A
Белокочанная,2025-08-30,113,2.43,23.8,5.82,16.8,True,Комплексное,C
Белокочанная,2025-10-30,107,2.04,14.0,6.65,12.3,False,Биоудобрение,A
Белокочанная,2024-11-23,122,2.65,17.5,6.06,12.0,False,Минеральное,B
Брокколи,2024-10-31,91,0.68,12.1,6.91,22.4,False,Органическое,A
Пекинская,2024-07-28,60,0.95,11.9,7.4,12.1,False,Органическое,B
Цветная,2024-11-22,106,1.44,13.3,6.62,19.7,False,Комплексное,A
Пекинская,2026-01-23,69,1.74,15.7,6.78,14.9,False,Минеральное,B
Кольраби,2024-08-08,74,0.31,11.8,6.32,17.6,True,Комплексное,C
Краснокочанная,2026-02-17,153,1.16,16.2,5.68,10.7,True,Комплексное,C
Брокколи,2024-04-11,75,1.02,10.9,5.3,17.7,False,Органическое,B
Пекинская,2025-09-02,55,0.77,10.6,6.75,10.8,False,Биоудобрение,A
Цветная,2024-08-28,80,1.59,20.9,6.63,9.8,False,Органическое,A
Цветная,2025-05-21,74,1.03,18.7,5.68,14.8,False,Комплексное,A
Краснокочанная,2024-11-07,114,2.41,19.7,5.74,13.4,False,Органическое,B
Брюссельская,2026-03-25,119,0.73,6.4,6.43,14.6,False,Комплексное,A
Брокколи,2025-08-15,79,0.44,16.3,7.53,11.1,True,Комплексное,C
Цветная,2024-08-25,96,1.41,19.6,7.51,10.2,False,Органическое,B
Савойская,2026-04-06,101,1.01,13.0,5.81,16.0,False,Минеральное,A
Пекинская,2024-03-21,70,0.67,9.9,5.59,17.9,False,Органическое,C
Пекинская,2024-07-18,60,0.71,9.6,5.66,4.7,True,Биоудобрение,D
Савойская,2024-06-25,116,1.24,19.5,5.91,9.3,True,Комплексное,B
Кольраби,2025-07-19,77,0.95,7.8,6.52,15.5,False,Комплексное,A
Савойская,2024-09-17,122,2.02,13.9,7.38,11.9,False,Комплексное,B
Пекинская,2024-05-28,63,0.61,11.7,5.28,15.6,True,Минеральное,D
Савойская,2025-06-08,137,1.6,20.5,7.52,19.0,False,Комплексное,B
Брюссельская,2024-03-23,119,0.87,8.5,7.57,12.4,False,Комплексное,B
Кольраби,2026-02-11,68,0.91,14.0,6.55,7.8,False,Минеральное,A
Краснокочанная,2025-12-03,107,1.33,23.6,6.56,6.2,False,Органическое,B
Белокочанная,2024-04-06,125,3.47,26.0,5.54,16.0,False,Биоудобрение,B
Пекинская,2025-02-05,75,0.9,12.2,5.69,15.3,True,Комплексное,C
Цветная,2026-06-11,78,0.74,18.3,6.49,12.9,True,Органическое,B
Краснокочанная,2025-01-07,146,2.05,21.2,6.88,12.9,False,Биоудобрение,A
Цветная,2025-02-26,112,1.8,14.7,6.25,14.1,False,Без удобрений,A
Цветная,2025-09-13,83,1.1,13.5,6.12,10.5,False,Минеральное,A
Цветная,2024-08-19,72,1.48,18.9,6.98,16.1,False,Минеральное,A
Краснокочанная,2025-09-16,149,2.8,20.3,5.31,12.2,False,Комплексное,A
Брюссельская,2026-04-03,97,0.76,5.8,5.45,20.0,False,Без удобрений,C
Савойская,2025-11-06,105,2.14,16.2,6.85,18.9,False,Биоудобрение,B
Пекинская,2026-02-15,70,0.57,12.1,6.58,15.1,False,Биоудобрение,A
Краснокочанная,2025-06-08,144,2.74,21.2,5.88,11.5,False,Биоудобрение,B
Цветная,2026-04-09,81,0.76,11.7,6.7,6.0,False,Минеральное,A
Савойская,2025-01-09,129,0.94,20.1,7.08,13.5,False,Биоудобрение,B
Кольраби,2025-10-23,75,0.75,6.8,6.89,8.3,False,Биоудобрение,B
Краснокочанная,2025-05-25,133,1.04,17.4,5.33,11.2,False,Минеральное,B
Кольраби,2026-04-21,60,0.67,6.9,6.35,10.5,False,Органическое,A
Пекинская,2024-03-26,74,0.91,14.1,5.22,15.3,False,Минеральное,B
Пекинская,2024-05-11,81,1.43,14.6,7.42,9.7,False,Комплексное,A
Брокколи,2024-09-19,63,1.73,15.5,5.41,12.1,False,Комплексное,A
Краснокочанная,2024-11-08,127,1.96,14.1,5.38,15.5,False,Комплексное,B
Пекинская,2025-01-31,56,0.83,16.7,5.4,16.2,False,Комплексное,B
Цветная,2026-03-13,87,1.79,15.6,5.65,12.1,False,Органическое,B
Пекинская,2025-12-17,70,0.87,15.8,5.73,15.7,False,Биоудобрение,A
Краснокочанная,2025-01-26,128,2.96,13.0,5.87,14.7,False,Органическое,A
Белокочанная,2024-09-11,98,2.57,23.6,6.76,10.2,False,Комплексное,A
Брокколи,2024-12-30,78,1.15,18.0,5.6,18.9,False,Комплексное,B
Кольраби,2025-11-16,68,0.61,9.4,7.49,9.6,False,Комплексное,B
Краснокочанная,2026-02-06,147,2.25,15.2,5.76,13.9,False,Комплексное,A
Савойская,2025-12-17,115,2.28,16.0,7.48,10.7,False,Минеральное,B
Краснокочанная,2025-01-10,150,1.64,17.2,6.96,7.0,False,Комплексное,A
Савойская,2025-04-12,127,1.53,18.9,5.27,5.8,False,Биоудобрение,B
Белокочанная,2025-10-01,103,1.81,17.9,7.39,8.6,False,Органическое,B
Белокочанная,2025-09-12,135,4.31,18.9,6.41,13.3,False,Органическое,A
Краснокочанная,2024-05-20,115,3.26,20.6,5.64,14.8,False,Комплексное,A
Цветная,2026-02-18,73,1.26,12.1,7.29,18.0,False,Органическое,B
Цветная,2026-03-24,76,2.03,23.9,6.53,13.9,False,Органическое,A
Кольраби,2026-04-21,65,0.64,13.4,6.98,15.6,False,Минеральное,B
Савойская,2024-11-07,119,2.56,20.3,6.14,8.8,False,Минеральное,B
Брюссельская,2024-11-17,115,0.54,3.9,6.85,14.1,False,Органическое,A
Брюссельская,2026-06-07,101,1.09,6.0,6.56,9.3,False,Органическое,A
Белокочанная,2025-08-13,99,2.52,17.9,5.85,15.5,True,Органическое,C
Кольраби,2025-10-27,84,0.88,7.7,6.18,13.6,False,Без удобрений,B
Брюссельская,2024-12-15,127,0.81,7.1,5.77,16.0,False,Минеральное,B
Брюссельская,2025-12-26,127,0.53,6.7,5.83,19.4,False,Комплексное,B
Белокочанная,2025-08-15,135,2.15,14.0,6.98,14.2,True,Биоудобрение,D
Белокочанная,2026-03-24,104,1.57,22.4,5.97,12.2,True,Минеральное,C
Цветная,2024-07-10,97,0.88,15.8,6.06,16.5,False,Без удобрений,B
Брокколи,2024-12-15,90,0.62,11.7,7.09,12.3,False,Органическое,A
Краснокочанная,2026-05-04,156,2.38,19.8,5.34,15.4,True,Органическое,C
Краснокочанная,2025-09-16,124,1.11,14.0,6.08,14.8,False,Без удобрений,B
Цветная,2025-12-10,120,0.9,10.3,7.09,17.7,False,Без удобрений,B
Пекинская,2025-02-08,54,1.23,13.0,6.23,14.5,False,Минеральное,A
Брюссельская,2025-06-23,133,0.4,7.2,6.43,11.3,True,Без удобрений,C
Кольраби,2026-04-05,74,0.73,13.5,5.31,13.6,False,Комплексное,B
Савойская,2025-08-12,132,1.05,17.9,5.6,14.6,True,Органическое,C
Брюссельская,2026-03-26,131,0.92,4.6,5.76,12.5,False,Минеральное,A
Брюссельская,2025-10-15,118,0.83,7.2,7.44,13.0,False,Минеральное,B
Белокочанная,2024-05-02,107,1.33,21.0,5.82,11.7,True,Комплексное,C
Белокочанная,2025-04-01,116,2.35,22.1,6.89,17.8,False,Комплексное,A
Белокочанная,2025-11-04,94,3.13,22.5,6.45,15.4,False,Комплексное,A
Пекинская,2026-05-09,64,1.13,12.8,5.87,14.1,False,Органическое,A
Брокколи,2024-09-17,60,1.49,18.9,6.76,12.3,False,Без удобрений,A
Краснокочанная,2025-07-02,128,1.07,21.2,6.97,14.4,False,Без удобрений,B
Брокколи,2024-11-04,96,0.77,13.2,7.16,17.1,False,Комплексное,A
Белокочанная,2026-06-05,95,3.68,23.2,7.13,6.1,False,Комплексное,B
Цветная,2025-03-29,97,1.57,16.1,7.26,12.4,False,Минеральное,B
Краснокочанная,2024-06-30,146,1.91,19.9,5.54,13.7,False,Комплексное,A
Брокколи,2025-07-16,81,0.6,13.4,6.71,15.6,False,Органическое,B
Пекинская,2024-09-09,48,1.63,13.0,6.03,16.2,False,Органическое,B
Пекинская,2026-04-09,83,1.06,9.5,5.22,12.9,True,Минеральное,C
Белокочанная,2024-05-06,126,1.42,15.5,6.91,14.0,False,Органическое,A
Брокколи,2025-02-16,61,0.66,12.8,6.53,17.5,False,Комплексное,B
Белокочанная,2024-07-30,128,1.4,18.7,7.2,8.6,False,Комплексное,A
Кольраби,2026-03-24,62,0.75,8.6,6.64,17.0,False,Комплексное,A
Пекинская,2025-03-25,75,1.3,11.7,5.52,4.7,True,Комплексное,D
Кольраби,2025-01-20,67,0.72,9.8,5.64,5.3,False,Органическое,B
Кольраби,2025-09-04,79,0.83,10.8,6.51,17.8,True,Органическое,C
Цветная,2024-04-09,97,0.91,12.9,7.1,14.5,False,Без удобрений,B
Брокколи,2025-05-27,100,0.51,13.1,6.44,9.8,True,Органическое,C
Брюссельская,2026-03-03,127,1.28,5.0,5.39,13.6,False,Комплексное,B
Краснокочанная,2025-01-13,115,2.88,21.0,5.24,10.3,False,Комплексное,B
Брокколи,2026-01-09,77,0.79,17.1,5.59,15.5,False,Минеральное,B
Брюссельская,2026-06-01,97,0.94,6.1,7.37,15.4,True,Комплексное,C
Брокколи,2024-06-13,100,1.26,14.4,6.37,14.9,True,Биоудобрение,C
Брюссельская,2025-04-11,92,0.51,7.9,6.27,13.7,False,Без удобрений,A
Цветная,2025-07-08,72,1.05,13.0,6.86,13.9,False,Комплексное,A
Цветная,2025-03-18,100,1.63,17.4,5.26,15.3,False,Без удобрений,C
Цветная,2026-03-15,85,0.63,11.6,6.28,15.1,True,Биоудобрение,B
Пекинская,2025-09-29,79,1.14,14.3,6.88,11.1,True,Органическое,B
Кольраби,2024-09-06,70,0.95,7.8,5.21,14.2,False,Минеральное,B
Кольраби,2025-03-10,89,0.48,12.3,6.21,4.0,False,Минеральное,B
Брюссельская,2025-07-31,92,1.01,5.5,5.88,3.4,False,Биоудобрение,B
Брюссельская,2025-05-22,109,0.68,7.1,7.1,7.1,False,Минеральное,B
Кольраби,2025-10-03,91,1.03,7.0,5.78,8.4,False,Комплексное,A
Кольраби,2024-09-29,59,0.49,10.3,5.98,16.8,False,Органическое,A
Брюссельская,2025-05-30,93,0.46,6.0,7.46,13.9,False,Без удобрений,C
Савойская,2025-07-23,133,1.55,17.2,6.37,9.2,True,Минеральное,C
Брюссельская,2026-03-18,112,0.78,8.0,7.41,16.4,False,Комплексное,B
Краснокочанная,2025-04-19,121,2.63,16.4,5.7,13.5,False,Минеральное,B
Краснокочанная,2026-01-22,131,2.72,19.5,7.26,12.5,False,Комплексное,A
Брокколи,2025-01-17,66,1.14,17.7,7.09,15.7,False,Комплексное,A
Брокколи,2025-06-18,73,0.63,11.4,5.29,20.3,False,Комплексное,B
Брокколи,2025-03-19,95,1.11,18.3,6.0,9.5,False,Комплексное,B
Краснокочанная,2025-03-24,133,2.28,13.0,6.5,19.1,True,Комплексное,B
Белокочанная,2024-07-25,130,1.69,25.0,5.4,12.2,True,Комплексное,C
Цветная,2025-06-01,84,2.17,13.0,6.84,13.1,False,Минеральное,A
Краснокочанная,2025-09-14,116,2.55,16.6,7.1,10.2,False,Комплексное,B
Брюссельская,2025-04-04,123,1.06,5.7,6.64,14.8,True,Биоудобрение,C
Кольраби,2024-06-18,85,0.78,9.2,7.36,13.5,True,Биоудобрение,C
Белокочанная,2025-11-07,105,3.43,24.0,5.35,7.1,False,Минеральное,B
Брюссельская,2025-04-20,121,0.55,5.0,6.93,8.8,False,Минеральное,A
Пекинская,2024-05-24,62,0.9,12.6,5.54,9.8,True,Биоудобрение,D
Краснокочанная,2026-01-31,109,3.06,18.7,5.39,14.6,False,Органическое,B
Брокколи,2025-08-04,70,1.55,14.4,5.87,9.5,False,Комплексное,A
Кольраби,2025-07-24,86,0.27,7.7,6.34,14.2,True,Органическое,B
Брюссельская,2024-11-01,132,0.58,7.8,5.59,10.0,False,Минеральное,B
Савойская,2024-10-10,125,1.98,20.0,7.56,7.3,False,Органическое,C
Цветная,2025-09-13,91,1.7,17.2,6.02,15.6,False,Органическое,A
Пекинская,2024-06-04,73,1.36,11.9,7.39,9.5,True,Биоудобрение,D
Савойская,2026-02-04,121,1.41,16.5,5.69,11.0,True,Биоудобрение,C
Кольраби,2025-11-25,74,0.5,12.1,6.89,12.2,False,Органическое,B
Кольраби,2025-01-28,81,0.81,11.9,6.77,14.5,False,Без удобрений,B
Савойская,2024-12-31,111,1.96,15.7,5.58,14.2,False,Минеральное,B
Пекинская,2026-02-24,69,1.06,12.7,5.44,18.2,False,Органическое,B
Кольраби,2025-02-22,69,0.34,6.8,5.28,15.2,False,Минеральное,B
Савойская,2025-08-11,137,1.29,22.2,7.49,8.6,False,Минеральное,B
Цветная,2025-10-14,95,1.62,20.0,6.9,19.5,False,Минеральное,B
Пекинская,2025-02-17,53,1.33,13.8,6.19,14.3,True,Без удобрений,C
Белокочанная,2024-03-05,101,3.31,14.5,5.3,14.7,False,Органическое,B
Цветная,2025-03-28,80,1.64,11.3,7.57,18.0,True,Минеральное,D
Брюссельская,2025-06-25,130,1.05,7.0,7.27,16.0,False,Биоудобрение,A
Белокочанная,2026-05-19,122,2.65,23.1,6.14,10.1,False,Комплексное,A
Пекинская,2024-07-03,70,0.56,14.4,6.22,13.8,True,Комплексное,A
Кольраби,2026-05-13,72,1.02,10.8,7.2,18.7,False,Органическое,B
Брюссельская,2026-05-06,114,0.91,8.0,7.04,12.8,False,Минеральное,B
Брюссельская,2025-04-26,91,0.35,8.5,6.67,16.0,False,Органическое,A
Пекинская,2026-04-18,53,0.56,12.5,7.46,10.6,False,Минеральное,B
Савойская,2024-07-29,125,1.67,21.7,5.98,12.0,False,Органическое,B
Пекинская,2026-03-08,71,1.04,14.4,5.76,12.1,False,Минеральное,A
Краснокочанная,2024-04-13,107,2.07,16.0,6.88,13.7,False,Без удобрений,B
Пекинская,2025-11-29,64,0.55,11.8,5.72,22.6,False,Минеральное,C
Пекинская,2024-05-28,48,1.19,12.0,7.5,16.6,False,Минеральное,B
Краснокочанная,2026-02-05,113,1.97,18.9,5.71,6.2,False,Минеральное,B
Брокколи,2025-08-31,77,1.15,16.1,7.44,12.2,False,Минеральное,B
Краснокочанная,2025-09-14,122,2.24,15.1,7.46,14.3,False,Комплексное,A
Кольраби,2024-11-11,72,0.51,8.2,5.75,17.0,True,Минеральное,D
Кольраби,2024-05-24,84,0.33,9.7,5.64,11.6,True,Органическое,C
Белокочанная,2025-05-19,129,4.55,18.8,6.87,11.5,False,Минеральное,A
Савойская,2025-09-15,122,1.58,16.0,6.59,17.1,False,Органическое,B
Кольраби,2025-01-24,68,0.61,9.1,5.74,14.2,True,Органическое,C
Брокколи,2024-07-01,80,1.4,18.5,6.78,11.3,False,Органическое,A
Савойская,2024-08-24,107,1.52,15.3,5.27,15.5,False,Минеральное,C
Пекинская,2026-05-28,68,1.0,17.3,7.2,7.2,False,Комплексное,B
Краснокочанная,2026-03-07,136,2.66,15.5,7.26,17.7,False,Органическое,B
Савойская,2025-05-26,127,2.37,16.8,6.94,15.3,False,Биоудобрение,A
Пекинская,2024-07-19,56,1.25,10.6,7.46,3.5,True,Комплексное,D
Пекинская,2024-12-17,79,0.87,11.3,5.3,21.4,False,Минеральное,C
Краснокочанная,2025-07-28,109,1.47,13.3,5.85,12.3,True,Комплексное,C
Краснокочанная,2024-12-08,119,2.02,16.8,7.18,10.4,True,Без удобрений,D
Краснокочанная,2025-10-16,130,2.49,22.0,5.56,14.1,False,Органическое,C
Брюссельская,2025-05-11,102,0.58,6.1,6.55,16.0,False,Минеральное,A
Брюссельская,2025-07-13,120,0.99,7.0,7.32,18.1,False,Органическое,B
Белокочанная,2025-08-06,116,2.26,20.7,7.09,13.8,True,Комплексное,B
Брокколи,2025-09-08,85,1.33,14.3,7.33,15.7,False,Минеральное,B
Кольраби,2025-06-07,79,0.65,14.1,6.82,10.9,False,Комплексное,A
Брокколи,2025-03-16,90,0.99,14.0,7.22,7.4,False,Биоудобрение,B
Белокочанная,2024-04-10,132,3.13,24.7,7.37,10.3,False,Органическое,A
Пекинская,2024-12-11,76,1.34,12.5,6.32,12.6,False,Органическое,A
Пекинская,2025-12-21,68,0.68,16.3,7.17,16.2,False,Без удобрений,B
Савойская,2024-05-08,132,1.25,18.4,5.8,16.6,False,Комплексное,A
Савойская,2026-03-02,126,1.46,20.1,7.06,18.0,False,Органическое,B
Пекинская,2025-07-24,45,0.9,9.3,7.15,18.3,False,Без удобрений,B
Брюссельская,2024-10-17,119,0.41,6.6,7.06,12.6,False,Органическое,A
Брокколи,2025-07-13,106,0.67,13.2,5.5,11.1,True,Комплексное,D
Цветная,2026-05-16,81,1.6,19.5,7.54,19.7,False,Минеральное,C
Савойская,2024-11-28,113,1.01,12.6,5.23,11.1,False,Без удобрений,C
Кольраби,2024-05-03,58,0.5,9.1,5.35,14.1,False,Минеральное,B
Савойская,2026-03-04,97,1.16,14.5,7.34,11.4,False,Комплексное,A
Брокколи,2024-04-03,69,0.91,11.2,5.95,14.3,True,Биоудобрение,C
Брюссельская,2024-05-30,101,1.16,7.2,5.87,14.9,False,Без удобрений,B
Краснокочанная,2025-04-29,129,1.32,18.8,7.11,13.2,True,Комплексное,C
Брокколи,2026-03-03,73,0.85,18.8,5.94,12.4,False,Органическое,A
Краснокочанная,2025-10-02,143,2.09,18.3,5.41,10.3,False,Комплексное,B
Кольраби,2025-07-11,76,0.38,13.5,6.42,19.3,False,Органическое,A
Брюссельская,2026-04-29,91,0.89,4.7,6.6,11.6,False,Без удобрений,B
Брюссельская,2024-04-10,136,0.9,4.8,7.47,11.0,True,Комплексное,C
Кольраби,2024-05-27,79,0.85,7.4,5.32,11.2,True,Органическое,C
Белокочанная,2026-03-21,128,1.56,19.2,6.66,18.9,False,Минеральное,A
Савойская,2026-01-04,104,2.39,17.6,5.79,16.8,False,Биоудобрение,B
Краснокочанная,2026-02-10,109,2.23,19.7,7.27,8.1,False,Комплексное,B
Белокочанная,2025-05-12,132,2.9,17.6,5.62,13.3,False,Биоудобрение,A
Краснокочанная,2025-07-19,105,1.42,15.6,6.28,17.6,False,Минеральное,A
Пекинская,2024-10-20,60,0.63,11.7,7.47,11.5,False,Органическое,B
Кольраби,2026-03-07,74,0.76,12.3,5.53,11.6,False,Без удобрений,B
Краснокочанная,2024-11-28,134,2.45,19.9,7.1,12.1,False,Минеральное,A
Брюссельская,2024-12-18,128,0.81,4.9,6.13,17.7,False,Минеральное,A
Кольраби,2024-10-23,71,0.86,7.2,5.54,12.4,True,Органическое,C
Пекинская,2025-04-07,57,1.6,14.2,6.43,16.2,True,Органическое,C
Кольраби,2025-02-19,74,0.46,8.9,6.67,12.2,False,Минеральное,A
Брюссельская,2026-01-13,127,0.58,4.3,6.96,10.3,False,Органическое,A
Пекинская,2024-12-10,80,1.27,14.2,6.94,20.2,False,Биоудобрение,A
Брюссельская,2025-07-19,119,0.77,5.2,5.53,11.0,False,Минеральное,B
Брокколи,2024-08-25,77,1.24,11.6,5.65,11.2,False,Биоудобрение,A
Брюссельская,2025-10-20,107,0.37,7.5,7.52,9.7,False,Комплексное,B
Белокочанная,2025-08-03,123,3.62,17.2,5.62,12.1,False,Минеральное,B
Цветная,2024-08-29,82,1.75,17.8,6.7,19.2,False,Комплексное,A
Белокочанная,2026-03-18,92,1.59,15.1,5.58,16.5,False,Биоудобрение,B
Савойская,2024-08-21,131,2.75,19.0,6.35,6.4,False,Комплексное,B
Цветная,2026-05-17,120,0.78,12.9,6.67,15.2,False,Органическое,B
Белокочанная,2025-12-25,121,1.96,19.8,6.32,12.6,False,Минеральное,A
Савойская,2024-12-26,131,1.13,18.1,6.11,4.6,False,Минеральное,B
Цветная,2024-05-26,72,0.76,17.1,7.07,18.0,False,Минеральное,A
Брюссельская,2025-10-13,97,0.47,4.6,5.87,18.4,True,Биоудобрение,C
Пекинская,2025-06-26,53,0.59,12.3,5.5,9.7,False,Без удобрений,B
Пекинская,2024-12-01,79,1.79,12.8,7.02,9.3,False,Комплексное,B
Савойская,2026-06-07,133,2.39,17.3,7.17,15.7,False,Комплексное,B
Брюссельская,2025-05-24,95,1.03,6.6,6.81,12.3,False,Без удобрений,B
Пекинская,2024-10-11,79,0.77,11.3,6.16,13.6,True,Комплексное,B
Краснокочанная,2025-03-17,115,2.61,13.3,5.97,22.0,False,Минеральное,B
Пекинская,2025-09-06,52,0.78,17.5,6.32,12.0,False,Комплексное,A
Цветная,2025-11-17,94,1.57,13.5,5.82,12.5,True,Комплексное,C
Брокколи,2025-05-08,76,0.46,16.3,5.93,15.1,False,Минеральное,A
Белокочанная,2024-06-28,107,2.03,19.7,7.18,17.1,False,Органическое,B
Цветная,2024-05-22,106,1.41,14.2,6.8,8.4,True,Минеральное,C
Краснокочанная,2025-02-18,141,2.72,14.8,5.88,13.4,False,Без удобрений,A
Пекинская,2024-03-30,51,0.62,9.6,7.54,12.3,False,Комплексное,A
Краснокочанная,2025-11-08,125,2.12,25.2,6.49,15.0,False,Органическое,A
Брюссельская,2024-03-18,115,0.69,6.3,7.03,14.5,True,Органическое,C
Брюссельская,2024-03-22,133,0.54,3.8,6.44,17.0,True,Без удобрений,C
Савойская,2024-03-27,117,2.22,15.7,6.5,10.0,False,Органическое,A
Брокколи,2025-03-30,89,1.48,11.1,6.96,8.9,False,Органическое,A
Краснокочанная,2024-03-08,145,2.28,16.2,6.33,18.0,False,Минеральное,B
Белокочанная,2025-12-04,117,1.56,25.1,7.16,18.6,False,Минеральное,B
Краснокочанная,2024-05-26,133,1.91,21.6,6.75,11.8,True,Комплексное,C
Кольраби,2025-07-28,57,0.37,13.3,7.26,11.8,False,Комплексное,A
Цветная,2025-11-13,92,1.58,20.3,6.27,9.0,False,Органическое,A
Цветная,2024-05-29,74,1.89,17.3,6.63,17.8,False,Без удобрений,B
Белокочанная,2025-02-06,137,3.71,15.9,5.93,10.9,False,Органическое,B
Кольраби,2026-06-15,58,0.69,9.5,7.06,14.1,False,Биоудобрение,B
Савойская,2024-11-18,115,1.74,20.5,6.75,17.4,False,Комплексное,A
Цветная,2026-05-12,100,1.25,12.6,6.54,14.7,False,Без удобрений,A
Брокколи,2026-03-23,86,1.07,12.0,6.43,16.7,False,Минеральное,A
Цветная,2024-09-01,97,1.28,15.7,7.37,17.4,False,Минеральное,B
Брокколи,2024-06-09,65,0.49,17.2,5.66,11.3,True,Минеральное,C
Пекинская,2024-09-24,65,1.35,14.3,6.75,16.3,False,Без удобрений,B
Брокколи,2025-06-26,83,0.69,10.6,6.96,17.4,False,Комплексное,A
Пекинская,2025-01-26,67,0.77,10.2,7.24,16.4,False,Биоудобрение,A
Пекинская,2024-10-30,75,0.77,14.9,6.11,11.2,True,Комплексное,C
Брокколи,2024-09-15,87,1.53,14.6,6.76,13.3,False,Органическое,A
Белокочанная,2024-06-06,111,2.59,18.6,6.43,14.1,False,Биоудобрение,A
Савойская,2026-06-03,107,1.37,21.9,7.01,14.5,False,Биоудобрение,A
Краснокочанная,2025-10-29,131,3.27,22.0,7.36,12.4,False,Минеральное,A
Брокколи,2024-08-02,72,0.38,11.4,6.03,6.6,True,Органическое,C
Брюссельская,2024-07-04,129,1.18,4.5,6.72,16.6,False,Комплексное,A
Савойская,2024-09-06,119,1.34,20.5,5.9,14.3,False,Без удобрений,B
Цветная,2024-05-26,74,0.88,12.1,7.15,9.9,False,Биоудобрение,B
Белокочанная,2026-05-22,122,2.2,17.7,7.54,17.8,False,Минеральное,B
Краснокочанная,2026-03-16,104,1.15,12.4,7.06,6.2,False,Биоудобрение,B
Брюссельская,2025-04-06,114,1.09,7.8,5.29,14.1,False,Органическое,B
Цветная,2024-05-31,84,0.92,18.1,5.25,7.9,False,Комплексное,B
Савойская,2026-03-26,129,1.97,23.9,6.64,16.5,False,Органическое,A
Брокколи,2025-03-01,98,1.6,15.3,6.31,14.0,False,Органическое,A
Краснокочанная,2024-08-18,138,2.83,25.3,7.3,13.5,False,Минеральное,B
Брокколи,2024-04-04,95,0.69,11.0,6.94,12.3,False,Биоудобрение,A
Брюссельская,2025-12-10,124,0.75,6.1,6.58,11.9,False,Комплексное,A
Брюссельская,2025-01-03,104,0.71,5.7,7.53,15.7,True,Минеральное,C
Белокочанная,2025-07-05,101,2.52,22.3,5.35,14.5,False,Биоудобрение,B
Савойская,2024-10-03,104,2.71,21.2,6.96,11.1,False,Биоудобрение,A
Кольраби,2024-08-24,69,0.34,10.9,7.21,17.1,False,Комплексное,B
Пекинская,2025-11-17,75,0.88,15.3,6.67,13.9,False,Без удобрений,A
Краснокочанная,2026-04-19,143,2.32,13.4,6.78,6.7,False,Органическое,B
Цветная,2024-03-14,70,1.27,15.1,6.26,10.6,False,Органическое,A
Краснокочанная,2024-11-27,126,1.51,18.6,6.19,8.4,False,Биоудобрение,A
Савойская,2026-01-21,114,1.69,19.0,6.31,12.3,False,Комплексное,A
Краснокочанная,2026-02-25,105,1.76,18.1,7.23,12.4,False,Комплексное,A
Цветная,2025-01-27,109,2.38,20.2,5.88,13.5,False,Органическое,A
Краснокочанная,2024-09-26,138,1.79,18.7,5.39,23.0,False,Органическое,C
Савойская,2025-12-30,101,2.53,17.5,7.41,13.7,False,Биоудобрение,B
Белокочанная,2026-05-27,126,1.75,21.5,7.4,9.5,False,Минеральное,C
Белокочанная,2026-01-12,111,2.54,18.7,5.22,18.6,False,Органическое,C
Цветная,2025-10-27,76,0.83,15.3,5.24,14.3,False,Биоудобрение,B
Брокколи,2026-03-17,85,1.18,11.3,5.82,10.4,True,Минеральное,C
Брюссельская,2025-08-10,122,0.51,7.8,5.62,17.1,False,Комплексное,A
Пекинская,2024-08-14,82,1.47,14.6,5.44,16.5,False,Биоудобрение,C
Брокколи,2025-11-01,85,0.56,11.0,5.88,10.5,False,Органическое,A
Пекинская,2025-10-15,73,1.76,13.0,5.56,12.3,False,Комплексное,B
Брокколи,2025-12-08,78,1.39,15.4,6.83,20.8,False,Минеральное,B
Пекинская,2026-04-04,61,1.16,8.7,7.59,15.4,False,Без удобрений,B
Брюссельская,2026-02-21,114,0.36,6.8,5.53,21.0,False,Комплексное,B
Кольраби,2025-10-05,60,0.33,8.4,6.67,14.3,False,Минеральное,A
Цветная,2026-04-30,109,1.83,16.0,6.63,12.6,True,Комплексное,C
Брюссельская,2025-07-25,125,0.81,7.9,7.52,12.6,False,Биоудобрение,A
Краснокочанная,2025-01-26,145,1.27,18.3,6.88,8.7,True,Минеральное,C
Брокколи,2025-09-19,75,0.83,18.8,6.46,11.4,False,Минеральное,A
Брюссельская,2025-06-26,126,0.56,8.2,7.06,10.2,False,Комплексное,A
Брокколи,2025-07-16,77,1.7,16.9,7.17,11.2,False,Комплексное,A
Цветная,2025-05-04,116,0.79,19.0,5.69,9.3,False,Без удобрений,B
Цветная,2024-07-20,105,0.97,16.3,5.95,14.7,False,Органическое,A
Пекинская,2024-08-25,84,1.0,13.0,5.98,20.8,True,Комплексное,C
Краснокочанная,2024-12-02,136,1.82,13.4,5.38,18.7,True,Без удобрений,D
Цветная,2026-02-02,78,0.86,14.7,6.34,2.0,False,Органическое,B
Брюссельская,2025-01-24,122,1.2,7.2,7.13,10.0,False,Комплексное,A
Цветная,2025-06-03,117,1.07,14.4,5.85,15.2,True,Органическое,C
Краснокочанная,2025-12-05,108,3.45,13.4,5.96,13.9,False,Комплексное,A
Кольраби,2024-07-31,89,0.87,9.2,5.52,13.1,True,Биоудобрение,C
Пекинская,2025-01-04,47,1.35,14.5,7.01,12.5,False,Органическое,A
Цветная,2025-04-03,74,1.89,11.9,6.88,12.0,True,Органическое,C
Савойская,2026-01-04,101,1.98,20.3,6.11,19.2,False,Биоудобрение,B
Белокочанная,2024-11-26,100,2.77,22.8,5.89,11.3,False,Комплексное,A
Савойская,2024-11-11,110,1.63,16.5,6.84,19.1,True,Комплексное,B
Савойская,2025-12-01,110,2.22,12.5,5.84,11.6,True,Органическое,C
Белокочанная,2024-09-26,101,3.15,15.4,7.11,10.9,False,Биоудобрение,A
Брюссельская,2024-11-21,105,0.69,6.9,5.53,19.2,False,Без удобрений,C
Брюссельская,2025-09-06,100,0.48,8.3,7.45,16.0,False,Биоудобрение,A
Брокколи,2024-07-01,92,0.92,10.0,6.64,11.5,False,Без удобрений,B
Пекинская,2025-05-31,63,0.93,12.0,7.45,10.8,False,Органическое,B
Савойская,2025-07-03,138,1.91,17.2,5.27,16.0,False,Комплексное,B
Савойская,2026-01-03,131,1.98,14.9,6.02,11.2,True,Минеральное,C
Кольраби,2024-12-01,59,0.62,6.8,7.23,13.8,False,Биоудобрение,A
Белокочанная,2025-12-15,140,2.02,18.6,7.48,3.1,False,Минеральное,C
Кольраби,2024-06-04,76,1.1,10.6,6.95,16.0,False,Органическое,B
Белокочанная,2024-09-05,141,3.23,17.7,5.79,10.9,False,Биоудобрение,C
Кольраби,2025-03-24,62,0.37,11.3,7.03,15.3,False,Биоудобрение,B
Брокколи,2024-08-06,76,1.14,15.5,5.87,18.1,False,Органическое,B
Кольраби,2026-03-04,61,0.29,8.7,5.79,15.3,True,Комплексное,C
Брокколи,2025-06-09,93,1.1,16.7,6.3,12.2,True,Биоудобрение,B
Белокочанная,2026-05-14,137,2.99,14.1,6.9,18.9,False,Минеральное,B
Брюссельская,2026-04-09,90,0.84,4.9,6.58,16.9,False,Биоудобрение,A
Краснокочанная,2026-05-08,140,1.46,22.8,5.97,10.7,False,Органическое,A
Белокочанная,2024-09-11,104,1.82,27.8,7.0,12.8,False,Минеральное,A
Белокочанная,2026-05-23,124,1.6,21.0,7.06,8.4,False,Биоудобрение,B
Кольраби,2024-10-20,59,0.78,7.9,5.53,15.3,False,Минеральное,A
Брокколи,2024-10-02,92,1.27,14.1,7.3,13.9,True,Органическое,C
Пекинская,2025-09-07,73,1.1,13.0,5.35,11.9,False,Органическое,B
Брокколи,2024-11-18,66,0.77,15.8,5.85,12.8,False,Без удобрений,B
Цветная,2025-02-06,104,1.53,16.1,7.33,13.9,False,Комплексное,A
Белокочанная,2024-07-13,136,3.6,18.5,5.59,12.0,False,Органическое,B
Савойская,2025-07-12,102,2.1,15.5,7.07,11.8,False,Органическое,B
Пекинская,2025-09-07,76,1.03,10.1,5.58,6.5,False,Минеральное,B
Брокколи,2024-03-28,100,1.75,12.2,6.05,12.0,False,Комплексное,A
Брокколи,2026-05-21,98,1.27,11.7,6.49,12.7,False,Комплексное,A
Брокколи,2026-05-17,86,1.48,13.0,5.58,14.2,False,Комплексное,A
Краснокочанная,2024-05-27,107,3.38,19.1,7.08,17.5,False,Минеральное,B
Пекинская,2025-07-02,56,0.68,9.3,6.73,17.5,False,Без удобрений,B
Пекинская,2025-11-30,68,0.89,14.2,6.82,18.7,False,Органическое,A
Брюссельская,2025-07-07,110,0.58,5.7,7.47,4.7,False,Комплексное,B
Краснокочанная,2025-06-10,136,2.48,15.2,5.95,9.7,False,Минеральное,A
Краснокочанная,2024-10-10,109,2.6,13.6,6.33,9.2,True,Минеральное,C
Пекинская,2024-03-31,56,1.31,10.8,6.51,6.2,False,Комплексное,A
Брокколи,2024-10-09,90,0.56,10.6,5.96,18.4,False,Минеральное,B
Цветная,2026-04-14,120,1.45,14.7,7.21,15.1,False,Органическое,A
Савойская,2025-07-26,107,0.81,14.5,5.81,12.7,True,Биоудобрение,C
Краснокочанная,2025-09-05,127,2.6,17.8,5.58,13.1,False,Биоудобрение,B
Пекинская,2024-03-27,59,1.32,12.0,5.66,15.0,False,Без удобрений,B
Брюссельская,2025-08-26,128,0.88,8.4,5.47,12.8,False,Минеральное,B
Цветная,2024-05-09,97,1.26,20.8,6.7,19.4,False,Комплексное,A
Брюссельская,2024-04-10,127,1.13,7.7,6.1,10.3,False,Комплексное,A
Белокочанная,2025-06-16,120,2.09,26.0,6.07,15.0,False,Комплексное,A
Цветная,2024-04-18,114,1.05,18.7,5.51,15.5,False,Комплексное,A
Брюссельская,2024-12-18,90,0.64,4.8,6.83,9.5,False,Без удобрений,B
Брокколи,2025-06-24,74,1.05,17.3,7.52,16.3,False,Минеральное,B
Пекинская,2025-09-08,48,1.26,12.4,5.21,9.4,False,Биоудобрение,B
Пекинская,2025-06-21,83,0.45,11.4,6.93,18.0,True,Минеральное,B
Цветная,2025-01-05,98,1.15,10.8,5.8,11.9,True,Биоудобрение,C
Брюссельская,2025-09-25,108,0.85,6.1,5.92,16.2,True,Органическое,C
Пекинская,2025-03-01,78,1.3,11.1,7.37,17.0,False,Биоудобрение,B
Белокочанная,2025-02-22,110,1.67,20.9,6.49,12.2,True,Биоудобрение,B
Пекинская,2024-05-22,61,0.81,10.2,6.25,5.9,False,Без удобрений,B
Брюссельская,2025-06-01,127,0.73,6.5,6.84,14.8,True,Органическое,C
Цветная,2024-09-16,76,1.31,15.3,7.33,8.0,False,Биоудобрение,B
Цветная,2024-05-19,113,1.13,14.7,5.45,6.6,False,Минеральное,C
Кольраби,2025-08-04,84,0.31,7.3,7.04,11.8,False,Биоудобрение,A
Цветная,2025-09-17,88,2.21,20.7,6.93,11.3,False,Комплексное,A
Цветная,2025-01-10,102,1.38,19.4,5.4,19.2,False,Минеральное,C
Брокколи,2024-08-13,83,0.62,18.0,6.14,17.3,False,Минеральное,B
Цветная,2024-11-16,115,2.44,12.0,6.16,14.7,False,Органическое,B
Брюссельская,2025-09-29,124,0.62,6.3,7.07,14.9,False,Комплексное,A
Краснокочанная,2024-11-25,136,2.88,19.5,6.6,10.8,False,Органическое,A
Белокочанная,2026-06-05,134,3.37,14.5,6.15,10.5,False,Минеральное,A
Краснокочанная,2024-03-01,108,2.12,13.9,5.29,13.7,False,Минеральное,B
Брюссельская,2025-01-10,103,1.03,6.2,6.87,17.6,True,Биоудобрение,C
Савойская,2026-03-20,104,1.21,24.2,6.66,11.1,False,Комплексное,A
Цветная,2024-09-24,111,1.04,12.5,6.3,24.2,True,Минеральное,D
Савойская,2024-12-21,100,2.07,15.8,5.53,13.0,False,Без удобрений,B
Кольраби,2026-04-12,92,0.96,8.7,7.4,11.9,False,Органическое,A
Белокочанная,2025-06-10,104,1.86,18.4,6.51,14.7,False,Биоудобрение,A
Кольраби,2025-03-22,70,0.63,7.3,5.62,14.7,False,Комплексное,B
Брокколи,2026-02-10,89,1.4,17.4,6.12,11.0,False,Органическое,B
Брокколи,2024-04-02,88,0.72,12.8,5.58,6.9,False,Комплексное,B
Белокочанная,2024-05-09,135,2.31,18.6,5.54,9.7,False,Без удобрений,C
Цветная,2025-10-12,106,2.07,12.6,6.08,14.6,False,Минеральное,A
Брюссельская,2024-11-18,94,0.39,4.0,6.07,10.3,False,Органическое,B
Кольраби,2024-03-02,73,0.93,6.1,6.72,19.8,False,Без удобрений,B
Белокочанная,2024-04-04,93,2.23,18.2,5.89,7.7,False,Без удобрений,C
Цветная,2026-02-23,77,2.03,16.4,6.24,11.9,True,Органическое,C
Краснокочанная,2025-06-15,111,2.41,19.9,5.41,8.4,False,Комплексное,A
Белокочанная,2025-06-20,137,2.16,24.9,7.57,14.5,False,Минеральное,B
Пекинская,2025-09-27,68,1.11,8.4,6.72,5.6,False,Без удобрений,C
Брюссельская,2025-08-16,106,0.96,4.9,5.67,22.8,False,Минеральное,C
Брюссельская,2024-10-08,98,0.73,5.8,6.54,17.1,False,Органическое,A
Пекинская,2025-06-10,46,0.65,16.5,5.77,12.9,False,Органическое,B
Цветная,2026-05-07,90,2.08,11.9,7.48,13.0,False,Органическое,B
Пекинская,2025-10-20,66,1.16,10.4,6.39,17.1,True,Биоудобрение,C
Белокочанная,2025-10-16,120,2.91,13.9,6.61,15.4,True,Минеральное,C
Брокколи,2025-07-29,70,0.85,17.4,5.9,9.2,False,Органическое,B
Кольраби,2025-02-07,66,0.6,8.3,6.08,6.7,False,Биоудобрение,B
Цветная,2024-07-12,118,2.19,13.2,6.9,14.6,False,Комплексное,A
Цветная,2024-08-26,115,1.21,19.6,5.66,15.8,False,Минеральное,C
Цветная,2025-06-11,112,0.83,12.4,7.31,10.3,True,Без удобрений,D
Пекинская,2024-05-09,66,1.75,16.4,7.41,11.0,False,Минеральное,B
Брокколи,2025-01-22,84,0.85,17.9,7.54,11.6,False,Минеральное,B
Краснокочанная,2025-02-17,115,2.41,20.8,6.82,16.8,False,Без удобрений,B
Краснокочанная,2024-11-30,136,2.3,21.4,6.81,9.4,False,Комплексное,B
Краснокочанная,2025-11-30,129,2.5,14.0,5.25,11.6,True,Биоудобрение,C
Брюссельская,2026-06-04,114,1.25,4.4,6.63,8.1,False,Комплексное,A
Краснокочанная,2025-07-13,108,2.23,20.9,5.37,5.4,False,Биоудобрение,C
Цветная,2026-04-16,114,1.44,10.4,6.17,11.1,True,Без удобрений,C
Кольраби,2025-05-02,90,1.07,12.4,6.66,11.3,False,Комплексное,A
Брюссельская,2026-02-26,125,0.95,3.7,6.27,12.8,True,Органическое,B
Пекинская,2024-07-08,64,1.18,13.3,6.02,7.7,True,Биоудобрение,C
Белокочанная,2025-01-27,118,2.05,28.3,6.18,12.9,False,Комплексное,A
Брюссельская,2025-04-09,120,1.17,6.9,5.7,15.7,False,Минеральное,B
Пекинская,2025-02-22,83,0.59,15.7,5.25,9.2,False,Органическое,B
Кольраби,2024-03-04,79,0.69,10.3,7.5,8.8,False,Без удобрений,C
Белокочанная,2025-06-04,134,2.36,15.0,7.36,7.3,False,Комплексное,B
Краснокочанная,2024-09-11,120,2.08,12.3,5.41,19.2,False,Комплексное,C
Белокочанная,2025-05-26,107,2.1,17.0,7.03,16.8,False,Биоудобрение,B
Кольраби,2025-03-23,90,0.33,7.5,6.85,16.5,True,Комплексное,B
Брюссельская,2024-11-16,116,0.68,5.2,7.37,7.4,False,Минеральное,B
Белокочанная,2026-04-16,138,2.72,13.9,7.52,14.5,False,Органическое,A
Цветная,2025-05-30,86,0.98,16.0,7.3,26.9,False,Органическое,C
Брюссельская,2025-08-17,102,0.58,8.7,6.21,9.5,False,Комплексное,A
Пекинская,2025-02-08,73,1.22,9.0,5.26,15.4,False,Органическое,B
Краснокочанная,2024-10-11,147,2.03,17.5,7.43,15.8,False,Комплексное,B
Савойская,2026-03-11,113,1.03,20.9,7.38,16.3,False,Органическое,B
Кольраби,2025-12-16,58,0.88,7.6,5.71,10.1,False,Органическое,A
Пекинская,2025-09-08,67,1.22,14.9,5.68,9.3,False,Органическое,B
Кольраби,2025-09-07,74,0.54,9.3,6.87,10.3,False,Комплексное,A
Брокколи,2025-07-23,94,0.73,14.8,6.39,9.5,False,Биоудобрение,A
Краснокочанная,2025-04-12,104,2.3,13.8,7.48,10.6,False,Комплексное,A
Савойская,2024-12-28,131,1.3,22.4,6.65,12.6,False,Биоудобрение,A
Белокочанная,2025-05-13,117,2.89,22.2,6.09,12.4,False,Биоудобрение,A
Белокочанная,2025-06-13,113,2.54,24.7,6.06,13.3,False,Органическое,A
Цветная,2025-05-07,88,1.79,15.7,7.23,17.8,True,Комплексное,C
Белокочанная,2025-02-14,117,1.61,17.5,6.56,2.4,False,Комплексное,A
Пекинская,2026-05-02,71,1.27,15.6,7.41,12.8,False,Минеральное,A
Цветная,2026-01-18,102,2.08,18.8,5.6,7.6,False,Органическое,C
Белокочанная,2025-08-14,124,2.56,21.6,7.44,18.6,False,Комплексное,B
Кольраби,2025-08-19,61,0.55,11.2,7.57,17.5,False,Без удобрений,C
Краснокочанная,2026-01-09,105,2.26,22.1,6.52,17.2,False,Биоудобрение,A
Цветная,2024-10-20,118,1.0,16.7,6.93,8.8,False,Без удобрений,B
Брюссельская,2026-03-06,98,1.11,4.9,7.33,8.5,False,Органическое,B
Савойская,2025-05-29,120,2.12,20.0,5.94,12.5,True,Органическое,C
Пекинская,2025-12-26,62,0.92,10.2,6.3,11.8,False,Минеральное,A
Белокочанная,2025-01-13,97,4.2,27.1,6.75,10.8,False,Комплексное,A
Кольраби,2024-08-30,55,0.83,9.7,6.16,14.3,False,Минеральное,A
Савойская,2026-03-26,116,1.84,18.9,6.59,15.0,True,Органическое,C
Савойская,2024-10-14,127,1.49,19.4,7.25,8.7,False,Минеральное,B
Брокколи,2024-12-15,67,0.55,11.2,7.52,18.9,False,Биоудобрение,C
Пекинская,2026-04-15,74,0.76,15.1,6.4,12.4,True,Органическое,C
Пекинская,2025-08-13,72,0.64,13.7,7.11,11.7,False,Без удобрений,B
Брюссельская,2025-07-29,97,0.57,6.2,6.38,19.9,False,Органическое,A
Цветная,2025-04-19,118,1.34,21.8,6.93,18.2,False,Минеральное,A
Пекинская,2026-03-21,49,0.75,12.4,5.53,8.0,False,Комплексное,B
Пекинская,2024-07-07,70,1.84,14.9,6.11,19.9,False,Комплексное,B
Брюссельская,2024-07-14,119,0.98,3.6,7.28,16.5,False,Минеральное,B
Краснокочанная,2025-09-15,150,1.26,14.6,6.24,8.1,False,Биоудобрение,B
Брюссельская,2025-01-29,115,0.6,7.1,6.11,10.4,False,Комплексное,A
Савойская,2026-05-25,106,1.16,16.8,6.78,14.6,False,Биоудобрение,A
Савойская,2024-04-01,97,2.37,13.6,5.93,8.0,False,Органическое,B
Кольраби,2026-02-17,77,0.84,7.6,6.57,15.5,False,Минеральное,A
Савойская,2025-11-24,117,2.63,22.2,5.57,15.9,False,Комплексное,B
Цветная,2024-04-20,77,1.78,14.9,7.42,18.8,False,Без удобрений,C
Брокколи,2025-10-15,95,0.74,11.8,6.21,11.9,False,Комплексное,A
Пекинская,2024-11-11,57,1.83,13.8,6.55,17.3,False,Комплексное,B
Брюссельская,2025-07-24,95,1.22,7.3,6.82,15.9,False,Биоудобрение,A
Краснокочанная,2024-03-12,150,2.16,15.3,6.16,18.2,False,Органическое,B
Кольраби,2026-04-01,68,0.81,8.3,6.41,11.1,False,Минеральное,B
Краснокочанная,2024-03-08,147,2.87,17.1,6.35,13.8,True,Биоудобрение,B
Пекинская,2026-05-30,82,0.6,12.7,5.28,8.2,False,Без удобрений,C
Пекинская,2025-07-11,70,1.08,11.6,5.9,12.3,True,Минеральное,B
Савойская,2025-08-02,103,1.74,13.0,6.81,13.5,True,Минеральное,B
Кольраби,2026-04-27,60,0.29,12.4,6.59,16.4,False,Органическое,B
Савойская,2025-02-20,112,1.23,15.1,5.31,9.9,True,Биоудобрение,D
Кольраби,2026-05-22,60,0.92,13.2,7.08,14.8,False,Комплексное,B
Савойская,2025-09-28,128,1.53,18.4,7.5,18.7,False,Комплексное,B
Краснокочанная,2026-02-04,115,1.48,16.9,7.52,12.6,True,Комплексное,C
Цветная,2024-06-08,92,2.13,20.3,5.48,11.0,False,Биоудобрение,B
Белокочанная,2025-01-12,91,2.56,15.9,6.66,12.2,False,Минеральное,A
Цветная,2026-01-03,76,1.68,15.6,7.6,4.2,False,Органическое,C
Кольраби,2025-09-24,88,0.9,8.5,6.5,4.4,False,Органическое,A
Цветная,2025-09-17,121,1.17,10.2,6.77,16.9,True,Органическое,C
Савойская,2024-09-20,104,1.91,20.5,5.99,13.6,True,Органическое,C
Пекинская,2024-08-19,63,0.8,9.9,6.42,12.2,True,Без удобрений,C
Краснокочанная,2026-03-03,142,1.95,22.2,7.01,11.6,False,Комплексное,A
Пекинская,2024-09-17,68,1.07,9.8,7.57,19.9,False,Комплексное,B
Цветная,2024-10-28,104,1.85,19.7,6.02,15.6,False,Минеральное,B
Краснокочанная,2025-10-05,113,1.4,23.7,6.77,13.7,False,Органическое,B
Брокколи,2026-03-29,64,1.41,18.4,7.26,10.6,False,Комплексное,A
Цветная,2024-09-11,114,1.03,19.8,6.51,11.6,False,Комплексное,A
Брюссельская,2025-04-10,106,0.68,6.9,5.98,7.2,False,Минеральное,B
Белокочанная,2026-03-17,118,2.94,21.9,6.29,20.6,False,Без удобрений,C
Краснокочанная,2026-03-24,131,2.86,16.8,5.27,12.0,False,Комплексное,B
Пекинская,2024-08-27,76,1.51,12.5,5.43,9.3,False,Комплексное,A
Савойская,2026-06-15,107,1.4,13.5,7.56,14.8,False,Биоудобрение,B
Белокочанная,2024-07-16,124,1.9,14.3,5.95,15.5,False,Минеральное,A
Кольраби,2026-04-04,86,0.98,9.3,5.84,17.9,False,Биоудобрение,B
Пекинская,2025-02-18,75,0.82,9.3,5.39,7.5,False,Органическое,C
Брюссельская,2024-05-14,119,1.01,8.6,6.13,13.9,False,Органическое,A
Пекинская,2025-11-23,68,1.46,13.0,6.81,13.2,False,Без удобрений,B
Пекинская,2026-03-25,68,1.76,13.4,6.98,15.8,False,Минеральное,A
Брокколи,2025-08-11,67,1.59,16.3,6.33,12.2,False,Биоудобрение,A
Пекинская,2024-03-21,56,0.54,10.1,5.32,17.8,True,Комплексное,C
Кольраби,2025-09-02,74,0.83,12.1,7.1,16.8,False,Органическое,A
Пекинская,2025-01-03,69,0.56,12.9,7.42,18.2,False,Органическое,B
Краснокочанная,2025-04-08,135,1.98,20.8,5.39,18.5,False,Органическое,C
Савойская,2025-07-10,124,2.23,21.8,5.49,10.3,False,Минеральное,B
Кольраби,2024-08-29,66,0.64,9.1,5.33,15.3,False,Комплексное,B
Савойская,2025-07-02,136,1.34,16.2,7.52,12.4,False,Минеральное,B
Пекинская,2024-07-02,49,1.57,14.3,5.27,16.0,False,Минеральное,B
Савойская,2025-06-29,132,1.21,14.3,5.74,8.0,False,Без удобрений,C
Краснокочанная,2026-03-10,109,1.97,20.1,5.68,15.3,True,Органическое,D
Брюссельская,2025-05-23,115,0.61,6.9,5.65,12.3,True,Комплексное,C
Краснокочанная,2024-11-27,137,1.17,17.2,5.47,15.7,False,Комплексное,B
Пекинская,2025-11-24,62,0.75,10.3,7.22,11.1,False,Комплексное,A
Кольраби,2024-12-10,64,1.05,6.4,5.96,9.3,False,Биоудобрение,B
Пекинская,2025-06-30,60,1.16,10.6,7.2,14.2,False,Органическое,B
Кольраби,2024-05-01,71,0.38,11.6,6.76,24.1,False,Комплексное,B
Пекинская,2024-07-31,77,0.84,10.8,5.78,16.9,False,Биоудобрение,B
Брокколи,2025-07-16,67,0.55,16.2,5.75,14.7,True,Органическое,C
Белокочанная,2025-11-23,135,3.63,19.4,5.71,15.8,False,Биоудобрение,B
Пекинская,2025-03-08,52,1.54,11.6,5.73,11.0,False,Органическое,B
Брокколи,2025-06-09,87,1.19,9.2,7.23,17.8,False,Биоудобрение,B
Краснокочанная,2025-04-27,133,2.39,21.9,6.13,14.4,True,Комплексное,B
Краснокочанная,2024-12-31,114,3.27,18.1,5.84,10.5,False,Органическое,B
Кольраби,2025-11-03,76,0.55,9.6,5.44,8.9,True,Комплексное,C
Белокочанная,2024-04-09,136,2.58,18.6,7.57,4.8,True,Комплексное,D
Кольраби,2026-04-12,62,0.68,8.8,5.69,7.4,False,Органическое,C
Брокколи,2024-07-24,67,1.57,13.2,6.12,18.1,False,Органическое,B
Кольраби,2024-10-04,57,0.83,9.7,5.92,13.8,False,Биоудобрение,B
Савойская,2025-10-21,120,2.64,22.1,5.76,8.8,False,Комплексное,B
Белокочанная,2025-09-09,114,2.08,25.6,6.27,14.6,False,Биоудобрение,A
Кольраби,2025-05-12,81,0.29,11.8,5.75,11.0,False,Минеральное,A
Брюссельская,2024-03-10,122,0.94,4.6,6.76,12.0,False,Органическое,A
Савойская,2024-03-05,136,1.74,17.9,7.15,16.5,True,Минеральное,D
Савойская,2025-03-18,99,0.88,19.1,6.19,16.8,True,Органическое,C
Савойская,2026-01-25,100,1.85,21.3,5.92,15.3,False,Минеральное,B
Савойская,2025-04-18,128,1.29,22.4,6.05,11.7,False,Минеральное,A
Брюссельская,2024-03-26,119,0.82,5.3,6.69,12.4,False,Минеральное,A
Брюссельская,2024-08-19,119,0.39,7.8,6.27,15.7,False,Биоудобрение,B
Белокочанная,2026-04-10,99,2.95,19.6,6.69,5.9,False,Органическое,A
Кольраби,2024-06-22,86,0.53,11.4,6.4,13.9,False,Минеральное,A
Краснокочанная,2025-06-02,110,0.96,19.3,6.57,9.1,False,Без удобрений,B
Брюссельская,2026-05-01,93,0.95,4.4,5.51,10.8,False,Органическое,B
Брокколи,2024-09-07,76,1.51,15.1,6.72,18.1,False,Органическое,A
Краснокочанная,2024-09-10,110,1.82,16.8,6.57,10.5,True,Комплексное,B
Пекинская,2025-05-06,56,1.14,13.7,5.93,10.2,False,Комплексное,A
Кольраби,2024-08-04,70,0.79,8.8,5.34,12.2,False,Без удобрений,C
Цветная,2025-08-24,71,1.65,18.0,6.59,12.7,False,Комплексное,A
Савойская,2024-10-15,101,1.84,14.3,7.09,11.6,False,Без удобрений,B
Белокочанная,2025-03-30,102,3.13,16.5,6.9,16.6,False,Биоудобрение,B
Кольраби,2025-11-23,59,0.88,9.7,7.09,7.7,False,Минеральное,A
Брюссельская,2024-09-01,125,0.74,6.8,7.58,7.9,True,Минеральное,D
Белокочанная,2024-04-01,139,3.17,22.9,5.81,18.0,False,Органическое,B
Брюссельская,2025-12-11,99,1.32,4.2,5.92,14.6,False,Биоудобрение,B
Брокколи,2025-03-09,95,1.02,10.8,6.51,17.0,False,Органическое,A
Краснокочанная,2024-05-05,132,1.47,21.1,7.36,10.0,False,Комплексное,A
Краснокочанная,2025-02-05,115,1.22,20.5,7.32,21.3,False,Органическое,B
Брюссельская,2025-06-29,110,0.74,4.5,7.14,9.2,False,Без удобрений,C
Брокколи,2025-08-16,87,1.11,17.0,7.57,16.1,False,Органическое,B
Пекинская,2026-05-02,52,1.73,16.9,5.64,15.2,False,Комплексное,A
Савойская,2024-07-13,112,2.37,13.4,6.67,14.6,True,Комплексное,B
Белокочанная,2024-10-08,102,1.34,15.8,6.76,2.4,False,Комплексное,B
Цветная,2024-07-05,81,1.62,15.2,5.53,11.6,False,Комплексное,A
Пекинская,2024-07-01,61,1.49,13.4,6.11,17.1,True,Минеральное,C
Брокколи,2026-05-06,64,1.64,19.1,7.31,10.9,False,Органическое,C
Цветная,2026-05-13,91,1.04,15.8,7.06,14.4,False,Минеральное,A
Брокколи,2025-06-27,64,0.57,18.0,6.92,10.8,False,Органическое,B
Краснокочанная,2024-03-09,116,2.18,17.6,5.85,16.0,False,Комплексное,B
Цветная,2024-04-14,102,2.25,22.3,7.13,11.6,False,Органическое,A
Белокочанная,2025-04-01,124,4.22,22.9,6.58,11.2,False,Минеральное,A
Брюссельская,2026-04-25,92,0.9,5.6,5.87,14.1,False,Минеральное,A
Савойская,2024-06-16,128,1.38,13.8,7.54,7.5,False,Без удобрений,C
Краснокочанная,2025-02-01,130,2.0,16.8,5.75,15.7,False,Биоудобрение,A
Цветная,2024-10-26,107,1.7,19.5,6.5,18.6,False,Комплексное,A
Пекинская,2024-07-22,46,0.91,10.0,6.89,7.9,False,Комплексное,A
Савойская,2024-06-08,117,1.56,16.3,5.51,13.8,False,Комплексное,B
Цветная,2024-03-16,80,1.2,15.5,5.55,11.8,True,Комплексное,C
Пекинская,2025-07-07,66,1.75,15.2,6.36,7.2,False,Биоудобрение,B
Белокочанная,2025-06-01,138,2.93,12.5,5.66,11.6,True,Комплексное,C
Савойская,2024-05-17,108,2.67,20.5,6.27,10.7,False,Комплексное,A
Цветная,2025-03-09,80,1.35,14.2,7.18,17.7,False,Без удобрений,B
Кольраби,2025-02-17,67,0.64,7.6,6.12,8.6,False,Минеральное,A
Брюссельская,2025-08-18,127,0.9,3.9,6.99,6.6,False,Биоудобрение,B
Белокочанная,2024-05-08,140,2.94,15.1,7.01,6.3,False,Биоудобрение,A
Савойская,2024-11-28,123,0.98,14.6,7.12,6.2,True,Биоудобрение,D
Савойская,2024-10-30,137,2.35,23.4,5.54,12.8,False,Минеральное,A
Кольраби,2024-10-05,67,0.76,10.7,7.48,13.0,False,Минеральное,A
Белокочанная,2025-04-07,118,2.5,21.7,5.37,8.5,False,Без удобрений,C
Цветная,2024-03-28,96,0.87,20.8,7.42,12.3,False,Минеральное,B
Пекинская,2024-12-09,68,1.16,9.4,7.52,9.6,False,Органическое,B
Краснокочанная,2025-11-04,109,1.57,15.5,6.26,11.8,False,Без удобрений,B
Брокколи,2024-08-06,61,1.11,13.5,6.21,13.9,False,Органическое,A
Белокочанная,2025-03-01,123,1.99,18.9,7.06,14.5,False,Минеральное,A
Пекинская,2025-07-18,61,0.8,12.8,6.33,6.0,False,Комплексное,A
Кольраби,2025-12-16,68,0.5,6.8,6.19,19.1,True,Комплексное,C
Кольраби,2025-06-03,59,0.76,12.2,6.66,10.3,False,Комплексное,A
Краснокочанная,2024-08-29,103,2.26,16.7,7.23,7.1,False,Органическое,A
Брокколи,2025-07-29,66,1.66,13.3,7.51,12.0,False,Органическое,B
Брокколи,2025-01-19,99,0.4,13.1,5.37,14.5,True,Комплексное,C
Кольраби,2026-04-24,56,0.92,7.4,6.36,20.3,False,Органическое,A
Кольраби,2024-04-01,93,0.72,13.0,6.16,13.7,True,Комплексное,C
Цветная,2024-12-27,94,1.01,16.3,7.27,6.9,True,Биоудобрение,C
Цветная,2025-11-08,79,0.86,13.4,7.43,17.8,True,Комплексное,C
Белокочанная,2026-03-21,127,2.24,16.7,6.16,10.0,False,Минеральное,A
Краснокочанная,2025-02-08,137,0.96,13.2,7.59,10.9,True,Минеральное,D
Брокколи,2026-01-10,93,1.59,10.8,7.16,15.6,False,Комплексное,A
Цветная,2025-05-19,78,2.19,21.5,7.26,6.4,False,Минеральное,C
Пекинская,2025-03-29,69,1.14,14.3,7.13,12.9,False,Органическое,A
Пекинская,2024-12-15,74,1.43,16.8,6.32,12.7,False,Органическое,A
Брокколи,2026-03-20,66,1.4,17.1,7.52,19.3,False,Минеральное,B
Белокочанная,2025-03-14,98,2.37,19.7,6.25,8.8,True,Комплексное,C
Краснокочанная,2024-12-17,101,1.56,20.8,7.0,12.3,False,Минеральное,A
Кольраби,2024-09-24,77,0.6,8.5,5.23,16.8,False,Комплексное,C
Кольраби,2024-12-25,90,0.51,12.0,7.3,11.0,False,Комплексное,B
Брюссельская,2024-10-18,109,0.6,7.3,6.85,16.9,False,Без удобрений,B
Кольраби,2024-09-18,85,0.81,10.3,6.53,18.2,False,Минеральное,A
Пекинская,2025-12-25,73,0.75,15.9,5.25,18.6,False,Комплексное,B
Брюссельская,2026-05-07,119,1.08,5.8,6.65,14.9,False,Минеральное,A
Кольраби,2024-06-20,72,0.34,9.8,6.48,16.2,False,Биоудобрение,B
Кольраби,2026-04-30,68,1.0,8.9,6.71,12.0,False,Минеральное,A
Савойская,2024-06-29,137,1.65,20.6,5.28,16.2,False,Органическое,B
Кольраби,2026-05-17,68,0.56,7.4,7.58,10.5,False,Органическое,C
Брокколи,2026-05-25,68,1.4,9.8,6.44,11.6,False,Без удобрений,A
Кольраби,2024-08-09,74,0.83,8.7,6.21,15.8,False,Без удобрений,B
Пекинская,2026-01-21,69,0.85,9.1,7.04,13.0,False,Без удобрений,B
Белокочанная,2025-05-16,106,1.28,16.6,6.74,11.4,True,Органическое,C
Брокколи,2025-08-29,68,0.41,12.2,7.27,11.7,True,Органическое,C
Кольраби,2025-12-23,91,0.65,6.0,6.28,10.9,True,Без удобрений,C
Белокочанная,2026-03-05,121,1.52,25.5,6.11,12.5,False,Органическое,B
Кольраби,2025-12-18,86,0.68,7.3,7.1,20.0,False,Минеральное,B
Краснокочанная,2024-07-29,126,2.84,20.4,5.76,12.4,False,Биоудобрение,A
Краснокочанная,2025-04-21,130,2.25,14.2,6.81,8.4,True,Органическое,C
Белокочанная,2025-09-08,139,3.01,13.6,6.1,13.9,True,Комплексное,B
Пекинская,2025-11-07,62,1.22,16.0,6.58,10.4,False,Минеральное,A
Брюссельская,2026-02-11,103,0.62,5.5,6.27,19.5,False,Комплексное,A
Цветная,2025-03-21,84,0.98,20.5,6.23,7.3,False,Органическое,A
Цветная,2024-03-11,74,1.72,12.3,5.47,9.5,False,Минеральное,C
Белокочанная,2025-09-21,136,1.34,14.7,6.3,9.7,True,Комплексное,B
Пекинская,2026-01-25,78,1.42,14.4,5.35,16.6,False,Минеральное,B
Белокочанная,2024-12-03,141,2.17,20.8,5.51,14.7,False,Минеральное,B
Кольраби,2025-04-08,87,0.43,7.6,6.04,5.3,False,Без удобрений,B
Брюссельская,2024-07-06,131,0.82,4.5,5.33,17.8,False,Минеральное,C
Брюссельская,2024-11-16,95,1.12,6.3,7.1,12.5,False,Биоудобрение,A
Белокочанная,2025-10-27,125,1.85,27.3,6.38,8.5,False,Минеральное,A
Цветная,2026-02-04,104,0.8,13.5,6.61,12.3,True,Без удобрений,C
Краснокочанная,2025-08-07,129,3.21,13.0,5.62,11.9,False,Комплексное,A
Цветная,2024-10-16,81,2.15,20.1,7.51,12.1,False,Биоудобрение,B
Белокочанная,2026-04-04,92,2.74,16.8,5.74,8.5,False,Органическое,A
Савойская,2025-11-06,132,2.17,22.2,5.2,12.7,False,Комплексное,A
Краснокочанная,2026-03-16,144,1.71,12.7,6.25,18.0,False,Без удобрений,B
Кольраби,2024-09-02,65,0.54,6.4,7.16,15.1,False,Без удобрений,B
Пекинская,2024-09-08,59,1.37,10.6,5.24,15.0,True,Комплексное,D
Краснокочанная,2026-05-10,133,2.29,15.0,5.99,19.6,False,Комплексное,C
Пекинская,2025-10-24,74,0.71,15.8,6.31,8.6,False,Минеральное,B
Савойская,2024-10-24,99,2.07,16.7,6.42,10.7,True,Минеральное,C
Брокколи,2024-12-14,99,1.01,9.9,5.58,8.7,True,Биоудобрение,D
Краснокочанная,2024-09-09,150,1.61,18.3,7.4,11.5,True,Органическое,C
Цветная,2026-06-07,84,1.05,14.9,6.88,14.1,False,Органическое,A
Цветная,2026-05-21,76,1.54,22.6,6.0,17.5,False,Комплексное,A
Брюссельская,2025-08-31,128,0.76,6.7,5.98,17.8,False,Комплексное,A
Кольраби,2026-01-26,78,0.49,9.5,5.52,14.3,False,Биоудобрение,B
Кольраби,2026-05-22,62,0.33,14.0,6.24,13.4,False,Минеральное,A
Савойская,2024-06-25,115,1.44,19.3,7.54,5.0,False,Комплексное,B
Краснокочанная,2026-06-04,120,1.75,17.3,7.53,17.6,False,Без удобрений,C
Брюссельская,2024-12-10,105,1.18,5.5,6.02,9.8,False,Комплексное,A
Белокочанная,2024-06-26,100,4.58,17.6,6.35,12.3,False,Биоудобрение,A
Кольраби,2024-07-01,86,0.98,11.5,6.64,18.9,False,Комплексное,A
Цветная,2024-09-14,87,1.09,16.6,6.02,10.1,True,Органическое,C
Цветная,2024-06-25,94,2.18,13.5,5.77,14.3,False,Комплексное,A
Пекинская,2025-02-23,76,1.64,13.4,6.05,8.9,False,Органическое,A
Брюссельская,2024-10-22,109,0.46,7.5,7.42,20.9,False,Минеральное,C
Брокколи,2025-01-18,70,1.06,9.6,6.2,16.4,False,Минеральное,B
Брокколи,2025-11-03,86,1.01,18.9,6.16,12.7,False,Органическое,B
Цветная,2024-10-08,111,0.67,11.4,5.59,15.0,True,Комплексное,C
Савойская,2024-06-25,97,2.26,20.9,6.76,7.1,False,Биоудобрение,B
Цветная,2025-06-02,117,0.79,17.3,7.33,14.4,False,Органическое,A
Пекинская,2026-04-26,48,1.54,13.3,6.95,18.7,False,Комплексное,B
Цветная,2026-04-02,102,1.13,11.6,7.39,9.6,False,Минеральное,B
Брюссельская,2025-10-23,110,0.78,8.5,6.3,11.9,False,Биоудобрение,A
Пекинская,2025-05-07,59,1.08,15.9,6.18,16.4,False,Комплексное,B
Савойская,2024-06-17,117,0.82,12.6,5.48,3.6,False,Органическое,C
Краснокочанная,2024-11-27,124,1.43,24.8,6.3,16.5,False,Комплексное,A
Кольраби,2025-10-12,72,0.46,12.9,6.98,11.9,False,Минеральное,B
Брюссельская,2025-01-27,120,0.54,4.8,6.41,10.6,False,Биоудобрение,A
Белокочанная,2024-12-04,131,1.96,16.7,6.3,10.0,False,Органическое,A
Краснокочанная,2024-07-07,100,1.16,13.2,6.72,15.5,False,Без удобрений,B
Краснокочанная,2025-08-31,126,2.72,19.4,6.39,12.0,False,Минеральное,A
Пекинская,2025-12-16,60,0.88,10.9,6.78,16.1,False,Без удобрений,A
Брокколи,2026-03-29,86,0.9,10.3,5.6,15.9,False,Минеральное,B
Белокочанная,2025-10-11,115,2.69,18.5,7.48,18.0,False,Комплексное,B
Цветная,2025-11-28,95,1.23,11.7,7.18,12.6,False,Биоудобрение,A
Брюссельская,2026-01-16,119,1.14,5.6,5.85,18.5,False,Биоудобрение,C
Краснокочанная,2024-08-12,112,1.82,19.3,5.79,24.4,False,Органическое,C
Белокочанная,2025-07-08,141,1.08,13.1,6.23,6.9,True,Без удобрений,D
Пекинская,2024-11-17,51,1.23,12.8,5.62,22.0,False,Комплексное,B
Кольраби,2024-10-03,84,0.48,9.9,5.89,11.6,False,Органическое,B
Краснокочанная,2025-07-27,113,2.89,25.0,6.27,12.9,False,Минеральное,A
Цветная,2025-08-29,91,1.09,14.6,5.97,13.1,False,Комплексное,A
Белокочанная,2024-12-21,123,1.97,21.7,5.78,4.6,False,Биоудобрение,B
Брюссельская,2025-12-26,99,0.73,6.1,5.49,16.2,True,Комплексное,C
Кольраби,2025-02-03,56,0.74,6.9,6.88,11.9,False,Органическое,A
Брюссельская,2025-02-04,128,0.69,5.2,5.85,16.5,False,Комплексное,A
Брюссельская,2025-06-29,115,0.84,7.9,6.19,11.6,False,Биоудобрение,A
Пекинская,2024-12-09,48,0.77,11.9,5.94,17.3,False,Комплексное,A
Белокочанная,2024-11-02,99,3.78,15.7,6.71,10.3,False,Органическое,A
Белокочанная,2025-12-04,102,3.71,22.6,6.7,18.3,False,Минеральное,B
Брокколи,2025-05-22,84,1.48,15.1,7.39,14.8,False,Комплексное,A
Белокочанная,2024-11-23,102,1.86,26.8,6.06,11.3,False,Комплексное,A
Савойская,2026-02-01,111,1.93,18.2,5.38,15.0,False,Биоудобрение,B
Белокочанная,2024-04-04,125,1.68,22.6,7.47,12.6,False,Комплексное,B
Кольраби,2024-03-12,74,1.18,12.4,6.86,9.6,False,Комплексное,A
Белокочанная,2025-11-02,140,2.29,26.3,6.5,13.8,False,Минеральное,A
Белокочанная,2025-03-04,128,2.81,21.6,5.93,15.9,False,Комплексное,A
Пекинская,2025-10-28,45,0.75,17.6,5.96,14.0,False,Комплексное,A
Цветная,2025-08-16,88,0.63,10.0,5.88,6.2,True,Органическое,C
Брокколи,2026-01-02,92,0.92,15.8,6.49,16.3,False,Минеральное,A
Краснокочанная,2025-12-01,124,3.13,15.4,6.51,17.2,False,Комплексное,B
Савойская,2024-12-28,135,2.19,13.6,5.93,9.1,False,Комплексное,A
Савойская,2025-12-20,133,1.83,21.0,7.28,17.4,False,Органическое,B
Брокколи,2024-11-28,99,1.62,9.5,5.54,15.1,False,Минеральное,B
Цветная,2025-04-24,89,1.7,17.3,6.03,13.4,False,Органическое,A
Белокочанная,2024-03-26,124,2.0,13.5,5.6,16.9,True,Органическое,C
Савойская,2025-03-18,102,1.05,19.7,6.81,8.4,False,Органическое,A
Краснокочанная,2025-07-09,142,1.34,21.5,7.53,16.2,False,Биоудобрение,A
Брюссельская,2025-06-28,101,0.6,5.8,6.54,3.8,True,Минеральное,D
Краснокочанная,2025-12-09,140,1.67,16.5,5.57,17.3,False,Органическое,B
Белокочанная,2025-10-26,123,3.17,17.3,6.32,14.9,False,Комплексное,A
Брюссельская,2024-08-22,119,0.82,4.5,7.39,6.6,False,Органическое,B
Брокколи,2024-10-01,81,1.11,11.6,7.13,12.1,False,Минеральное,A
Цветная,2024-07-09,119,1.42,18.8,7.21,10.9,False,Без удобрений,C
Брокколи,2026-05-26,77,0.58,9.9,7.54,9.2,True,Комплексное,D
Цветная,2026-02-26,100,0.74,12.4,5.6,11.6,False,Органическое,A
Белокочанная,2024-05-28,122,1.44,17.6,7.59,8.7,False,Без удобрений,C
Пекинская,2025-05-24,68,1.67,10.4,6.06,19.0,False,Биоудобрение,B
Пекинская,2026-04-15,77,1.15,13.1,6.74,17.1,False,Органическое,A
Цветная,2026-03-25,91,1.79,20.2,6.55,4.9,False,Комплексное,A
Брокколи,2024-11-12,67,0.88,14.9,5.57,13.5,False,Минеральное,B
Савойская,2026-06-14,107,2.47,17.3,6.82,4.0,False,Органическое,C
Брокколи,2024-12-14,77,1.54,9.8,7.1,14.3,False,Комплексное,A
Белокочанная,2026-01-10,138,3.57,24.7,6.79,12.7,False,Комплексное,A
Кольраби,2025-10-27,61,0.3,12.4,6.5,10.0,False,Без удобрений,B
Кольраби,2025-08-14,62,0.59,9.5,6.98,8.6,False,Биоудобрение,A
Кольраби,2024-04-20,89,0.58,11.2,6.82,8.8,False,Комплексное,A
Цветная,2024-07-28,91,1.99,13.7,6.77,9.3,False,Без удобрений,A
Белокочанная,2025-04-13,99,1.45,21.0,6.43,9.9,True,Минеральное,C
Кольраби,2024-09-21,80,0.97,9.2,5.85,18.1,False,Комплексное,B
Брокколи,2025-10-07,78,1.61,16.2,5.96,15.6,False,Биоудобрение,A
Брокколи,2025-10-23,99,1.25,13.3,6.68,2.9,False,Комплексное,B
Брюссельская,2025-02-19,104,0.54,7.1,5.36,17.0,False,Биоудобрение,B
Пекинская,2024-04-15,49,0.93,14.3,5.69,15.5,False,Биоудобрение,B
Брокколи,2024-07-26,83,0.65,12.7,7.37,15.2,False,Минеральное,B
Цветная,2024-09-21,102,1.0,13.3,5.63,9.0,True,Биоудобрение,C
Белокочанная,2025-03-08,107,2.36,16.3,7.45,2.7,False,Органическое,C
Белокочанная,2025-08-01,126,2.27,17.4,7.04,12.6,False,Комплексное,A
Брюссельская,2025-10-14,99,0.99,7.9,6.85,7.7,True,Комплексное,C
Пекинская,2025-06-06,77,0.59,9.8,6.87,3.6,True,Комплексное,D
Савойская,2024-10-05,123,1.74,20.7,6.59,5.6,False,Комплексное,B
Брюссельская,2026-02-01,134,0.68,7.2,5.61,12.7,True,Биоудобрение,C
Брокколи,2025-06-27,81,1.48,16.5,6.77,12.9,False,Биоудобрение,A
Пекинская,2024-06-19,62,0.77,17.5,6.86,11.0,False,Органическое,A
Пекинская,2024-04-12,86,0.61,12.9,7.44,12.9,True,Комплексное,C
Брокколи,2025-08-13,79,0.95,13.1,6.09,7.9,False,Минеральное,B
Пекинская,2024-08-23,68,0.7,14.1,7.1,2.6,True,Органическое,C
Кольраби,2024-12-25,60,1.08,9.7,5.53,8.2,False,Комплексное,A
Брюссельская,2025-02-17,133,0.51,7.4,5.26,18.4,False,Органическое,B
Краснокочанная,2026-02-06,129,1.95,21.7,6.18,10.6,True,Минеральное,C
Краснокочанная,2025-03-21,108,2.09,12.7,6.55,6.6,True,Минеральное,C
Брюссельская,2024-11-19,113,0.9,6.8,5.71,7.3,False,Без удобрений,C
Брокколи,2026-04-02,91,1.46,10.2,5.5,15.2,False,Биоудобрение,B
Кольраби,2024-04-07,77,0.87,10.6,6.24,16.0,True,Органическое,C
Краснокочанная,2026-01-13,120,1.19,13.3,6.25,9.8,True,Комплексное,C
Краснокочанная,2024-10-23,102,2.2,15.8,7.52,9.2,False,Комплексное,B
Брюссельская,2024-08-25,93,0.81,8.4,6.31,14.7,False,Органическое,A
Савойская,2024-07-09,117,0.84,12.6,5.95,6.1,True,Комплексное,C
Цветная,2024-08-14,115,1.82,15.9,5.83,12.4,False,Биоудобрение,A
Кольраби,2024-05-21,68,0.41,12.2,7.15,14.7,False,Без удобрений,B
Кольраби,2025-11-25,79,0.73,9.4,5.86,4.7,False,Минеральное,B
Брюссельская,2025-10-10,111,0.99,4.2,6.91,14.2,True,Биоудобрение,B
Краснокочанная,2025-05-08,120,2.78,15.9,7.58,12.9,False,Комплексное,A
Брокколи,2024-06-06,66,0.89,15.1,5.23,12.0,False,Комплексное,A
Пекинская,2025-05-07,54,1.08,10.2,6.08,13.3,True,Минеральное,C
Кольраби,2025-10-12,60,0.29,7.5,7.0,17.3,False,Комплексное,A
Цветная,2024-04-30,77,0.81,13.4,6.78,27.3,False,Биоудобрение,C
Брюссельская,2024-08-27,129,0.67,7.6,7.52,17.4,False,Минеральное,B
Краснокочанная,2025-03-04,136,2.59,23.7,6.01,8.3,False,Комплексное,B
Краснокочанная,2025-05-18,134,1.17,18.0,6.14,9.8,False,Без удобрений,A
Белокочанная,2026-01-16,108,1.92,21.8,5.8,12.1,False,Без удобрений,B
Савойская,2024-05-12,99,1.14,24.6,6.77,11.2,False,Минеральное,A
Кольраби,2024-08-30,72,0.59,10.1,6.11,15.2,True,Органическое,C
Пекинская,2025-03-07,51,0.67,10.5,5.98,9.5,False,Без удобрений,B
Савойская,2025-01-12,134,1.16,15.1,5.67,12.0,False,Органическое,B
Савойская,2024-05-20,95,0.98,20.7,6.0,4.7,False,Комплексное,B
Савойская,2024-03-10,123,1.58,18.2,6.02,16.2,False,Органическое,B
Кольраби,2024-12-29,70,0.99,13.1,6.44,19.9,False,Органическое,B
Цветная,2024-06-22,79,1.36,15.1,6.4,11.0,False,Минеральное,A
Брокколи,2025-09-23,81,1.18,13.4,6.99,19.6,False,Органическое,B
Кольраби,2026-06-10,72,1.02,11.8,5.69,11.4,False,Органическое,B
Пекинская,2025-04-01,70,1.63,15.0,6.22,11.3,False,Комплексное,A
Кольраби,2025-02-06,77,0.69,11.8,5.94,18.9,False,Органическое,B
Брюссельская,2024-08-13,125,1.07,4.2,7.36,17.8,False,Органическое,B
Брокколи,2024-03-15,61,0.89,14.6,5.91,15.6,False,Минеральное,A
Савойская,2025-11-23,110,2.52,20.8,7.23,13.9,False,Биоудобрение,B
Пекинская,2026-04-15,69,0.64,14.7,6.62,10.6,False,Биоудобрение,A
Савойская,2024-10-22,127,2.25,17.8,6.69,8.7,False,Комплексное,A
Цветная,2025-05-04,110,2.17,18.4,6.92,12.8,False,Органическое,A
Цветная,2025-10-18,111,0.93,18.7,5.64,8.6,False,Минеральное,B
Брюссельская,2025-08-15,116,0.72,7.8,7.2,16.5,True,Комплексное,C
Брюссельская,2024-06-22,127,0.51,6.8,7.19,13.5,False,Минеральное,A
Белокочанная,2026-03-22,102,1.66,22.1,7.06,14.3,False,Минеральное,B
Савойская,2025-02-25,105,2.83,23.1,6.43,7.2,False,Комплексное,A
Белокочанная,2024-11-26,132,2.39,15.1,6.07,11.7,True,Минеральное,C
Кольраби,2025-01-08,82,0.91,11.3,7.0,10.8,False,Минеральное,B
Пекинская,2026-05-12,74,1.4,13.5,7.06,17.4,False,Органическое,B
Савойская,2024-06-22,118,1.99,21.8,6.96,19.0,False,Комплексное,A
Кольраби,2025-11-25,82,0.79,11.1,6.79,19.2,False,Комплексное,A
Цветная,2025-03-06,120,2.37,23.4,6.42,10.2,False,Минеральное,A
Цветная,2026-05-04,126,0.65,13.8,7.43,14.4,True,Минеральное,C
Цветная,2025-09-25,94,0.98,18.9,7.14,19.6,True,Комплексное,D
Савойская,2026-05-13,132,1.75,16.2,7.28,10.7,False,Комплексное,B
Пекинская,2025-06-10,56,0.75,10.8,5.27,8.5,True,Без удобрений,D
Цветная,2025-07-02,95,2.31,13.5,7.11,15.0,False,Комплексное,A
Кольраби,2024-12-02,70,0.84,8.8,7.11,12.8,False,Минеральное,B
Брокколи,2026-01-13,89,0.78,12.4,6.89,16.9,False,Без удобрений,B
Пекинская,2026-04-23,80,1.17,12.5,5.36,10.1,False,Органическое,B
Кольраби,2024-12-05,79,0.83,12.2,7.33,15.8,False,Без удобрений,B
Кольраби,2024-03-29,84,0.51,6.3,7.22,9.8,False,Органическое,A
Кольраби,2024-04-20,89,0.52,5.6,6.23,25.9,True,Биоудобрение,D
Брюссельская,2025-05-03,108,0.94,7.4,5.46,9.5,False,Органическое,A
Савойская,2024-04-25,111,1.78,14.7,5.47,11.1,False,Биоудобрение,B
Цветная,2025-12-11,87,0.9,18.7,6.85,14.4,True,Биоудобрение,C
Брокколи,2024-03-30,91,1.45,16.8,6.85,19.4,False,Комплексное,B
Белокочанная,2025-03-29,116,1.57,15.7,7.03,4.7,False,Без удобрений,B
Брюссельская,2024-03-23,129,0.34,4.5,7.19,12.8,False,Без удобрений,B
Пекинская,2025-01-23,68,1.5,12.0,5.74,6.7,False,Минеральное,B
Краснокочанная,2024-05-08,108,1.9,20.1,5.8,12.8,False,Биоудобрение,A
Цветная,2025-09-04,116,1.9,18.4,6.87,10.3,False,Минеральное,A
Брокколи,2024-03-28,85,0.98,17.8,6.92,5.7,False,Органическое,B
Пекинская,2024-05-22,56,1.85,11.9,6.69,7.1,False,Минеральное,B
Брюссельская,2025-11-22,123,0.59,6.6,5.72,7.0,False,Минеральное,B
Савойская,2026-06-07,114,2.2,19.7,7.0,19.9,False,Комплексное,A
Савойская,2025-09-21,134,2.43,13.9,6.21,20.7,False,Минеральное,C
Краснокочанная,2026-02-10,133,0.8,17.7,6.76,13.9,True,Без удобрений,C
Брюссельская,2024-11-17,115,0.81,4.2,5.96,17.9,False,Органическое,B
Цветная,2024-05-17,122,0.95,15.1,7.5,17.4,False,Комплексное,B
Савойская,2024-05-12,95,2.91,14.1,6.18,10.9,False,Комплексное,A
Кольраби,2025-12-18,65,0.42,11.0,6.21,12.9,False,Биоудобрение,A
Пекинская,2024-05-20,48,1.45,13.5,7.22,12.5,False,Минеральное,A
Краснокочанная,2025-10-27,115,1.32,14.6,6.82,12.1,False,Минеральное,A
Пекинская,2026-05-11,79,0.93,14.1,6.29,8.7,False,Органическое,B
Брюссельская,2025-10-10,120,0.52,6.9,5.86,10.6,False,Минеральное,B
Краснокочанная,2024-06-15,128,2.2,22.4,6.46,11.2,False,Комплексное,A
Цветная,2025-01-20,79,1.24,17.3,6.48,8.9,False,Без удобрений,B
Брокколи,2025-07-03,61,1.66,18.0,6.92,15.6,False,Минеральное,A
Кольраби,2024-10-06,86,0.3,7.3,7.49,15.2,False,Без удобрений,C
Брокколи,2024-09-01,90,0.82,11.2,6.65,11.1,False,Комплексное,A
Брюссельская,2024-08-22,130,1.06,7.9,6.15,10.2,False,Комплексное,A
Цветная,2025-08-01,76,1.3,17.7,7.53,6.7,False,Без удобрений,C
Брюссельская,2024-12-30,126,1.06,5.7,5.5,9.5,False,Биоудобрение,B
Брюссельская,2025-01-14,108,1.54,4.3,6.2,12.6,False,Комплексное,A
Брокколи,2026-04-26,92,1.01,10.7,7.01,15.6,True,Органическое,C
Савойская,2024-06-28,120,2.22,20.9,5.52,16.6,False,Минеральное,B
Цветная,2025-05-03,110,1.63,16.4,6.62,15.1,False,Минеральное,A
Савойская,2024-12-08,129,2.01,13.3,5.56,16.3,True,Комплексное,C
Брокколи,2025-05-30,88,1.42,9.3,5.74,6.8,False,Биоудобрение,C
Цветная,2026-05-17,92,1.02,22.8,6.53,13.3,False,Комплексное,A
Краснокочанная,2024-07-25,130,1.35,18.6,6.26,11.1,False,Минеральное,B
Пекинская,2026-02-14,76,0.63,12.0,6.91,13.7,True,Без удобрений,C
Краснокочанная,2024-11-08,114,1.61,23.9,5.73,10.4,False,Комплексное,B
Брюссельская,2026-01-26,121,0.71,6.5,7.52,13.2,True,Минеральное,C
Пекинская,2024-03-08,55,2.04,9.9,6.02,13.4,False,Комплексное,A
Белокочанная,2024-05-05,140,2.29,13.8,5.28,21.6,False,Минеральное,C
Пекинская,2026-03-03,71,1.43,11.2,5.56,11.6,False,Минеральное,B
Краснокочанная,2025-09-26,148,2.67,18.0,6.35,12.1,False,Минеральное,A
Брюссельская,2024-08-18,123,1.15,6.6,7.02,9.6,False,Биоудобрение,B
Савойская,2024-05-08,110,1.82,15.3,5.57,14.9,False,Комплексное,B
Пекинская,2025-12-26,69,1.79,11.1,5.58,17.3,False,Комплексное,B
Брокколи,2026-03-30,97,1.07,10.9,6.99,21.1,False,Без удобрений,C
Цветная,2025-11-14,116,0.93,23.0,7.58,12.9,False,Минеральное,B
Брюссельская,2026-03-20,129,0.92,7.4,5.97,18.0,False,Органическое,A
Краснокочанная,2024-11-21,122,2.04,17.1,5.42,13.4,False,Органическое,A
Пекинская,2025-12-29,52,0.67,14.6,5.71,11.9,False,Биоудобрение,A
Пекинская,2026-02-12,58,1.18,9.8,7.56,15.2,False,Без удобрений,C
Савойская,2026-03-28,137,1.46,17.6,7.42,14.8,True,Минеральное,C
Пекинская,2024-10-11,51,1.39,14.4,5.7,7.0,False,Комплексное,B
Белокочанная,2024-08-13,139,3.22,20.9,5.24,13.4,True,Минеральное,D
Брюссельская,2024-10-28,117,0.51,6.0,5.69,7.4,False,Биоудобрение,A
Белокочанная,2025-03-07,129,2.19,13.6,7.55,6.2,False,Биоудобрение,C
Белокочанная,2024-08-30,126,3.05,26.3,5.87,10.2,False,Комплексное,A
Брюссельская,2024-03-29,99,0.95,7.4,6.86,18.0,False,Минеральное,B
Савойская,2026-05-25,97,1.05,17.5,7.19,17.9,False,Минеральное,A
Пекинская,2025-04-16,68,1.59,12.8,5.66,9.9,False,Комплексное,B
Краснокочанная,2024-12-05,120,1.75,18.3,5.33,13.1,False,Биоудобрение,B
Пекинская,2025-12-28,48,1.36,10.2,7.01,15.2,False,Комплексное,A
Брокколи,2025-04-22,93,1.17,18.9,7.13,16.2,False,Минеральное,B
Цветная,2025-06-25,87,0.81,12.7,5.49,9.1,True,Комплексное,C
Брокколи,2024-03-12,97,1.32,19.5,6.1,10.9,False,Органическое,A
Брюссельская,2024-10-06,124,1.0,7.7,6.24,14.0,False,Биоудобрение,A
Краснокочанная,2025-07-21,127,2.45,21.8,5.88,9.8,False,Биоудобрение,B
Белокочанная,2025-08-02,104,2.52,26.5,6.59,3.6,False,Комплексное,A
Кольраби,2025-06-23,55,0.6,10.2,5.86,3.9,False,Органическое,B
Белокочанная,2024-06-21,139,2.16,24.5,6.87,11.7,False,Биоудобрение,A
Кольраби,2026-03-13,71,0.34,13.4,5.52,10.5,False,Минеральное,B
Белокочанная,2026-04-21,129,2.58,21.5,5.55,18.9,True,Органическое,D
Савойская,2024-09-30,137,2.46,17.4,7.41,19.0,False,Комплексное,B
Брокколи,2024-07-23,71,0.89,11.9,7.52,10.7,True,Комплексное,C
Брокколи,2024-10-19,88,1.27,13.3,6.98,19.7,False,Органическое,B
Краснокочанная,2025-07-29,147,3.21,22.2,6.85,14.1,False,Биоудобрение,A
Савойская,2026-03-28,133,1.53,15.7,6.49,13.4,False,Органическое,A
Брокколи,2025-12-13,89,0.8,14.5,6.49,17.0,False,Органическое,A
Кольраби,2024-09-06,89,0.28,7.0,6.28,19.1,False,Органическое,B
Краснокочанная,2026-01-30,116,2.06,19.4,5.55,15.9,False,Комплексное,A
Белокочанная,2024-12-03,116,1.68,19.6,6.83,13.0,False,Минеральное,A
Белокочанная,2025-04-13,107,3.01,19.0,5.78,16.4,False,Органическое,B
Савойская,2024-05-09,128,1.8,16.2,7.13,19.9,False,Минеральное,B
Брокколи,2026-03-04,97,1.26,11.8,6.2,10.9,False,Органическое,A
Пекинская,2025-04-02,78,1.29,15.2,6.73,19.8,False,Минеральное,B
Савойская,2026-06-11,113,1.6,21.3,5.24,9.5,False,Органическое,C
Брокколи,2024-07-12,69,1.31,16.4,5.87,10.4,False,Комплексное,A
Брюссельская,2024-11-14,101,1.1,7.7,7.42,5.9,False,Комплексное,B
Брокколи,2025-06-21,60,1.39,17.7,6.97,18.0,False,Комплексное,B
Брюссельская,2024-09-02,107,0.74,6.9,5.22,22.0,False,Органическое,B
Савойская,2026-02-23,128,1.97,12.9,5.88,10.4,True,Органическое,D
Брюссельская,2024-04-02,104,0.84,8.1,7.08,14.1,False,Органическое,B
Краснокочанная,2024-08-28,138,2.27,19.4,7.44,15.2,False,Органическое,B
Савойская,2024-09-05,106,1.15,18.9,5.56,11.9,True,Биоудобрение,C
Белокочанная,2024-04-30,99,3.24,17.1,6.13,11.0,False,Биоудобрение,A
Цветная,2024-04-10,72,1.86,19.2,6.25,10.9,False,Комплексное,A
Брюссельская,2024-11-29,100,0.34,5.2,6.84,12.6,True,Минеральное,C
Брюссельская,2024-07-03,96,0.84,4.6,6.59,12.8,False,Минеральное,A
Савойская,2024-08-22,122,0.87,12.2,5.89,14.0,True,Комплексное,B
Савойская,2026-03-09,131,1.53,21.1,7.53,14.1,False,Комплексное,B
Савойская,2025-07-20,135,1.04,22.6,5.76,15.1,False,Комплексное,A
Цветная,2024-10-16,89,2.64,21.6,6.84,13.0,False,Минеральное,A
Краснокочанная,2026-05-27,141,2.52,16.9,5.9,11.3,False,Органическое,B
Кольраби,2025-11-11,61,0.4,8.9,7.09,16.1,False,Комплексное,B
Брокколи,2026-02-06,83,1.01,15.3,6.27,18.6,True,Биоудобрение,C
Белокочанная,2025-04-21,91,2.34,14.7,5.83,7.3,False,Без удобрений,B
Брокколи,2026-04-25,68,0.98,15.2,6.08,9.5,False,Комплексное,B
Цветная,2025-03-23,97,1.54,19.6,6.04,11.3,False,Биоудобрение,B
Брюссельская,2026-06-02,98,0.68,4.6,5.85,15.9,False,Минеральное,B
Кольраби,2026-06-04,90,0.67,10.0,5.3,12.6,False,Комплексное,B
Савойская,2024-05-02,117,1.43,16.8,6.91,15.1,False,Минеральное,A
Брокколи,2025-04-04,87,1.12,9.9,7.09,10.0,False,Без удобрений,B
Краснокочанная,2025-11-28,134,1.46,19.3,7.02,10.2,False,Комплексное,A
Белокочанная,2025-02-13,120,1.48,14.5,6.79,8.0,False,Без удобрений,B
Цветная,2024-11-05,84,0.73,17.6,5.73,16.6,False,Органическое,B
Пекинская,2024-10-01,68,1.15,8.6,5.48,15.5,False,Без удобрений,B
Белокочанная,2024-09-10,129,3.6,15.3,5.82,17.7,False,Органическое,B
Пекинская,2026-05-04,64,1.86,16.0,6.65,12.4,False,Органическое,A
Савойская,2026-04-13,100,1.18,17.6,6.85,10.3,False,Биоудобрение,A
Кольраби,2026-02-12,63,0.43,10.6,6.57,11.2,False,Органическое,A
Цветная,2026-01-13,112,1.48,14.2,6.4,5.1,True,Биоудобрение,C
Цветная,2025-12-23,111,1.59,18.3,6.02,6.6,False,Минеральное,B
Савойская,2025-08-01,131,1.9,14.7,6.81,25.8,False,Комплексное,B
Брюссельская,2025-03-26,115,0.9,7.3,5.58,23.2,False,Биоудобрение,C
Брокколи,2024-10-14,84,0.98,16.8,5.2,16.1,False,Органическое,B
Брюссельская,2024-03-14,115,0.88,7.9,6.3,16.0,False,Органическое,A
Кольраби,2024-10-02,79,1.0,9.4,6.02,15.2,False,Комплексное,A
Краснокочанная,2026-01-02,143,1.99,16.6,6.14,15.9,False,Минеральное,B
Брокколи,2024-10-04,68,0.66,14.0,5.78,10.0,True,Без удобрений,C
Пекинская,2025-11-21,60,0.92,10.3,7.32,16.4,False,Биоудобрение,A
Цветная,2024-05-25,88,1.39,19.0,6.03,14.9,False,Минеральное,A
Пекинская,2026-02-15,84,1.58,11.5,5.79,12.9,True,Минеральное,C
Пекинская,2024-12-15,51,1.22,15.6,6.99,11.6,False,Комплексное,A
Брюссельская,2025-11-16,100,0.63,4.8,6.93,4.5,True,Комплексное,D
Кольраби,2025-03-21,77,0.47,10.6,5.21,3.1,False,Биоудобрение,C
Пекинская,2026-01-07,77,0.69,13.5,5.61,12.0,False,Органическое,A
Пекинская,2025-04-24,48,0.95,14.3,6.13,23.6,False,Органическое,C
Савойская,2025-07-23,123,1.81,23.2,6.83,13.4,False,Минеральное,B
Цветная,2026-02-08,84,0.8,11.4,7.12,17.5,True,Органическое,C
Савойская,2024-09-17,123,1.17,18.2,5.81,18.4,False,Органическое,B
Брокколи,2024-12-03,64,0.55,16.5,6.49,16.5,False,Минеральное,A
Кольраби,2025-08-08,86,1.09,7.9,7.14,15.9,False,Комплексное,A
Брокколи,2026-04-22,62,1.18,12.6,6.2,9.4,False,Комплексное,A
Брокколи,2024-04-28,98,0.88,16.1,6.15,10.9,False,Минеральное,A
Пекинская,2024-03-14,60,1.14,13.9,7.47,15.6,False,Минеральное,B
Брюссельская,2026-04-28,96,0.56,3.9,5.84,14.4,False,Комплексное,A
Цветная,2024-09-15,70,1.16,17.5,6.58,8.1,False,Комплексное,A
Белокочанная,2025-01-17,136,3.42,18.1,7.23,9.9,False,Минеральное,B
Белокочанная,2024-08-21,132,2.44,13.7,5.92,9.0,True,Органическое,D
Брюссельская,2026-04-14,130,0.4,8.4,7.27,12.7,False,Минеральное,A
Белокочанная,2024-07-06,116,3.12,19.1,6.62,11.3,True,Органическое,C
Цветная,2026-03-21,107,1.63,13.3,6.74,9.2,True,Без удобрений,C
Брокколи,2024-10-21,96,1.44,12.9,7.31,15.9,False,Органическое,B
Цветная,2025-06-02,75,1.87,14.5,5.3,11.9,False,Органическое,C
Брокколи,2024-08-05,76,1.73,12.0,6.66,14.1,False,Комплексное,A
Савойская,2024-03-17,140,1.33,11.1,7.33,11.5,True,Без удобрений,C
Кольраби,2026-04-24,84,0.46,10.8,5.52,10.6,True,Биоудобрение,D
Краснокочанная,2026-01-21,101,2.52,19.9,7.22,7.4,False,Минеральное,B
Брокколи,2025-06-20,74,0.88,20.1,5.93,14.2,False,Минеральное,A
Брокколи,2026-02-16,73,0.82,9.5,6.81,16.5,False,Комплексное,A
Краснокочанная,2024-11-04,135,1.23,18.2,6.84,13.6,True,Биоудобрение,B
Белокочанная,2025-09-07,139,2.03,15.7,5.41,12.0,False,Органическое,B
Цветная,2026-03-18,76,1.87,19.3,6.47,15.2,False,Минеральное,A
Пекинская,2025-10-20,78,1.2,14.3,5.58,16.2,False,Комплексное,B
Брюссельская,2025-03-31,98,0.87,4.1,6.11,17.1,False,Минеральное,B
Кольраби,2024-03-15,73,0.43,11.1,5.78,8.6,False,Комплексное,B
Савойская,2025-03-16,117,1.38,18.9,6.81,16.1,False,Органическое,A
Кольраби,2025-12-04,77,0.89,11.5,5.81,17.3,False,Минеральное,B
Брюссельская,2026-04-02,121,0.98,8.1,6.43,12.5,True,Комплексное,B
Цветная,2026-05-19,105,2.28,21.2,6.92,14.0,False,Комплексное,A
Брокколи,2026-05-12,100,0.92,15.0,5.22,19.6,False,Минеральное,C
Брюссельская,2026-03-25,102,0.96,4.7,7.18,7.4,False,Органическое,B
Белокочанная,2026-03-19,130,1.63,27.3,6.08,16.7,False,Комплексное,A
Брюссельская,2026-05-09,93,0.67,6.7,7.16,17.0,False,Биоудобрение,B
Савойская,2025-10-21,96,1.65,13.7,5.61,3.4,False,Органическое,C
Пекинская,2024-06-09,70,1.68,14.4,7.06,17.7,False,Комплексное,A
Брюссельская,2024-05-24,129,0.94,7.2,6.12,12.8,True,Минеральное,C
Краснокочанная,2024-03-31,117,1.7,23.3,5.98,6.0,False,Органическое,B
Цветная,2026-04-11,84,1.24,17.2,6.96,10.0,False,Органическое,B
Пекинская,2025-05-11,56,0.63,12.3,7.21,21.9,False,Без удобрений,C
Кольраби,2025-11-16,61,0.72,8.8,6.59,4.7,False,Комплексное,A
Пекинская,2026-02-06,81,1.22,9.6,5.58,12.5,False,Биоудобрение,B
Краснокочанная,2024-03-29,132,1.15,16.6,6.1,3.5,False,Комплексное,A
Кольраби,2026-05-15,77,1.09,11.0,7.5,14.8,False,Минеральное,B
Савойская,2025-02-16,99,1.77,14.7,6.58,17.8,False,Биоудобрение,B
Кольраби,2025-05-27,67,0.77,11.4,6.32,15.0,False,Комплексное,A
Кольраби,2025-08-06,65,0.75,11.9,7.0,14.4,False,Минеральное,A
Брюссельская,2024-04-07,109,0.54,5.8,7.21,7.2,True,Минеральное,C
Кольраби,2024-12-14,91,0.81,10.5,6.72,14.4,True,Биоудобрение,B
Белокочанная,2025-01-01,114,4.17,23.0,6.67,11.0,False,Минеральное,A
Брокколи,2025-04-23,97,1.39,16.1,6.55,22.4,False,Органическое,A
Пекинская,2026-03-31,69,1.34,11.8,7.33,10.4,True,Минеральное,C
Брюссельская,2025-09-27,123,0.41,6.0,6.57,22.6,True,Органическое,C
Краснокочанная,2025-01-18,145,2.48,22.2,6.34,10.9,False,Комплексное,A
Савойская,2024-03-13,102,1.84,15.5,7.1,10.7,False,Без удобрений,B
Цветная,2024-08-03,100,0.73,12.8,7.37,18.4,True,Органическое,D
Савойская,2026-03-11,123,2.35,21.4,7.58,17.0,False,Минеральное,B
Пекинская,2025-05-25,74,1.42,15.1,7.53,11.6,True,Биоудобрение,C
Пекинская,2025-08-02,81,0.85,10.8,7.31,15.0,False,Комплексное,A
Краснокочанная,2026-01-22,139,1.45,15.0,6.85,16.6,False,Комплексное,A
Краснокочанная,2025-07-27,135,2.17,13.7,6.54,15.8,False,Без удобрений,B
Пекинская,2025-11-07,69,0.98,11.6,5.69,11.6,False,Без удобрений,B
Савойская,2026-04-19,101,1.94,19.6,5.45,20.2,False,Минеральное,C
Брокколи,2025-08-11,60,1.57,18.8,6.01,6.9,False,Минеральное,B
Брюссельская,2025-05-08,109,0.58,5.9,7.23,11.9,False,Минеральное,B
Брокколи,2024-07-20,66,1.16,11.4,7.36,19.2,False,Без удобрений,B
Брокколи,2026-02-21,74,0.95,10.1,6.88,27.1,True,Минеральное,D
Пекинская,2024-12-22,48,0.68,12.9,5.54,18.1,False,Минеральное,B
Краснокочанная,2024-05-23,112,2.13,15.6,6.52,14.6,False,Минеральное,A
Савойская,2026-01-19,128,2.21,17.4,6.23,4.7,False,Минеральное,B
Краснокочанная,2025-11-13,131,1.4,20.2,6.45,6.7,False,Органическое,B
Пекинская,2025-11-24,79,1.17,13.1,5.64,11.6,False,Комплексное,B
Белокочанная,2026-05-26,99,4.03,18.2,7.42,11.3,False,Органическое,B
Кольраби,2024-04-05,72,0.81,6.3,7.11,16.1,False,Биоудобрение,A
Кольраби,2025-08-09,55,0.31,13.0,6.56,9.2,False,Минеральное,A
Брюссельская,2025-02-14,119,0.65,8.8,6.4,12.1,False,Минеральное,A
Цветная,2024-09-22,77,1.2,13.8,6.28,12.9,False,Комплексное,A
Краснокочанная,2024-12-23,102,1.2,14.4,6.76,11.1,False,Биоудобрение,A
Цветная,2024-10-28,103,2.21,15.8,7.27,13.0,False,Биоудобрение,B
Кольраби,2024-03-23,74,0.77,9.9,7.45,12.4,False,Комплексное,A
Брокколи,2024-10-14,97,0.97,15.1,7.37,11.5,False,Без удобрений,B
Брюссельская,2026-01-13,114,0.73,4.2,5.92,9.7,True,Без удобрений,D
Белокочанная,2024-11-04,120,1.07,20.0,7.44,6.9,True,Биоудобрение,D
Краснокочанная,2025-07-11,135,3.07,17.2,7.13,18.5,False,Минеральное,B
Брюссельская,2025-06-28,113,1.25,5.7,6.59,11.2,False,Комплексное,A
Брокколи,2025-01-01,76,0.95,16.4,5.71,13.2,False,Минеральное,A
Кольраби,2024-11-14,91,0.92,11.9,7.24,16.0,False,Комплексное,B
Кольраби,2024-06-07,67,0.34,9.7,6.61,18.0,False,Комплексное,A
Кольраби,2025-09-14,67,1.05,6.8,6.18,10.7,False,Органическое,B
Савойская,2024-08-16,109,1.98,17.0,5.25,12.3,False,Минеральное,B
Брюссельская,2026-03-01,104,0.96,4.9,5.4,14.6,False,Комплексное,B
Савойская,2025-05-21,134,0.79,13.2,5.95,8.2,True,Комплексное,C
Савойская,2026-04-01,106,1.96,19.9,6.23,9.9,False,Минеральное,B
Пекинская,2025-05-09,60,0.73,11.4,5.76,11.4,False,Органическое,A
Краснокочанная,2025-09-04,113,1.94,21.2,6.73,19.8,False,Без удобрений,C
Краснокочанная,2025-12-05,145,2.98,18.7,5.54,15.7,False,Комплексное,A
Краснокочанная,2024-05-01,106,2.16,20.4,5.39,7.7,False,Биоудобрение,B
Краснокочанная,2024-05-08,123,2.77,15.7,6.66,12.7,False,Минеральное,A
Цветная,2024-03-24,77,1.77,12.0,6.79,12.2,True,Комплексное,B
Цветная,2024-05-01,113,1.18,15.5,7.57,14.9,True,Минеральное,C
Брюссельская,2025-11-10,113,0.41,4.1,7.49,4.5,True,Без удобрений,D
Краснокочанная,2026-05-16,150,3.38,21.3,6.39,13.0,False,Минеральное,A
Краснокочанная,2026-06-15,132,2.19,18.9,5.58,11.5,False,Органическое,B
Пекинская,2026-01-29,50,1.44,12.6,5.66,12.3,False,Без удобрений,C
Брокколи,2024-12-02,82,0.94,9.3,7.22,22.3,False,Минеральное,C
Кольраби,2024-05-26,82,0.98,12.3,6.33,20.6,False,Минеральное,B
Брокколи,2024-06-14,79,1.03,13.3,7.47,11.5,True,Без удобрений,C
Савойская,2025-07-26,127,1.96,17.4,5.36,5.8,False,Без удобрений,D
Брокколи,2025-11-10,84,0.55,12.8,5.2,14.5,False,Минеральное,B
Брюссельская,2025-01-08,116,0.52,7.3,5.77,10.3,False,Органическое,B
Краснокочанная,2026-03-02,139,2.06,21.1,7.18,4.1,False,Биоудобрение,C
Савойская,2025-10-09,124,1.12,18.0,6.98,14.4,False,Биоудобрение,A
Брокколи,2024-06-29,102,0.94,12.7,7.4,11.9,False,Без удобрений,B
Кольраби,2026-01-11,58,1.04,10.1,6.9,9.7,False,Органическое,B
Брюссельская,2024-04-19,130,0.65,6.3,7.16,18.4,False,Биоудобрение,B
Брокколи,2026-01-12,65,1.36,16.7,6.15,8.5,True,Минеральное,B
Савойская,2025-07-31,96,2.07,14.5,6.45,13.0,False,Минеральное,A
Савойская,2024-11-30,103,1.24,18.3,7.17,7.9,False,Минеральное,B
Белокочанная,2025-10-03,98,3.2,17.5,7.23,11.6,False,Комплексное,A
Брокколи,2024-12-14,73,0.56,16.9,6.28,12.8,False,Без удобрений,A
Брюссельская,2026-02-25,103,1.08,4.1,5.85,5.2,False,Органическое,B
Белокочанная,2024-03-11,99,3.59,16.3,6.36,10.3,False,Минеральное,A
Краснокочанная,2025-01-21,147,2.19,18.5,7.14,6.5,True,Комплексное,C
Кольраби,2025-01-15,83,0.36,7.0,6.83,18.3,False,Минеральное,A
Кольраби,2024-11-06,71,0.84,7.6,6.22,17.5,False,Комплексное,A
Цветная,2024-06-19,104,0.88,20.1,5.46,22.6,False,Комплексное,C
Белокочанная,2025-10-27,116,2.35,28.3,6.85,11.5,False,Минеральное,B
Пекинская,2026-06-01,53,0.69,12.3,6.32,12.4,True,Комплексное,B
Цветная,2025-09-05,80,1.99,19.9,5.84,13.7,False,Биоудобрение,A
Пекинская,2024-12-02,84,0.77,15.3,7.43,12.6,True,Биоудобрение,C
Краснокочанная,2024-04-27,143,1.55,18.2,6.43,8.6,False,Минеральное,A
Краснокочанная,2025-09-03,117,1.85,18.2,6.22,10.6,True,Биоудобрение,C
Кольраби,2024-03-04,86,0.78,7.3,5.45,15.7,False,Органическое,B
Краснокочанная,2025-11-16,124,1.18,16.5,7.07,14.4,False,Комплексное,A
Брокколи,2024-07-13,66,1.12,10.6,5.83,15.9,False,Комплексное,A
Кольраби,2024-06-28,82,0.62,9.3,6.86,10.5,False,Комплексное,A
Савойская,2025-12-12,116,1.75,16.3,6.91,14.5,True,Комплексное,C
Кольраби,2024-05-15,85,0.6,12.5,5.58,15.1,False,Комплексное,A
Савойская,2024-07-03,110,1.93,16.7,6.83,23.6,False,Комплексное,B
Белокочанная,2024-08-20,101,3.74,21.0,7.09,7.8,False,Комплексное,B
Краснокочанная,2024-10-07,135,2.6,18.2,7.47,18.6,False,Минеральное,B
Савойская,2025-07-20,113,1.67,15.4,6.55,8.9,False,Органическое,A
Цветная,2024-12-03,113,1.46,13.7,6.56,17.6,False,Биоудобрение,A
Краснокочанная,2025-07-03,118,1.82,14.8,6.4,9.1,False,Биоудобрение,A
Брокколи,2024-10-05,99,1.32,19.2,7.46,15.2,False,Органическое,B
Брюссельская,2025-06-24,116,0.84,6.4,7.48,13.6,False,Биоудобрение,B
Брюссельская,2024-07-23,111,0.57,8.4,5.79,10.0,False,Комплексное,B
Краснокочанная,2025-09-16,123,2.61,18.0,6.35,18.4,True,Минеральное,C
Савойская,2024-12-08,128,1.73,19.8,6.2,10.5,False,Без удобрений,A
Белокочанная,2026-02-18,124,2.03,14.7,5.24,16.3,False,Комплексное,B
Кольраби,2024-03-05,65,0.58,9.2,7.43,11.6,False,Минеральное,B
Брокколи,2024-12-18,90,0.76,10.8,6.67,25.0,False,Комплексное,B
Белокочанная,2024-05-13,125,1.9,16.7,6.29,10.8,False,Органическое,A
Белокочанная,2024-05-17,129,3.94,23.3,7.21,12.7,False,Минеральное,B
Краснокочанная,2024-08-05,131,1.64,21.4,7.18,10.9,False,Комплексное,A
Брюссельская,2024-10-15,100,1.2,7.3,7.01,9.2,False,Органическое,A
Пекинская,2025-01-22,75,0.79,10.1,6.1,18.2,False,Органическое,B
Кольраби,2024-07-31,79,0.35,12.8,6.4,13.0,False,Органическое,A
Савойская,2024-08-01,117,1.91,17.5,6.78,12.1,False,Биоудобрение,A
Кольраби,2024-10-11,90,0.74,10.8,5.26,14.8,False,Без удобрений,C
Савойская,2024-12-21,137,1.61,14.5,6.96,14.4,True,Комплексное,C
Савойская,2024-07-19,126,2.28,18.7,6.43,10.7,False,Органическое,A
Савойская,2025-11-16,118,1.48,19.5,5.75,8.4,False,Органическое,B
Брюссельская,2024-07-23,117,0.83,4.8,7.08,8.3,False,Минеральное,B
Брюссельская,2025-08-28,131,1.12,7.7,5.71,9.3,False,Минеральное,B
Пекинская,2025-10-30,59,0.7,15.9,5.67,14.5,False,Минеральное,B
Брокколи,2026-02-10,90,0.44,16.1,6.98,6.7,False,Без удобрений,B
Краснокочанная,2025-12-28,110,2.71,19.2,6.5,18.9,False,Минеральное,B
Пекинская,2025-02-07,65,0.57,15.7,7.03,10.7,True,Комплексное,B
Савойская,2024-03-25,130,1.15,19.5,7.44,11.6,True,Биоудобрение,C
Брокколи,2026-05-03,97,1.17,14.1,7.53,16.9,False,Биоудобрение,B
Кольраби,2024-03-17,69,1.01,11.4,6.7,20.1,False,Минеральное,B
Брокколи,2025-09-26,67,0.53,9.4,7.47,8.0,False,Минеральное,B
Пекинская,2025-08-21,69,0.75,13.6,7.26,9.9,False,Биоудобрение,A
Брокколи,2024-09-12,61,1.63,17.4,7.29,12.3,False,Комплексное,A
Пекинская,2025-11-05,80,1.07,11.4,6.86,7.1,False,Комплексное,A
Краснокочанная,2025-02-11,118,3.23,21.3,5.42,13.0,False,Комплексное,B
Брокколи,2026-05-05,67,0.89,8.3,6.1,17.1,True,Минеральное,C
Савойская,2025-05-01,110,2.43,13.0,5.3,17.9,False,Минеральное,B
Кольраби,2024-11-07,90,0.76,10.3,5.48,13.6,False,Минеральное,B
Белокочанная,2025-01-13,106,3.37,15.6,7.3,12.8,False,Комплексное,A
Кольраби,2024-07-30,65,0.37,12.0,6.99,16.0,False,Комплексное,B
Краснокочанная,2025-03-06,135,2.35,14.2,7.02,17.1,True,Комплексное,C
Савойская,2026-02-15,125,2.05,13.9,5.28,5.7,False,Комплексное,B
Брюссельская,2025-02-06,99,0.45,4.9,5.68,6.5,False,Комплексное,B
Савойская,2025-06-28,120,0.96,21.2,5.39,16.5,False,Комплексное,B
Савойская,2026-05-06,111,2.11,15.1,6.3,14.1,False,Биоудобрение,A
Брюссельская,2026-04-04,119,0.34,6.5,6.59,20.4,True,Биоудобрение,D
Брокколи,2024-10-15,84,0.9,13.5,6.97,15.4,True,Комплексное,C
Краснокочанная,2025-05-29,106,1.19,19.6,7.18,15.2,False,Минеральное,A
Савойская,2024-08-25,118,1.8,15.2,7.57,15.9,False,Комплексное,A
Савойская,2024-10-20,102,1.26,14.2,7.18,14.8,False,Без удобрений,B
Белокочанная,2025-03-07,136,3.68,15.7,6.11,10.2,False,Минеральное,A
Краснокочанная,2025-07-11,139,2.31,18.3,5.82,12.3,False,Органическое,A
Белокочанная,2024-11-10,90,3.61,16.4,6.89,9.2,False,Биоудобрение,A
Кольраби,2024-12-24,86,0.73,11.7,6.98,9.8,True,Комплексное,B
Брюссельская,2025-07-17,129,0.82,5.9,7.5,14.1,False,Минеральное,B
Брокколи,2025-03-12,90,1.31,13.5,6.64,21.2,False,Биоудобрение,B
Брюссельская,2026-03-03,108,0.71,6.0,6.51,11.4,False,Минеральное,A
Белокочанная,2024-06-20,101,3.91,22.3,5.66,10.5,False,Биоудобрение,B
Савойская,2026-01-21,109,2.66,16.9,5.83,13.9,False,Комплексное,A
Белокочанная,2025-02-09,125,2.1,14.5,7.14,14.0,False,Минеральное,B
Белокочанная,2024-09-13,94,3.13,21.0,5.29,13.5,False,Минеральное,B
Цветная,2024-09-16,94,1.25,20.3,5.63,9.6,False,Комплексное,B
Краснокочанная,2025-09-22,149,2.19,18.2,5.5,11.9,False,Органическое,B
Брюссельская,2026-02-21,118,0.5,5.4,7.52,16.5,False,Без удобрений,B
Цветная,2024-11-12,75,1.88,12.9,7.39,15.5,False,Комплексное,B
Кольраби,2026-05-30,80,0.42,8.4,7.0,11.6,True,Минеральное,C
Цветная,2025-12-01,82,2.13,20.5,6.34,13.2,False,Без удобрений,A
Пекинская,2025-05-15,56,1.36,9.7,5.31,12.7,False,Минеральное,B
Кольраби,2024-10-30,84,0.62,9.2,7.36,8.7,False,Минеральное,B
Брокколи,2025-12-20,97,1.16,15.1,6.24,16.5,False,Комплексное,A
Краснокочанная,2025-12-29,139,2.56,21.8,6.76,17.8,False,Минеральное,A
Цветная,2025-02-08,88,1.99,20.7,7.4,9.8,False,Комплексное,B
Белокочанная,2025-05-19,139,2.95,23.7,6.12,13.3,True,Комплексное,B
Пекинская,2024-07-05,57,1.17,11.1,5.79,15.1,False,Органическое,B
Брокколи,2024-11-19,81,0.75,8.9,5.87,15.8,True,Органическое,D
Брокколи,2025-09-16,63,1.13,15.5,5.47,18.4,False,Минеральное,B
Кольраби,2025-12-30,89,1.08,7.8,6.87,8.3,False,Комплексное,B
Брокколи,2024-04-01,97,0.99,15.5,5.57,8.2,False,Органическое,C
Брокколи,2025-07-13,61,0.72,10.9,6.04,10.2,False,Комплексное,A
Кольраби,2026-04-30,90,0.59,6.7,7.01,6.7,False,Комплексное,A
Савойская,2025-01-12,118,0.98,19.6,6.25,15.7,False,Без удобрений,A
Белокочанная,2024-08-27,99,3.57,25.2,6.12,18.6,False,Органическое,A
Брокколи,2025-10-22,98,0.8,17.3,6.37,11.9,False,Минеральное,A
Брокколи,2024-10-24,69,1.63,13.9,7.38,9.0,False,Комплексное,C
Кольраби,2024-06-13,77,0.62,11.4,5.84,14.5,False,Без удобрений,B
Пекинская,2025-04-05,58,0.78,12.1,6.72,12.6,False,Комплексное,A
Брокколи,2024-03-29,68,0.56,16.0,6.32,17.3,False,Биоудобрение,A
Савойская,2024-07-16,114,0.92,14.8,5.6,11.5,True,Биоудобрение,C
Кольраби,2025-12-06,89,0.96,12.9,6.95,14.4,False,Комплексное,A
Савойская,2024-03-18,114,1.42,19.3,6.11,20.3,False,Комплексное,A
Краснокочанная,2024-07-12,132,1.71,14.5,7.2,10.4,False,Комплексное,B
Краснокочанная,2024-11-25,102,2.59,19.5,7.51,8.9,False,Минеральное,B
Кольраби,2024-05-02,65,0.79,6.9,7.32,6.4,False,Минеральное,B
Брокколи,2024-08-24,90,0.79,11.9,7.22,14.6,False,Комплексное,A
Кольраби,2025-03-11,90,0.72,6.8,6.7,12.4,False,Без удобрений,A
Белокочанная,2026-01-09,91,1.56,16.1,6.0,10.5,False,Биоудобрение,A
Брокколи,2024-05-10,96,1.66,12.1,6.29,14.4,False,Комплексное,A
Брокколи,2024-06-05,76,0.93,8.8,7.21,7.8,True,Органическое,D
Пекинская,2024-04-22,64,1.02,15.3,7.44,17.3,False,Органическое,B
Краснокочанная,2025-04-22,103,1.17,12.1,7.17,13.3,False,Без удобрений,B
Кольраби,2024-10-23,85,1.16,10.9,6.26,16.7,False,Комплексное,A
Савойская,2025-10-02,102,1.93,24.0,5.3,12.4,False,Комплексное,A
Пекинская,2025-12-25,46,1.23,11.4,6.35,13.7,False,Комплексное,A
Савойская,2026-04-30,139,0.91,16.4,5.48,9.2,True,Комплексное,C
Брюссельская,2025-08-18,116,0.81,3.3,7.42,10.4,True,Без удобрений,D
Белокочанная,2025-10-26,129,1.83,20.4,5.42,18.7,False,Комплексное,B
Брокколи,2024-10-18,94,1.75,17.3,6.45,12.0,False,Комплексное,A
Белокочанная,2024-03-10,113,2.49,22.4,5.66,9.3,False,Комплексное,B
Краснокочанная,2026-02-10,134,1.78,22.6,6.49,13.6,False,Минеральное,A
Брюссельская,2026-02-08,114,0.73,8.5,7.21,12.0,False,Органическое,A
Савойская,2025-04-25,107,1.62,17.4,7.28,18.3,False,Комплексное,B
Краснокочанная,2024-08-28,152,2.13,17.7,7.6,9.7,False,Органическое,B
Белокочанная,2024-05-07,116,3.37,27.5,6.8,12.3,False,Комплексное,A
Кольраби,2026-05-31,70,0.4,10.4,5.58,12.7,True,Минеральное,B
Краснокочанная,2024-07-18,149,2.8,21.8,5.59,18.2,False,Минеральное,B
Пекинская,2025-10-07,64,0.54,12.4,5.92,12.2,False,Без удобрений,B
Краснокочанная,2025-10-02,108,1.21,22.0,5.62,10.8,False,Комплексное,B
Кольраби,2024-04-01,73,0.86,11.2,6.84,14.5,True,Комплексное,B
Кольраби,2025-04-29,70,0.99,10.6,5.54,16.1,False,Минеральное,B
Кольраби,2025-09-19,57,0.87,7.0,5.62,9.3,False,Минеральное,B
Брокколи,2024-12-23,85,0.67,19.2,5.63,10.0,False,Минеральное,B
Пекинская,2024-06-08,82,0.97,11.9,5.41,15.6,False,Органическое,B
Брюссельская,2025-01-14,116,1.21,4.0,7.6,14.7,False,Комплексное,B
Пекинская,2026-01-07,78,2.05,12.9,6.94,12.2,False,Минеральное,A
Брюссельская,2024-04-04,96,0.95,6.9,6.33,11.4,False,Комплексное,A
Кольраби,2025-11-10,71,0.49,10.1,7.41,10.0,True,Биоудобрение,D
Савойская,2025-07-19,122,0.96,20.8,5.97,18.7,False,Биоудобрение,B
Белокочанная,2026-05-29,119,1.39,19.0,7.29,10.6,True,Органическое,C
Кольраби,2025-09-28,85,0.43,9.7,6.7,17.8,False,Органическое,B
Брокколи,2025-06-12,99,0.91,9.9,7.35,8.3,False,Комплексное,B
Краснокочанная,2026-04-15,137,2.04,13.4,5.85,8.4,False,Комплексное,A
Краснокочанная,2026-06-08,113,2.24,19.9,5.53,18.8,True,Комплексное,C
Брокколи,2026-04-12,98,1.19,15.0,5.57,14.4,False,Комплексное,A
Брокколи,2026-03-23,88,1.04,12.9,5.42,5.7,True,Органическое,D
Савойская,2026-03-25,112,1.88,19.7,6.11,16.3,False,Без удобрений,C
Краснокочанная,2026-02-16,148,2.99,23.9,6.86,5.2,False,Комплексное,B
Савойская,2026-02-02,99,2.18,21.7,6.06,10.2,False,Комплексное,A
Брокколи,2024-11-28,87,0.58,10.1,5.58,12.3,False,Комплексное,A
Савойская,2025-07-04,130,2.16,22.9,6.37,6.7,False,Минеральное,A
Кольраби,2024-10-20,67,0.59,8.8,7.45,16.7,False,Биоудобрение,B
Краснокочанная,2024-11-24,149,1.52,14.8,7.42,14.6,True,Комплексное,C
Брокколи,2024-07-24,79,1.07,9.6,7.04,8.7,False,Комплексное,A
Краснокочанная,2024-10-21,112,1.79,19.2,5.39,17.0,False,Без удобрений,C
Краснокочанная,2024-09-24,144,1.33,16.0,7.56,10.5,False,Без удобрений,B
Брокколи,2025-12-02,85,1.3,14.9,6.01,7.5,False,Биоудобрение,B
Пекинская,2025-06-30,56,1.38,9.6,5.97,9.7,False,Органическое,A
Брокколи,2026-02-17,90,1.58,15.8,7.41,12.7,False,Минеральное,A
Кольраби,2026-02-13,60,0.79,8.4,5.33,17.1,False,Комплексное,B
Кольраби,2025-01-07,58,0.7,9.0,5.45,8.4,False,Органическое,B
Цветная,2024-03-18,85,2.0,17.8,6.29,8.9,False,Минеральное,A
Краснокочанная,2025-10-05,149,1.72,17.1,6.15,14.6,False,Комплексное,A
Краснокочанная,2026-02-28,133,2.18,20.7,7.46,11.8,True,Органическое,C
Савойская,2025-05-05,101,2.94,20.5,6.1,10.5,False,Комплексное,A
Брюссельская,2025-08-18,125,0.72,5.3,6.83,18.3,False,Минеральное,A
Краснокочанная,2026-02-07,126,1.78,21.4,5.38,6.6,False,Минеральное,C
Кольраби,2025-05-13,89,0.62,9.7,6.37,11.6,False,Комплексное,A
Белокочанная,2024-11-16,145,2.65,14.0,5.29,21.4,True,Комплексное,D
Кольраби,2024-06-12,66,0.98,7.1,5.88,7.8,False,Минеральное,B
Цветная,2024-10-21,99,1.27,16.3,7.48,13.5,False,Без удобрений,B
Цветная,2025-04-06,70,2.01,17.5,6.19,13.4,False,Комплексное,A
Краснокочанная,2024-05-18,124,3.03,24.1,6.92,12.4,False,Органическое,A
Брюссельская,2026-03-08,109,0.35,3.4,5.56,19.1,False,Без удобрений,C
Кольраби,2025-04-21,60,0.63,6.8,5.9,4.3,True,Биоудобрение,D
Брокколи,2024-03-29,78,1.3,13.0,6.01,20.6,False,Биоудобрение,C
Кольраби,2024-07-27,75,0.5,7.7,7.16,11.2,True,Без удобрений,D
Белокочанная,2024-08-27,126,3.33,24.2,6.66,6.9,False,Биоудобрение,A
Кольраби,2025-02-01,86,0.29,6.9,7.17,20.2,False,Комплексное,B
Брюссельская,2024-12-16,129,0.35,4.0,7.27,15.5,True,Комплексное,B
Брокколи,2024-08-30,100,0.98,12.3,6.68,13.2,False,Биоудобрение,A
Белокочанная,2026-04-26,100,3.33,26.7,5.22,7.4,False,Комплексное,B
Брокколи,2024-04-07,68,0.85,16.1,5.32,12.1,False,Минеральное,B
Пекинская,2025-10-11,49,1.48,16.5,6.84,9.6,False,Биоудобрение,A
Белокочанная,2025-10-15,128,3.01,25.0,6.01,9.0,False,Минеральное,B
Пекинская,2024-07-10,66,1.49,10.8,6.14,15.7,False,Комплексное,A
Белокочанная,2025-08-04,116,2.88,21.3,6.32,15.8,False,Органическое,A
Кольраби,2026-03-20,62,0.28,10.8,5.21,14.6,False,Биоудобрение,B
Брокколи,2025-07-21,101,0.8,17.7,5.61,10.5,False,Без удобрений,A
Краснокочанная,2025-05-24,121,2.8,25.5,7.14,14.1,False,Комплексное,A
Пекинская,2025-12-29,61,1.19,10.9,5.73,19.5,False,Биоудобрение,B
Брокколи,2025-09-23,94,0.97,11.5,7.5,14.4,False,Биоудобрение,A
Пекинская,2024-11-13,64,1.48,13.5,7.56,14.3,False,Органическое,B
Брюссельская,2024-10-03,115,0.95,5.7,6.89,13.5,False,Комплексное,A
Савойская,2025-06-11,112,0.83,17.8,5.54,3.6,False,Биоудобрение,B
Савойская,2024-12-11,112,1.25,15.7,7.27,17.1,True,Органическое,C
Брюссельская,2024-08-08,127,1.28,4.8,7.09,14.7,False,Комплексное,A
Пекинская,2025-05-04,71,0.94,11.0,5.22,12.0,False,Комплексное,B
Брокколи,2026-04-28,69,0.75,16.0,6.5,16.9,False,Органическое,A
Кольраби,2025-01-03,68,0.3,8.1,5.95,6.8,True,Минеральное,C
Брокколи,2024-03-30,78,0.56,10.1,7.49,14.1,False,Без удобрений,B
Брюссельская,2024-04-28,102,0.48,5.3,5.79,9.8,False,Минеральное,B
Краснокочанная,2025-11-29,119,2.58,17.8,5.64,9.9,False,Комплексное,B
Кольраби,2025-08-03,89,0.35,7.1,7.21,18.7,False,Органическое,B
Брокколи,2025-05-19,61,1.45,15.4,7.14,16.9,False,Комплексное,B
Кольраби,2024-04-12,74,0.78,12.5,5.36,19.0,False,Минеральное,B
Брюссельская,2024-11-21,95,1.17,7.1,7.11,16.2,False,Органическое,B
Брокколи,2025-01-01,104,1.24,16.6,6.6,13.9,True,Комплексное,B
Пекинская,2025-01-06,57,0.76,11.8,6.36,7.3,False,Органическое,B
Брюссельская,2026-05-04,111,0.44,5.0,5.63,8.7,True,Органическое,D
Брокколи,2024-07-16,82,1.16,12.4,6.14,11.7,False,Биоудобрение,A
Белокочанная,2024-10-12,128,2.23,23.4,7.43,7.0,False,Комплексное,B
Краснокочанная,2024-07-05,113,1.44,22.4,7.01,13.4,False,Комплексное,A
Брокколи,2024-06-12,69,0.86,9.9,7.34,18.8,False,Минеральное,C
Краснокочанная,2025-12-15,116,3.07,15.3,5.27,14.6,False,Комплексное,B
Краснокочанная,2024-03-02,136,2.23,21.1,7.58,15.7,False,Комплексное,B
Цветная,2024-11-17,73,0.83,21.0,6.45,19.8,False,Комплексное,A
Краснокочанная,2025-01-17,116,2.64,21.5,7.24,5.9,False,Органическое,C
Брокколи,2025-10-08,96,1.58,11.2,6.04,9.9,False,Комплексное,A
Цветная,2024-04-22,112,2.02,20.5,6.32,13.9,False,Минеральное,A
Савойская,2025-04-30,124,1.63,16.0,6.65,11.2,True,Комплексное,B
Белокочанная,2025-07-12,123,2.29,23.9,5.23,13.7,False,Органическое,B
Кольраби,2024-07-09,87,0.84,9.3,6.83,7.7,False,Без удобрений,B
Кольраби,2024-09-27,80,0.66,13.4,5.86,15.9,False,Минеральное,B
Пекинская,2025-05-27,61,0.98,15.3,6.56,9.2,True,Комплексное,B
Брюссельская,2026-01-30,120,0.85,8.7,6.17,12.3,False,Биоудобрение,A
Кольраби,2024-04-07,84,0.67,8.2,7.42,13.2,True,Органическое,C
Кольраби,2026-05-23,62,0.73,8.7,6.38,16.0,False,Минеральное,A
Белокочанная,2025-10-22,123,3.71,16.0,7.02,15.2,False,Органическое,A
Цветная,2024-07-11,118,2.23,15.3,7.16,14.5,False,Комплексное,A
Белокочанная,2026-04-17,137,2.54,18.5,7.28,18.0,False,Биоудобрение,B
Кольраби,2024-04-27,78,0.78,8.9,7.49,15.9,False,Без удобрений,C
Белокочанная,2024-09-18,117,3.0,17.9,6.9,9.6,False,Комплексное,A
Брюссельская,2025-07-29,97,1.39,5.8,6.84,10.1,False,Комплексное,A
Белокочанная,2026-02-03,122,3.02,24.2,6.62,12.0,False,Минеральное,A
Цветная,2024-05-13,107,1.46,22.0,7.23,13.6,False,Органическое,A
Брокколи,2026-05-29,84,1.64,10.3,7.14,12.1,False,Минеральное,B
Краснокочанная,2024-08-23,124,2.76,20.2,6.28,14.8,True,Минеральное,C
Краснокочанная,2025-04-24,111,1.75,19.8,6.92,9.7,True,Биоудобрение,C
Пекинская,2024-10-29,57,1.13,9.6,7.37,4.6,False,Минеральное,C
Брюссельская,2025-12-18,129,1.03,7.7,6.38,18.5,False,Без удобрений,B
Цветная,2025-03-11,82,1.79,21.5,5.55,8.4,False,Комплексное,B
Белокочанная,2025-09-18,141,1.01,23.1,5.67,9.9,True,Органическое,D
Пекинская,2025-12-02,62,1.62,14.0,6.39,15.2,False,Комплексное,A
Кольраби,2025-11-15,63,0.89,12.5,7.31,11.9,False,Органическое,B
Савойская,2026-01-25,113,2.69,21.2,7.01,10.9,False,Биоудобрение,A
Белокочанная,2025-08-04,119,3.78,22.5,7.13,13.5,False,Минеральное,A
Пекинская,2024-11-07,64,1.14,9.1,5.52,12.4,True,Органическое,C
Краснокочанная,2025-04-02,146,1.51,15.9,5.63,15.4,True,Минеральное,C
Краснокочанная,2026-02-04,104,1.64,14.8,5.81,15.0,False,Комплексное,A
Краснокочанная,2024-11-25,122,2.59,14.6,7.3,19.6,False,Органическое,B
Краснокочанная,2026-02-08,121,2.9,15.7,5.51,12.5,False,Биоудобрение,A
Савойская,2024-10-10,106,2.16,14.6,6.99,10.3,False,Органическое,B
Брокколи,2025-05-26,79,1.68,12.8,6.25,18.0,False,Органическое,A
Краснокочанная,2024-09-13,127,1.52,18.3,7.14,11.0,True,Органическое,C
Пекинская,2024-03-02,55,1.08,11.4,7.3,10.9,True,Без удобрений,D
Краснокочанная,2024-06-15,103,2.21,21.4,6.89,16.3,False,Минеральное,A
Белокочанная,2026-02-23,116,3.8,20.7,7.09,11.9,False,Органическое,B
Брюссельская,2025-10-07,109,0.8,5.4,7.08,18.7,False,Биоудобрение,B
Цветная,2025-05-25,96,1.19,17.1,5.92,14.3,False,Органическое,A
Савойская,2026-03-01,139,0.92,19.6,5.83,9.9,True,Минеральное,C
Пекинская,2026-02-19,56,0.87,8.3,7.54,10.3,False,Без удобрений,C
Белокочанная,2024-06-23,93,1.66,21.1,7.13,12.1,False,Минеральное,A
Пекинская,2026-02-10,80,1.92,18.8,6.7,12.0,False,Органическое,A
Брокколи,2026-04-25,96,1.09,12.4,6.34,15.6,False,Комплексное,A
Цветная,2025-12-20,76,1.74,21.4,7.28,13.0,False,Органическое,A
Кольраби,2026-02-16,83,0.79,8.6,5.71,4.7,False,Комплексное,B
Белокочанная,2024-06-04,100,3.54,22.8,7.56,11.6,False,Биоудобрение,B
Цветная,2025-03-19,77,1.48,16.7,6.34,18.2,True,Биоудобрение,C
Белокочанная,2025-09-19,124,2.0,16.1,6.58,12.5,False,Биоудобрение,A
Краснокочанная,2024-08-15,105,1.85,18.1,7.3,4.8,False,Комплексное,C
Кольраби,2026-03-13,84,0.55,9.5,5.34,5.0,False,Без удобрений,C
Брюссельская,2025-06-09,108,0.68,5.7,7.43,15.4,False,Минеральное,B
Савойская,2025-03-01,125,2.62,22.7,5.52,10.3,False,Комплексное,B
Краснокочанная,2024-06-22,122,2.51,17.7,5.59,13.3,False,Минеральное,B
Брюссельская,2024-03-21,119,0.59,7.3,6.36,12.5,False,Органическое,A
Цветная,2025-11-11,82,1.79,13.8,6.92,13.8,False,Органическое,A
Савойская,2025-09-09,132,2.38,18.2,6.62,16.7,True,Органическое,C
Пекинская,2025-09-08,58,0.96,12.5,5.71,10.0,False,Комплексное,B
Краснокочанная,2024-07-15,104,2.96,19.8,7.2,11.4,False,Органическое,A
Брюссельская,2025-11-19,119,0.55,4.7,6.96,16.7,False,Минеральное,B
Цветная,2024-04-23,113,1.41,21.6,6.68,15.5,False,Органическое,A
Пекинская,2025-09-18,78,1.15,15.3,6.96,10.1,False,Минеральное,B
Белокочанная,2025-01-29,124,3.01,17.1,7.2,7.8,False,Минеральное,B
Белокочанная,2025-01-26,111,1.6,25.2,7.47,11.1,False,Органическое,B
Белокочанная,2025-04-30,109,3.92,22.6,5.78,12.7,False,Минеральное,A
Краснокочанная,2025-11-09,142,2.48,19.1,5.54,11.5,False,Органическое,A
Белокочанная,2024-11-16,119,2.57,14.1,7.07,13.4,False,Органическое,A
Краснокочанная,2026-03-26,143,2.26,15.6,6.38,12.2,False,Минеральное,A
Кольраби,2026-04-01,78,0.53,10.1,5.37,13.6,False,Органическое,A
Пекинская,2024-07-31,51,1.14,12.6,5.51,15.5,False,Минеральное,B
Брюссельская,2024-05-21,95,1.16,6.5,6.86,3.0,False,Комплексное,B
Брюссельская,2025-02-22,94,0.96,8.9,6.87,14.0,False,Биоудобрение,A
Брюссельская,2024-03-10,130,1.06,8.4,6.07,10.9,False,Биоудобрение,A
Белокочанная,2025-06-26,112,1.53,17.2,6.94,6.9,False,Органическое,B
Савойская,2025-04-02,109,2.23,15.2,6.29,11.2,False,Органическое,A
Краснокочанная,2025-05-26,121,1.41,15.3,7.29,16.2,False,Минеральное,B
Савойская,2026-03-19,104,2.23,15.6,5.53,5.6,False,Биоудобрение,B
Пекинская,2025-02-11,68,1.16,11.2,6.46,14.1,True,Органическое,C
Пекинская,2025-03-11,66,1.1,16.6,5.95,14.8,False,Органическое,A
Брюссельская,2024-03-24,98,1.05,4.6,5.35,8.0,False,Органическое,B
Краснокочанная,2024-06-21,126,1.99,14.5,5.23,8.8,False,Без удобрений,C
Белокочанная,2024-03-27,93,2.44,24.7,6.22,13.0,False,Органическое,B
Брюссельская,2025-06-20,123,1.14,3.9,7.36,15.3,False,Биоудобрение,B
Савойская,2024-12-28,128,1.6,21.9,6.01,10.3,False,Комплексное,A
Кольраби,2025-01-25,81,0.48,6.9,5.55,15.1,False,Органическое,B
Савойская,2024-03-28,126,1.32,20.9,6.55,9.6,False,Комплексное,A
Брокколи,2024-07-18,75,0.76,11.5,5.23,12.9,False,Минеральное,B
Кольраби,2024-11-27,86,0.61,7.4,5.54,12.5,False,Без удобрений,B
Краснокочанная,2025-05-03,113,1.8,17.3,7.32,15.6,False,Органическое,B
Брокколи,2025-09-25,96,1.2,10.7,5.22,13.4,False,Биоудобрение,B
Брюссельская,2025-05-28,92,0.86,6.1,6.17,16.5,False,Органическое,A
Кольраби,2024-08-14,59,0.56,8.1,5.36,13.8,False,Без удобрений,C
Белокочанная,2026-03-01,125,2.21,17.1,6.91,11.8,False,Минеральное,A
Пекинская,2026-05-18,79,0.66,11.2,7.54,21.9,False,Минеральное,C
Цветная,2026-04-24,112,1.13,13.5,5.88,12.0,True,Комплексное,B
Пекинская,2025-03-07,49,1.71,12.8,5.27,18.2,False,Органическое,C
Пекинская,2024-07-09,57,1.33,9.5,6.57,7.4,True,Биоудобрение,C
Кольраби,2026-01-02,90,1.03,9.9,5.22,13.7,False,Органическое,B
Савойская,2026-01-21,106,0.75,19.7,6.97,18.6,True,Минеральное,C
Брокколи,2026-04-19,72,1.61,12.6,6.6,10.5,False,Минеральное,A
Кольраби,2025-06-25,90,0.34,7.3,5.69,10.3,True,Минеральное,C
Брюссельская,2026-02-20,101,1.01,7.0,6.87,11.6,False,Органическое,A
Брокколи,2025-11-08,71,1.28,10.9,7.32,11.6,True,Комплексное,C
Кольраби,2026-04-30,62,0.99,8.2,5.97,15.5,False,Органическое,A
Савойская,2025-09-26,125,2.22,15.5,6.11,14.4,False,Органическое,A
Краснокочанная,2026-01-16,102,2.65,16.7,5.74,10.1,False,Органическое,B
Кольраби,2024-07-30,93,0.45,8.7,6.62,14.0,True,Биоудобрение,B
Брюссельская,2024-12-19,121,0.39,7.2,6.44,18.7,False,Без удобрений,B
Белокочанная,2026-05-25,110,2.98,14.7,7.21,10.5,True,Минеральное,C
Цветная,2026-04-17,99,1.08,21.7,6.27,18.3,False,Комплексное,A
Краснокочанная,2025-08-28,110,2.66,16.9,6.92,15.1,True,Комплексное,C
Брокколи,2024-10-05,73,1.36,16.0,6.59,17.6,False,Органическое,A
Пекинская,2026-05-27,64,0.77,12.9,5.81,7.8,False,Минеральное,B
Белокочанная,2025-03-15,92,1.5,17.3,7.59,8.8,False,Комплексное,A
Савойская,2025-09-16,96,2.32,15.6,6.13,7.3,False,Комплексное,A
Кольраби,2024-07-06,60,0.36,8.0,5.26,16.8,False,Органическое,B
Брюссельская,2025-04-27,116,1.22,6.3,6.83,13.3,True,Минеральное,C
Цветная,2025-08-17,101,1.88,15.0,5.39,13.8,False,Органическое,B
Брокколи,2025-04-22,60,1.45,17.8,6.82,4.9,False,Органическое,B
Брокколи,2025-07-07,66,0.78,15.9,7.24,8.6,True,Комплексное,D
Краснокочанная,2026-04-07,133,1.43,18.5,7.46,21.6,True,Комплексное,D
Савойская,2025-06-10,99,2.09,15.7,6.8,14.8,True,Комплексное,B
Пекинская,2024-09-20,78,1.16,15.7,6.53,6.9,True,Комплексное,C
Брокколи,2024-09-23,67,0.56,16.5,7.23,15.1,True,Органическое,C
Цветная,2024-05-23,107,0.69,16.3,5.92,13.6,False,Без удобрений,B
Цветная,2024-08-27,99,1.27,12.6,6.82,6.4,False,Биоудобрение,B
Кольраби,2026-04-26,59,0.47,6.7,5.66,13.4,False,Без удобрений,B
Кольраби,2025-05-08,79,0.91,9.1,6.94,9.1,False,Комплексное,A
Пекинская,2025-06-10,74,0.97,16.8,5.74,18.2,False,Комплексное,A
Кольраби,2024-09-12,74,0.39,10.3,6.75,13.1,False,Органическое,A
Белокочанная,2024-08-27,100,3.63,15.6,6.3,16.5,False,Органическое,A
Кольраби,2025-03-02,73,0.56,10.7,6.02,16.7,False,Без удобрений,B
Краснокочанная,2024-07-14,106,2.52,20.6,7.09,2.0,False,Органическое,C
Краснокочанная,2024-04-06,145,2.34,22.2,5.42,11.7,False,Органическое,B
Белокочанная,2026-06-04,125,3.9,26.2,6.94,12.1,False,Органическое,A
Савойская,2025-09-09,134,0.95,16.0,5.95,17.3,False,Органическое,A
Краснокочанная,2026-04-29,122,1.47,19.6,6.5,8.9,False,Биоудобрение,A
Брюссельская,2024-06-24,124,0.91,7.9,6.66,20.5,False,Органическое,A
Цветная,2025-04-27,82,1.7,18.4,6.43,12.1,False,Минеральное,A
Белокочанная,2026-03-19,114,1.82,24.7,7.46,10.3,False,Минеральное,A
Брюссельская,2025-08-21,123,0.44,4.3,6.34,16.9,False,Комплексное,A
Брюссельская,2026-05-29,92,0.45,7.5,7.42,9.2,False,Органическое,C
Цветная,2025-10-14,105,0.98,12.1,7.21,11.0,False,Без удобрений,B
Кольраби,2024-11-06,58,0.56,10.5,7.49,10.4,False,Биоудобрение,B
Белокочанная,2025-11-24,99,1.61,27.2,5.39,9.9,False,Комплексное,B
Цветная,2025-05-22,85,1.04,14.9,6.89,14.3,False,Комплексное,A
Брокколи,2026-02-11,94,0.67,9.1,6.02,12.7,True,Комплексное,B
Савойская,2025-06-19,140,0.83,16.9,5.61,15.3,True,Органическое,C
Савойская,2026-01-06,116,2.08,16.9,6.28,13.5,False,Комплексное,A
Пекинская,2026-05-10,78,1.52,15.2,5.53,14.6,True,Органическое,D
Кольраби,2024-12-09,62,0.46,9.7,5.52,11.0,False,Комплексное,A
Пекинская,2025-12-18,46,1.49,17.8,6.33,7.9,False,Комплексное,B
Краснокочанная,2024-12-18,117,1.76,13.9,5.36,10.0,False,Без удобрений,C
Цветная,2025-12-07,114,1.91,21.7,5.87,10.0,False,Комплексное,B
Цветная,2025-09-26,99,1.88,14.7,6.58,13.5,False,Биоудобрение,A
Пекинская,2025-06-05,51,0.81,17.2,7.16,10.1,False,Биоудобрение,C
Белокочанная,2026-02-18,106,3.67,26.4,5.4,11.7,False,Органическое,B
Брокколи,2025-03-05,82,0.97,12.9,5.29,11.5,False,Без удобрений,C
Цветная,2025-11-06,95,1.42,20.4,7.29,20.5,False,Комплексное,B
Пекинская,2024-12-16,70,0.74,11.4,6.18,12.7,False,Минеральное,A
Кольраби,2024-07-21,92,0.68,11.0,7.6,10.3,False,Биоудобрение,B
Цветная,2025-12-16,99,1.07,18.1,5.68,8.6,False,Комплексное,A
Белокочанная,2026-03-15,132,2.22,20.9,7.02,6.7,True,Биоудобрение,D
Кольраби,2025-10-12,58,0.48,9.1,7.47,9.8,False,Органическое,B
Цветная,2026-06-10,109,2.14,20.2,7.18,10.2,False,Биоудобрение,A
Белокочанная,2025-03-19,92,3.58,21.5,5.78,14.1,False,Без удобрений,B
Цветная,2024-06-20,75,1.46,17.1,5.21,21.5,False,Органическое,C
Брюссельская,2025-05-03,92,0.64,4.8,5.54,19.9,False,Органическое,B
Цветная,2024-11-25,84,1.02,16.1,5.39,16.6,False,Минеральное,C
Краснокочанная,2025-11-30,128,3.37,14.5,7.26,11.6,False,Комплексное,B
Цветная,2025-03-23,116,1.36,15.2,5.71,12.7,True,Органическое,D
Кольраби,2025-09-23,82,0.91,11.5,7.19,11.6,False,Минеральное,B
Савойская,2025-07-28,100,1.92,13.6,5.22,12.1,False,Органическое,B
Савойская,2026-05-04,123,1.98,18.6,7.49,13.2,False,Органическое,B
Цветная,2024-10-29,112,1.49,15.2,5.83,12.9,False,Минеральное,A
Брокколи,2024-05-08,94,1.27,15.4,5.8,7.5,False,Минеральное,C
Савойская,2025-04-06,105,2.66,22.7,6.21,9.1,False,Биоудобрение,A
Брюссельская,2025-01-06,112,0.7,7.3,7.53,11.6,False,Комплексное,A
Краснокочанная,2026-01-26,143,2.12,19.8,7.51,19.0,False,Биоудобрение,B
Брокколи,2024-07-03,94,1.54,11.0,5.82,16.7,False,Биоудобрение,B
Краснокочанная,2026-01-31,137,1.48,16.7,6.46,10.8,False,Органическое,B
Белокочанная,2025-07-12,96,2.42,25.4,5.51,21.8,False,Комплексное,B
Белокочанная,2025-12-17,142,3.18,15.2,7.21,9.7,True,Минеральное,B
Савойская,2025-07-28,110,1.75,16.9,7.3,20.0,True,Органическое,D
Брокколи,2026-06-05,79,1.19,11.3,7.03,15.0,True,Органическое,C
Цветная,2025-11-27,109,1.8,13.5,5.46,15.7,False,Органическое,B
Пекинская,2025-09-13,73,1.78,13.7,6.48,11.1,False,Минеральное,A
Савойская,2026-04-08,97,1.99,17.2,6.65,14.4,False,Минеральное,A
Краснокочанная,2024-09-11,111,1.44,20.8,5.42,12.9,False,Комплексное,B
Брюссельская,2026-02-23,98,0.7,5.6,6.62,17.1,False,Комплексное,A
Кольраби,2025-01-15,72,0.56,12.5,5.36,9.5,False,Комплексное,B
Брокколи,2024-03-31,102,0.93,11.6,7.56,11.8,True,Биоудобрение,C
Брюссельская,2025-12-05,92,0.86,7.1,5.86,3.3,False,Без удобрений,D
Краснокочанная,2025-08-03,120,3.03,17.5,5.88,14.1,False,Комплексное,A
Пекинская,2024-08-26,50,0.87,12.6,5.52,7.8,False,Комплексное,B
Цветная,2026-06-13,111,0.85,22.3,7.49,12.1,False,Комплексное,B
Брюссельская,2025-02-17,90,0.65,6.7,6.74,16.2,False,Без удобрений,A
Брокколи,2026-04-13,96,1.11,11.7,6.54,10.1,False,Комплексное,A
Пекинская,2024-10-25,81,1.81,12.5,7.41,13.8,False,Минеральное,B
Савойская,2026-04-14,129,1.92,14.8,7.19,11.3,False,Минеральное,A
Кольраби,2025-07-18,59,1.16,13.3,7.05,12.9,False,Комплексное,A
Белокочанная,2024-12-11,98,3.44,25.1,5.72,13.9,False,Минеральное,B
Савойская,2026-01-24,130,1.82,16.2,6.36,8.5,False,Минеральное,B
Краснокочанная,2024-12-05,149,2.61,18.7,5.26,7.4,False,Минеральное,B
Брюссельская,2025-05-26,122,0.58,7.0,5.31,8.7,False,Минеральное,C
Пекинская,2024-09-01,60,0.84,17.5,6.49,11.9,False,Комплексное,A
Кольраби,2024-05-29,94,0.29,7.3,7.21,17.8,True,Комплексное,C
Кольраби,2025-06-12,83,0.91,8.5,6.06,9.4,False,Органическое,B
Цветная,2024-12-06,83,1.55,20.1,6.59,11.1,False,Минеральное,A
Краснокочанная,2026-02-20,142,1.71,17.4,6.95,7.5,False,Комплексное,B
Пекинская,2024-11-05,55,1.77,11.7,6.05,9.5,False,Комплексное,A
Кольраби,2025-07-25,87,0.61,7.0,6.29,13.4,False,Органическое,A
Савойская,2024-10-04,109,1.88,15.8,6.24,14.1,False,Комплексное,A
Цветная,2026-06-12,75,2.02,19.2,5.92,14.4,False,Комплексное,A
Брокколи,2026-01-23,96,1.7,18.1,6.27,17.2,False,Комплексное,A
Цветная,2026-01-25,83,0.53,16.0,5.45,6.9,False,Без удобрений,C
Савойская,2024-06-12,104,1.52,19.2,6.8,12.8,False,Минеральное,A
Брюссельская,2026-04-01,130,0.74,5.4,5.76,12.5,False,Без удобрений,B
Пекинская,2025-08-15,60,0.72,11.4,5.31,9.9,False,Минеральное,B
Цветная,2024-10-18,114,0.67,15.8,6.24,9.6,True,Органическое,C
Савойская,2024-06-07,104,1.99,15.8,6.28,7.4,False,Органическое,A
Брокколи,2025-07-06,90,0.78,9.9,5.46,11.7,False,Органическое,A
Брокколи,2025-05-31,84,0.92,15.6,7.24,13.0,True,Комплексное,C
Цветная,2024-09-12,77,1.3,12.4,6.03,9.9,True,Органическое,C
Савойская,2024-03-30,102,2.08,16.3,7.04,11.6,False,Комплексное,A
Краснокочанная,2026-06-04,118,2.37,15.6,6.71,11.0,False,Без удобрений,A
Брокколи,2026-04-02,99,0.95,15.2,5.29,19.1,False,Минеральное,C
Краснокочанная,2025-06-10,104,2.16,24.9,6.42,9.0,False,Комплексное,A
Брокколи,2024-09-24,77,0.56,17.7,6.86,20.2,False,Биоудобрение,B
Пекинская,2024-10-03,72,0.95,10.7,6.25,7.9,False,Органическое,B
Краснокочанная,2026-01-02,133,1.68,20.1,6.94,13.8,True,Органическое,C
Савойская,2025-04-07,130,1.47,19.6,7.15,6.0,False,Минеральное,B
Брюссельская,2024-05-14,126,1.06,4.7,6.45,12.7,False,Комплексное,A
Пекинская,2026-04-28,79,0.46,16.2,5.55,4.5,False,Комплексное,B
Кольраби,2024-08-02,82,0.58,8.7,6.99,18.0,False,Органическое,B
Кольраби,2026-06-15,66,0.75,11.2,6.13,12.1,False,Комплексное,A
Пекинская,2025-11-22,82,1.72,11.0,7.49,9.6,False,Органическое,C
Белокочанная,2024-06-14,95,3.66,20.0,5.9,20.5,False,Органическое,B
Савойская,2025-07-13,102,1.33,13.1,5.33,17.1,False,Минеральное,B
Цветная,2025-03-14,89,0.8,12.2,6.28,7.5,False,Органическое,A
Брюссельская,2026-02-24,118,0.96,8.4,6.45,15.4,False,Биоудобрение,A
Белокочанная,2024-05-25,122,3.45,21.9,7.51,16.4,False,Комплексное,A
Краснокочанная,2025-11-06,108,2.03,13.1,5.68,16.3,False,Минеральное,B
Белокочанная,2024-09-25,99,2.83,14.9,7.13,17.0,False,Органическое,B
Пекинская,2026-06-01,74,0.81,11.7,6.88,9.7,False,Комплексное,A
Пекинская,2026-05-20,53,1.61,10.7,6.69,10.0,False,Комплексное,A
Савойская,2024-09-20,135,1.56,15.7,7.52,7.2,False,Комплексное,C
Брокколи,2024-03-27,87,0.88,9.3,5.49,16.6,False,Биоудобрение,B
Цветная,2025-03-08,113,1.74,11.3,6.09,19.2,False,Комплексное,A
Брокколи,2026-01-30,90,0.35,13.0,7.6,7.2,False,Без удобрений,C
Пекинская,2025-09-04,62,1.15,9.7,5.28,19.4,False,Комплексное,B
Краснокочанная,2024-03-14,104,2.19,20.5,6.65,6.9,False,Минеральное,B
Краснокочанная,2025-05-17,106,2.01,16.4,5.99,12.0,False,Минеральное,A
Пекинская,2025-02-02,52,1.16,11.4,6.42,16.3,True,Органическое,C
Белокочанная,2025-12-29,94,2.83,24.8,7.33,13.0,False,Без удобрений,B
Савойская,2024-10-17,113,1.97,20.4,5.51,11.2,False,Комплексное,A
Краснокочанная,2024-08-25,112,1.79,13.7,6.83,13.2,False,Комплексное,A
Савойская,2024-07-22,131,1.97,13.7,7.56,18.1,True,Органическое,D
Пекинская,2024-03-13,73,1.81,16.6,6.65,12.7,False,Комплексное,A
Кольраби,2025-05-04,73,0.74,8.0,7.18,9.6,False,Биоудобрение,B
Кольраби,2025-08-07,57,0.41,10.7,5.91,6.3,False,Минеральное,B
Брокколи,2024-10-04,79,1.14,16.7,6.35,13.9,True,Без удобрений,C
Краснокочанная,2025-04-09,119,3.27,17.0,5.77,18.9,False,Комплексное,B
Пекинская,2025-04-27,53,1.41,15.1,7.15,17.1,False,Органическое,A
Пекинская,2024-09-08,59,1.03,11.7,7.42,8.5,True,Комплексное,C
Белокочанная,2024-03-17,101,2.86,20.3,6.61,11.4,False,Без удобрений,A
Белокочанная,2025-10-10,126,3.89,23.2,7.07,9.7,False,Комплексное,A
Краснокочанная,2026-04-16,142,1.0,16.6,7.2,20.5,True,Органическое,D
Краснокочанная,2024-10-04,118,2.52,20.9,6.51,12.8,True,Органическое,B
Савойская,2025-11-27,99,1.68,19.0,5.99,14.0,True,Органическое,C
Савойская,2024-03-25,117,1.7,15.5,7.05,12.2,False,Органическое,A
Брокколи,2026-02-22,80,0.77,13.8,5.59,15.8,False,Минеральное,B
Цветная,2025-11-21,105,1.2,12.3,6.21,16.9,True,Комплексное,C
Савойская,2025-06-12,130,1.94,15.1,6.78,6.2,False,Комплексное,B
Белокочанная,2024-10-23,111,1.56,21.4,7.53,10.4,False,Без удобрений,B
Кольраби,2026-02-14,84,0.38,14.3,6.55,15.9,False,Комплексное,A
Савойская,2025-08-31,128,1.55,18.8,7.33,17.9,False,Комплексное,B
Цветная,2024-07-31,90,1.92,19.5,5.37,13.1,False,Без удобрений,B
Цветная,2025-02-24,78,1.78,16.0,6.56,8.9,False,Без удобрений,A
Белокочанная,2026-03-14,104,3.28,18.6,6.8,14.0,False,Органическое,B
Краснокочанная,2025-04-26,140,2.16,21.9,6.58,10.0,False,Органическое,B
Савойская,2024-12-02,102,1.65,19.2,6.84,10.7,False,Минеральное,A
Пекинская,2025-02-10,84,0.75,14.5,6.78,19.5,True,Органическое,D
Цветная,2025-10-14,90,1.07,11.4,6.64,21.0,False,Минеральное,B
Брюссельская,2025-07-24,94,0.76,5.0,6.96,19.4,False,Без удобрений,B
Белокочанная,2024-03-24,112,2.09,21.6,6.94,18.7,True,Минеральное,D
Цветная,2026-01-19,71,0.88,18.0,7.01,8.6,False,Минеральное,A
Брюссельская,2025-08-20,106,0.44,4.4,5.92,10.7,False,Комплексное,A
Савойская,2025-11-03,130,1.24,19.5,6.19,17.0,False,Органическое,B
Цветная,2024-07-26,112,1.61,16.4,6.85,9.0,False,Органическое,B
Цветная,2025-10-20,111,1.8,15.1,5.9,16.1,False,Минеральное,B
Краснокочанная,2026-06-12,146,2.28,13.7,7.38,13.7,False,Органическое,B
Брокколи,2024-09-20,87,1.24,13.9,5.72,7.8,False,Минеральное,C
Краснокочанная,2024-10-26,103,2.05,18.9,6.2,10.0,False,Минеральное,A
Савойская,2026-01-18,132,2.89,16.1,6.49,19.0,False,Комплексное,A
Брюссельская,2024-05-31,96,1.12,4.9,6.74,15.0,False,Биоудобрение,A
Краснокочанная,2024-12-02,150,1.96,21.2,5.61,14.8,False,Комплексное,B
Брюссельская,2024-10-10,128,1.48,7.0,6.5,13.8,False,Комплексное,A
Белокочанная,2024-09-14,140,3.72,24.0,5.8,13.6,False,Биоудобрение,B
Брюссельская,2025-10-15,98,0.74,5.8,5.88,9.3,False,Биоудобрение,B
Краснокочанная,2024-12-07,106,2.03,23.1,6.64,9.7,False,Биоудобрение,A
Савойская,2025-01-14,133,2.69,24.0,5.62,13.2,False,Комплексное,A
Краснокочанная,2026-01-21,127,1.04,13.4,5.45,16.6,False,Комплексное,B
Краснокочанная,2025-07-06,129,2.17,16.9,5.61,18.8,False,Без удобрений,C
Краснокочанная,2025-02-23,132,1.36,23.6,5.61,18.9,False,Комплексное,B
Цветная,2025-12-29,106,2.29,14.6,7.53,12.4,False,Минеральное,B
Цветная,2025-12-23,99,2.17,13.1,5.24,13.2,False,Комплексное,B
Кольраби,2025-01-11,85,0.95,12.1,6.65,6.3,False,Биоудобрение,B
Брокколи,2024-10-26,65,1.29,15.2,6.04,10.4,False,Биоудобрение,A
Брюссельская,2025-01-22,126,0.94,6.7,5.94,16.7,False,Биоудобрение,B
Кольраби,2025-11-12,62,0.65,13.0,6.91,14.1,False,Комплексное,A
Кольраби,2025-04-13,56,0.93,9.6,6.25,13.6,False,Минеральное,A
Краснокочанная,2024-12-23,120,1.09,15.5,7.51,8.1,False,Без удобрений,B
Белокочанная,2026-06-15,108,4.45,18.8,6.54,15.3,False,Органическое,A
Савойская,2025-01-18,120,1.46,15.2,6.5,14.3,False,Органическое,A
Брокколи,2026-04-22,75,0.91,9.6,5.44,7.6,False,Органическое,B
Краснокочанная,2024-03-03,150,1.64,14.4,5.96,7.6,False,Без удобрений,C
Кольраби,2024-06-24,70,0.68,11.6,7.27,11.7,False,Органическое,B
Белокочанная,2025-11-27,116,2.47,24.0,5.46,11.8,False,Без удобрений,B
Брюссельская,2025-06-17,106,1.22,6.6,6.69,7.2,False,Минеральное,B
Краснокочанная,2024-03-15,149,2.4,20.0,6.67,21.3,False,Органическое,B
Савойская,2024-09-04,125,2.07,16.9,5.78,13.8,False,Биоудобрение,A
Белокочанная,2025-12-27,95,2.25,18.3,5.36,4.5,False,Минеральное,C
Кольраби,2025-07-22,87,0.58,7.8,6.17,19.4,False,Биоудобрение,B
Пекинская,2025-11-08,66,1.28,14.2,6.39,14.1,False,Органическое,A
Брюссельская,2025-07-27,132,0.35,7.3,7.46,7.0,False,Минеральное,C
Кольраби,2025-03-02,61,0.47,11.7,5.22,13.3,False,Органическое,B
Пекинская,2024-05-11,68,1.52,12.5,6.05,13.5,False,Минеральное,A
Брюссельская,2026-05-14,119,1.3,5.5,5.64,12.3,False,Биоудобрение,A
Кольраби,2025-04-04,88,0.79,10.4,5.27,14.0,False,Комплексное,B
Цветная,2026-02-11,100,1.82,16.7,6.8,13.9,True,Комплексное,B
Брюссельская,2026-04-18,94,0.39,7.8,6.92,8.6,True,Комплексное,B
Краснокочанная,2026-02-22,119,3.39,18.8,6.99,12.6,False,Комплексное,A
Брюссельская,2025-12-25,120,0.82,4.8,5.64,8.3,True,Органическое,D
Савойская,2024-06-14,103,1.97,12.8,7.54,8.4,False,Органическое,B
Белокочанная,2024-05-18,132,3.79,18.8,5.69,12.4,False,Минеральное,B
Савойская,2024-07-31,115,1.93,19.3,5.87,15.9,False,Органическое,A
Кольраби,2024-09-30,59,0.6,8.6,6.63,13.9,True,Биоудобрение,B
Савойская,2026-04-19,114,2.23,15.7,7.2,14.4,True,Комплексное,C
Цветная,2025-04-22,85,1.37,16.7,6.64,20.9,False,Минеральное,A
Пекинская,2025-06-29,61,0.89,11.4,5.67,14.4,True,Биоудобрение,C
Краснокочанная,2024-07-04,109,2.11,17.5,6.48,12.3,False,Без удобрений,A
Белокочанная,2024-05-02,100,2.4,21.0,7.24,16.6,False,Минеральное,A
Белокочанная,2024-08-31,132,2.41,15.0,5.58,16.7,False,Комплексное,C
Пекинская,2026-02-01,74,1.27,13.3,6.83,13.0,False,Минеральное,A
Белокочанная,2025-11-30,123,3.78,16.1,7.35,13.6,False,Минеральное,A
Краснокочанная,2026-06-11,149,2.72,16.1,6.96,10.5,False,Минеральное,A
Белокочанная,2026-05-19,95,1.32,22.3,7.12,14.4,True,Органическое,C
Кольраби,2025-09-29,80,0.39,7.8,5.95,14.9,False,Без удобрений,B
Кольраби,2026-06-12,57,1.08,13.3,6.38,9.6,False,Минеральное,A
Пекинская,2025-04-23,47,1.08,10.1,7.31,11.3,False,Минеральное,B
Цветная,2024-07-10,74,1.96,13.2,6.33,6.8,False,Минеральное,B
Савойская,2024-07-21,104,1.58,14.1,7.4,18.4,False,Комплексное,B
Цветная,2024-05-12,71,2.14,18.9,6.15,14.6,False,Органическое,A
Пекинская,2024-07-03,63,0.83,11.6,5.96,20.8,False,Комплексное,B
Краснокочанная,2026-01-30,126,1.4,18.9,6.98,10.9,False,Минеральное,A
Кольраби,2025-11-19,62,0.7,11.1,6.0,19.8,True,Органическое,D
Пекинская,2026-05-17,56,0.55,10.7,7.48,17.4,False,Органическое,B
Цветная,2026-05-18,100,2.23,21.2,5.59,15.3,False,Органическое,B
Савойская,2025-03-22,125,0.93,16.3,6.1,15.7,True,Без удобрений,C
Савойская,2025-03-16,132,2.24,21.1,7.1,11.7,False,Комплексное,A
Брокколи,2024-12-23,81,0.88,9.7,6.74,8.3,False,Органическое,A
Брюссельская,2024-08-04,127,0.55,5.3,7.5,17.0,True,Биоудобрение,C
Белокочанная,2024-11-12,121,3.13,25.2,5.97,13.7,False,Комплексное,A
Брокколи,2026-05-28,92,1.17,15.6,6.23,20.3,True,Минеральное,C
Белокочанная,2024-03-14,117,2.02,24.1,6.2,10.8,True,Органическое,C
Савойская,2024-06-26,113,2.22,16.4,7.56,9.8,False,Органическое,B
Белокочанная,2025-06-05,96,3.88,25.3,6.24,11.0,False,Минеральное,A
Кольраби,2025-07-16,65,0.47,11.4,7.47,18.7,False,Комплексное,B
Савойская,2024-08-10,110,2.16,13.0,5.47,15.6,False,Минеральное,B
Пекинская,2024-08-29,48,0.98,11.0,5.79,13.1,False,Комплексное,A
Цветная,2024-10-11,100,1.18,16.2,6.43,15.9,True,Минеральное,B
Брюссельская,2025-11-02,105,1.18,7.0,5.32,15.3,False,Органическое,A
Кольраби,2024-07-30,85,0.58,12.4,6.95,17.1,True,Минеральное,C
Брокколи,2025-03-03,64,1.14,11.5,6.48,5.0,False,Комплексное,A
Кольраби,2026-06-09,55,0.96,8.9,6.59,13.2,False,Биоудобрение,A
Цветная,2026-04-15,107,0.93,19.5,6.79,10.9,False,Органическое,A
Белокочанная,2025-11-14,97,1.29,22.9,7.53,14.9,True,Минеральное,D
Кольраби,2025-12-22,92,0.57,8.6,7.51,17.0,False,Минеральное,B
Кольраби,2025-07-15,79,0.56,8.5,6.91,12.3,False,Без удобрений,C
Кольраби,2025-02-07,70,0.4,10.0,7.59,16.4,False,Минеральное,B
Белокочанная,2026-05-12,109,2.07,24.7,5.43,15.6,False,Органическое,B
Белокочанная,2026-05-31,95,1.92,15.3,6.27,9.8,False,Биоудобрение,B
Савойская,2025-07-24,108,0.96,15.0,5.95,16.1,False,Органическое,B
Савойская,2025-05-07,103,1.67,16.4,5.97,16.0,False,Минеральное,A
Белокочанная,2025-11-04,95,2.99,16.3,6.04,19.8,False,Комплексное,A
Брокколи,2024-06-10,94,1.2,12.9,6.04,12.9,False,Без удобрений,A
Пекинская,2024-07-01,55,1.16,11.5,6.54,2.0,False,Комплексное,B
Белокочанная,2025-11-28,124,2.22,16.9,6.26,20.4,False,Органическое,A
Кольраби,2025-12-29,85,0.82,12.5,5.84,16.6,False,Органическое,B
Брокколи,2024-12-23,82,0.55,11.1,5.59,15.7,False,Минеральное,B
Цветная,2026-02-01,92,0.93,15.9,6.5,16.4,True,Комплексное,C
Краснокочанная,2025-04-06,133,1.18,13.3,5.49,14.1,False,Биоудобрение,B
Кольраби,2024-10-22,59,0.32,9.7,6.34,9.1,True,Комплексное,C
Белокочанная,2025-12-04,125,3.88,24.5,5.39,8.5,False,Минеральное,C
Краснокочанная,2025-10-17,104,2.66,17.1,6.15,16.7,False,Биоудобрение,B
Цветная,2025-09-14,112,1.76,13.5,7.55,15.9,False,Органическое,C
Брюссельская,2026-03-21,117,0.86,8.2,6.68,8.9,False,Органическое,A
Брокколи,2025-02-01,76,1.45,13.1,7.32,8.9,False,Минеральное,B
Краснокочанная,2026-02-10,124,2.81,22.0,6.32,10.3,False,Без удобрений,B
Белокочанная,2025-04-05,135,2.67,24.4,5.72,8.3,False,Минеральное,A
Брокколи,2025-07-30,81,0.66,12.9,7.57,13.0,False,Комплексное,B
Кольраби,2024-03-12,86,1.01,13.0,7.39,11.2,False,Минеральное,A
Брокколи,2024-06-29,96,0.81,10.2,6.42,17.6,True,Минеральное,C
Брюссельская,2025-06-22,115,0.78,4.4,5.48,16.3,False,Органическое,B
Белокочанная,2024-03-26,125,3.09,26.3,6.21,17.4,False,Органическое,A
Кольраби,2026-05-06,73,0.67,8.8,5.88,14.8,True,Комплексное,C
Брюссельская,2026-01-27,123,0.62,4.3,6.1,6.4,False,Комплексное,A
Брокколи,2026-04-05,74,1.42,14.0,7.53,11.0,False,Минеральное,B
Брюссельская,2025-06-27,107,1.16,5.4,6.75,14.7,False,Органическое,A
Пекинская,2024-09-21,69,0.87,16.2,5.79,14.4,False,Минеральное,B
Брюссельская,2024-03-23,129,1.16,4.8,6.46,17.3,False,Органическое,B
Кольраби,2025-06-12,77,0.78,12.2,6.99,13.1,True,Комплексное,B
Краснокочанная,2025-06-29,122,1.19,20.3,5.77,21.5,False,Минеральное,B
Брюссельская,2024-08-16,127,0.45,6.3,6.76,9.3,True,Минеральное,D
Цветная,2024-07-15,120,1.07,17.6,5.4,14.5,True,Биоудобрение,D
Пекинская,2025-09-27,56,1.06,11.7,5.46,17.0,False,Минеральное,B
Кольраби,2025-06-22,72,0.95,9.4,5.26,8.9,False,Органическое,B
Пекинская,2025-03-24,67,1.89,17.8,5.75,13.6,False,Комплексное,B
Пекинская,2025-04-22,64,1.29,10.4,5.8,14.6,False,Без удобрений,B
Савойская,2025-04-10,95,1.62,18.6,6.34,14.4,False,Биоудобрение,A
Пекинская,2026-06-09,76,1.04,14.3,6.97,9.7,False,Без удобрений,B
Кольраби,2026-05-17,64,0.52,8.5,7.16,6.3,False,Комплексное,B
Брокколи,2025-10-03,103,0.81,10.4,5.97,11.8,True,Биоудобрение,C
Кольраби,2026-01-11,85,0.5,13.3,6.1,15.8,False,Комплексное,A
Краснокочанная,2024-08-04,101,1.83,18.6,6.51,13.4,False,Комплексное,A
Брокколи,2025-08-07,70,0.57,10.9,6.1,7.1,True,Комплексное,B
Пекинская,2024-07-09,77,0.84,9.8,6.36,7.1,False,Органическое,A
Савойская,2025-02-10,110,1.18,17.4,5.48,14.4,False,Комплексное,B
Пекинская,2025-11-10,47,1.73,10.3,6.43,12.7,False,Органическое,A
Брокколи,2024-04-24,76,0.79,18.9,5.33,7.8,False,Комплексное,B
Кольраби,2024-09-02,72,0.43,10.7,7.46,14.7,False,Без удобрений,B
Брокколи,2026-02-22,66,0.43,9.7,7.53,15.3,True,Органическое,C
Цветная,2026-04-16,86,0.83,11.3,6.87,13.4,False,Минеральное,A
Брюссельская,2024-11-05,123,0.88,6.8,6.28,15.6,True,Минеральное,C
Брокколи,2026-02-13,66,1.5,9.6,7.27,13.1,False,Биоудобрение,A
Цветная,2024-09-27,82,1.19,11.4,5.65,14.9,True,Органическое,C
Брокколи,2026-03-23,66,0.75,16.0,7.37,7.4,False,Органическое,B
Цветная,2026-06-12,113,1.82,13.9,7.36,14.0,False,Органическое,A
Кольраби,2025-01-08,65,0.95,7.1,7.41,17.7,False,Биоудобрение,B
Пекинская,2025-06-22,77,1.67,12.7,5.33,11.2,False,Минеральное,C
Кольраби,2025-08-01,85,0.84,12.8,6.72,11.9,False,Биоудобрение,A
Брокколи,2025-11-01,92,0.67,10.8,5.73,10.9,False,Комплексное,A
Краснокочанная,2024-05-03,126,2.39,15.0,5.93,14.7,False,Органическое,A
Пекинская,2024-11-05,56,0.79,11.9,5.38,10.4,False,Биоудобрение,B
Брюссельская,2025-11-12,116,0.5,7.9,5.67,13.0,False,Без удобрений,B
Краснокочанная,2024-03-07,102,2.64,13.3,5.8,20.0,False,Минеральное,B
Брокколи,2024-07-11,77,1.07,12.2,5.48,8.0,False,Без удобрений,C
Савойская,2024-05-11,115,2.22,12.2,6.66,11.3,True,Органическое,C
Брокколи,2026-05-08,98,1.28,19.9,6.21,11.5,False,Биоудобрение,A
Брокколи,2025-08-22,71,1.12,16.9,7.18,15.6,False,Органическое,B
Савойская,2026-03-23,120,1.54,24.7,6.44,14.3,False,Комплексное,A
Брокколи,2024-08-18,96,0.67,13.1,6.95,14.0,False,Комплексное,A
Кольраби,2026-04-04,61,0.37,7.0,7.43,17.5,True,Органическое,D
Савойская,2026-01-10,141,2.34,15.1,7.49,15.6,True,Комплексное,D
Краснокочанная,2025-07-17,138,1.37,14.4,5.55,12.6,False,Органическое,B
Цветная,2025-05-20,97,1.17,10.8,5.9,17.1,True,Без удобрений,D
Белокочанная,2024-10-30,105,2.22,25.0,5.31,18.2,False,Комплексное,A
Белокочанная,2025-10-29,93,4.13,17.1,7.1,13.8,False,Органическое,A
Брокколи,2025-04-21,67,1.08,16.0,7.21,11.7,False,Органическое,A
Белокочанная,2024-07-19,124,2.29,20.3,6.46,15.1,False,Комплексное,A
Белокочанная,2025-06-30,124,1.6,24.2,5.94,11.5,False,Минеральное,B
Брюссельская,2024-03-31,128,1.14,6.4,7.58,13.3,False,Минеральное,B
Брокколи,2024-11-19,72,1.26,13.7,7.37,10.4,True,Комплексное,C
Савойская,2026-02-10,109,2.77,18.9,6.4,8.1,False,Комплексное,A
Пекинская,2025-03-05,53,1.21,13.7,6.34,18.8,False,Без удобрений,A
Кольраби,2025-10-29,57,0.32,8.8,5.89,17.0,False,Биоудобрение,B
Савойская,2024-11-23,129,2.13,18.1,7.56,8.5,False,Минеральное,B
Пекинская,2024-08-20,79,1.44,15.1,7.25,5.2,False,Минеральное,B
Пекинская,2026-05-26,53,1.52,14.5,5.56,14.6,False,Минеральное,B
Савойская,2024-07-27,122,1.29,15.8,5.64,11.8,True,Минеральное,D
Пекинская,2024-08-19,57,0.76,13.3,5.34,17.3,False,Органическое,C
Белокочанная,2026-03-07,120,1.97,20.6,6.2,12.1,False,Комплексное,A
Пекинская,2026-01-07,62,1.11,11.8,6.99,15.4,False,Минеральное,B
Белокочанная,2025-11-28,106,2.39,12.5,5.57,13.2,True,Органическое,C
Краснокочанная,2025-05-22,105,2.37,14.4,6.62,8.8,False,Органическое,B
Кольраби,2025-12-28,78,1.02,8.0,6.23,9.1,False,Биоудобрение,B
Цветная,2025-11-13,118,2.24,17.8,6.54,15.9,False,Минеральное,A
Белокочанная,2025-09-13,99,3.3,15.6,6.04,17.9,False,Без удобрений,B
Цветная,2024-09-17,90,2.24,12.5,6.63,15.9,False,Комплексное,A
Брюссельская,2024-07-22,108,0.95,5.7,5.21,14.0,False,Минеральное,B
Краснокочанная,2024-04-13,114,1.99,12.0,6.13,16.3,False,Без удобрений,C
Савойская,2024-11-11,115,1.42,17.6,6.05,12.1,False,Биоудобрение,A
Савойская,2025-04-04,113,2.42,15.0,6.34,12.3,True,Комплексное,B
Савойская,2024-08-19,131,2.36,15.8,7.49,13.8,False,Органическое,A
Белокочанная,2025-11-02,96,1.35,24.6,7.37,12.0,False,Органическое,B
Кольраби,2024-05-11,78,0.41,12.1,6.71,22.7,False,Минеральное,B
Цветная,2026-03-19,73,1.97,13.8,6.79,13.9,False,Комплексное,A
Брюссельская,2024-08-02,100,1.14,6.8,6.76,10.7,False,Органическое,A
Брокколи,2024-11-25,90,1.53,15.6,7.21,14.8,False,Минеральное,B
Брюссельская,2025-04-17,123,1.26,6.0,6.9,9.5,False,Органическое,B
Брокколи,2025-08-04,66,0.49,13.1,5.23,14.7,False,Комплексное,A
Савойская,2026-03-28,100,2.64,22.5,5.89,12.7,False,Комплексное,A
Савойская,2025-03-20,110,1.84,12.2,6.15,23.3,True,Комплексное,D
Пекинская,2025-05-19,74,0.73,10.9,6.68,17.0,True,Биоудобрение,C
Савойская,2024-12-07,101,2.62,17.6,7.19,11.3,False,Органическое,A
Краснокочанная,2024-09-22,102,1.42,21.7,7.4,5.4,False,Минеральное,B
Белокочанная,2026-01-06,123,2.69,18.8,6.5,17.2,False,Минеральное,B
Белокочанная,2026-02-18,105,2.77,16.6,6.87,13.6,False,Без удобрений,B
Белокочанная,2025-12-22,101,1.45,18.9,7.5,12.3,False,Органическое,B
Пекинская,2024-08-25,64,1.36,16.4,7.27,12.0,False,Биоудобрение,A
Пекинская,2024-11-27,54,1.15,10.3,7.33,6.1,False,Органическое,B
Краснокочанная,2024-09-18,116,2.41,17.9,5.71,15.4,True,Органическое,C
Цветная,2025-07-26,120,1.19,11.7,7.01,5.8,False,Минеральное,A
Брокколи,2026-02-18,61,1.03,13.0,5.77,17.6,False,Биоудобрение,B
Брокколи,2024-09-21,95,0.75,13.8,7.21,17.5,False,Без удобрений,B
Пекинская,2024-10-10,69,1.57,14.0,6.04,11.5,True,Биоудобрение,C
Пекинская,2024-08-21,65,1.79,13.2,6.75,10.2,False,Органическое,B
Брюссельская,2024-11-05,96,1.06,4.4,5.72,12.2,False,Органическое,B
Брокколи,2025-03-22,90,1.41,16.5,5.8,11.6,False,Минеральное,A
Брокколи,2026-04-06,69,1.15,9.4,7.47,10.8,True,Комплексное,C
Брокколи,2024-10-18,84,0.73,11.1,7.12,17.4,True,Комплексное,D
Брюссельская,2025-12-01,96,1.26,5.0,5.41,11.4,False,Минеральное,A
Савойская,2024-08-07,95,2.46,18.3,7.12,13.2,False,Без удобрений,B
Брюссельская,2026-03-15,122,1.02,8.5,5.94,15.4,False,Биоудобрение,A
Белокочанная,2025-12-09,140,1.88,16.6,6.96,10.3,False,Минеральное,B
Брокколи,2025-03-16,81,1.59,18.0,7.21,15.5,False,Комплексное,A
Савойская,2024-04-19,126,1.57,18.0,6.09,14.2,True,Биоудобрение,C
Кольраби,2025-05-18,70,0.71,9.4,6.98,11.9,False,Минеральное,A
Кольраби,2025-11-28,80,1.04,9.6,7.25,12.7,False,Органическое,B
Цветная,2024-09-24,95,1.05,21.2,6.0,16.6,False,Комплексное,A
Пекинская,2026-01-04,74,1.5,12.9,6.98,11.2,False,Органическое,B
Цветная,2025-08-15,107,1.44,13.7,6.98,13.5,True,Органическое,C
Цветная,2025-01-01,83,1.23,13.0,6.73,18.0,False,Органическое,A
Брюссельская,2025-04-21,123,0.78,7.0,6.86,10.0,True,Минеральное,C
Брюссельская,2025-06-15,94,0.41,7.4,5.94,12.1,True,Минеральное,C
Кольраби,2026-04-04,66,0.35,10.2,5.3,15.8,False,Без удобрений,C
Пекинская,2025-03-06,71,1.07,15.9,6.37,15.4,False,Органическое,A
Белокочанная,2025-11-25,136,1.58,20.9,5.95,8.4,False,Органическое,B
Брокколи,2024-06-30,61,1.15,11.5,6.85,20.1,False,Минеральное,B
Пекинская,2025-02-15,47,1.78,15.1,6.93,13.0,False,Комплексное,A
Брюссельская,2026-04-16,104,0.63,5.8,7.49,13.2,False,Минеральное,B
Савойская,2026-03-29,116,1.05,20.8,5.4,14.3,False,Без удобрений,B
Белокочанная,2025-09-05,98,3.52,15.0,7.55,15.6,False,Биоудобрение,B
Савойская,2025-05-08,99,2.75,19.2,6.72,12.7,False,Минеральное,A
Белокочанная,2025-03-28,134,3.91,23.1,5.56,15.7,False,Органическое,B
Пекинская,2026-05-06,83,0.73,11.8,7.0,11.0,True,Органическое,C
Цветная,2024-06-13,91,1.58,15.1,6.03,13.7,False,Без удобрений,B
Брюссельская,2025-01-06,109,0.72,4.3,5.46,12.3,True,Комплексное,C
Брюссельская,2025-05-21,126,1.06,5.5,5.79,11.9,False,Органическое,A
Кольраби,2025-04-23,74,0.96,11.9,5.63,8.4,False,Комплексное,B
Белокочанная,2026-01-25,107,1.89,25.5,5.64,11.8,False,Минеральное,B
Кольраби,2024-08-11,87,0.54,7.7,7.12,14.5,False,Минеральное,A
Белокочанная,2025-11-17,129,3.53,13.9,5.42,14.2,False,Комплексное,B
Белокочанная,2025-06-02,90,3.73,20.5,6.93,10.1,False,Органическое,B
Кольраби,2024-05-07,59,0.43,8.6,7.37,17.1,False,Минеральное,B
Савойская,2026-01-11,138,2.48,16.0,5.3,13.0,False,Минеральное,A
Кольраби,2024-12-23,56,0.49,10.7,5.63,10.9,False,Минеральное,A
Савойская,2026-06-01,133,1.2,19.4,5.67,14.4,False,Без удобрений,B
Савойская,2024-07-18,113,1.11,13.0,6.15,15.9,False,Без удобрений,B
Савойская,2025-10-22,99,2.73,22.9,6.27,10.1,False,Биоудобрение,A
Брюссельская,2025-01-10,115,0.54,5.6,6.9,12.1,False,Органическое,A
Белокочанная,2024-06-17,129,2.52,18.9,7.26,11.3,False,Комплексное,A
Белокочанная,2024-07-28,125,2.31,21.2,5.67,10.2,True,Комплексное,C
Белокочанная,2025-01-20,126,1.77,15.9,5.94,9.5,True,Минеральное,C
Кольраби,2026-02-16,93,0.93,9.1,6.6,14.4,True,Комплексное,B
Цветная,2025-11-15,113,1.97,12.9,7.12,11.8,False,Минеральное,B
Брокколи,2026-05-27,96,0.76,11.3,5.34,23.6,False,Органическое,C
Брокколи,2024-06-30,75,0.93,10.4,6.0,12.1,False,Органическое,A
Белокочанная,2026-01-01,106,1.64,21.0,6.4,13.2,False,Комплексное,A
Кольраби,2024-03-22,84,0.73,8.8,5.28,21.1,False,Органическое,B
Белокочанная,2025-12-18,137,2.32,25.4,6.27,10.7,False,Комплексное,A
Цветная,2025-10-06,99,0.79,16.9,5.75,17.2,False,Минеральное,B
Краснокочанная,2025-06-12,137,2.76,16.2,5.39,11.3,False,Органическое,A
Краснокочанная,2026-03-19,113,1.74,13.5,5.46,17.3,False,Биоудобрение,B
Цветная,2024-12-09,78,0.62,16.6,5.29,6.5,False,Минеральное,C
Белокочанная,2024-04-30,131,2.55,23.1,5.78,11.6,False,Органическое,A
Краснокочанная,2024-05-26,105,3.42,18.5,6.07,12.7,False,Минеральное,B
Цветная,2024-11-09,85,1.43,13.6,7.19,16.7,False,Без удобрений,C
Краснокочанная,2025-07-18,104,1.03,14.2,7.15,6.6,False,Без удобрений,C
Белокочанная,2025-09-03,104,1.54,18.9,5.9,14.4,True,Комплексное,B
Савойская,2025-10-23,117,2.38,15.0,5.43,8.2,False,Комплексное,A
Савойская,2025-01-23,112,1.49,14.9,6.61,8.4,False,Органическое,A
Кольраби,2025-08-09,92,0.7,10.4,7.53,8.3,False,Биоудобрение,C
Белокочанная,2026-04-02,138,4.32,19.4,6.5,12.7,False,Органическое,A
Белокочанная,2025-06-19,104,2.43,19.5,5.72,10.5,False,Органическое,B
Цветная,2024-12-20,94,1.15,13.4,7.34,18.5,False,Минеральное,B
Краснокочанная,2025-08-15,100,2.14,17.9,6.36,15.9,False,Комплексное,A
Краснокочанная,2024-08-27,148,2.4,12.7,7.31,21.7,True,Комплексное,D
Краснокочанная,2025-03-10,129,2.07,19.6,6.25,9.0,False,Органическое,A
Белокочанная,2025-12-17,94,3.31,22.9,6.72,11.6,True,Комплексное,B
Белокочанная,2024-06-16,102,2.42,19.7,5.63,13.2,True,Без удобрений,D
Цветная,2026-02-01,79,1.56,14.3,6.42,14.9,True,Органическое,C
Белокочанная,2026-02-16,128,3.37,25.4,6.65,4.6,False,Комплексное,B
Брюссельская,2024-04-29,128,0.7,5.8,5.26,12.4,False,Биоудобрение,B
Кольраби,2026-03-27,76,0.49,8.8,5.94,12.3,False,Комплексное,A
Кольраби,2025-04-13,78,0.28,8.3,7.34,9.5,True,Минеральное,D
Краснокочанная,2025-02-20,123,1.83,20.6,5.5,12.0,False,Органическое,B
Брокколи,2025-05-29,89,1.45,18.9,6.46,11.1,False,Органическое,A
Краснокочанная,2025-09-20,152,1.14,13.7,7.46,14.4,True,Органическое,D
Цветная,2024-05-31,116,0.89,12.8,7.29,16.1,False,Биоудобрение,B
Цветная,2024-08-25,107,1.44,19.3,7.39,17.2,False,Органическое,B
Краснокочанная,2025-10-12,133,1.4,18.9,6.31,12.5,False,Биоудобрение,A
Кольраби,2025-12-14,89,0.4,10.8,6.14,15.0,False,Минеральное,B
Краснокочанная,2024-03-23,136,2.13,15.3,5.51,17.6,False,Органическое,B
Белокочанная,2024-04-13,114,1.63,19.1,6.97,23.0,True,Без удобрений,D
Брюссельская,2024-07-23,120,0.85,7.2,5.64,7.3,False,Комплексное,B
Цветная,2026-04-08,114,1.64,15.1,6.18,13.8,False,Без удобрений,A
Кольраби,2024-07-31,87,0.96,11.1,7.25,13.3,False,Комплексное,A
Брюссельская,2026-04-04,96,1.25,6.3,7.26,10.6,False,Минеральное,B
Белокочанная,2025-03-22,139,2.46,16.9,6.01,10.8,False,Биоудобрение,A
Краснокочанная,2026-03-22,102,1.66,19.3,6.88,17.4,False,Минеральное,B
Савойская,2025-01-30,102,2.55,16.3,7.13,4.7,False,Комплексное,B
Кольраби,2024-05-11,89,1.14,8.0,6.34,15.5,False,Органическое,A
Цветная,2025-02-04,103,1.21,14.6,7.25,15.6,False,Комплексное,B
Цветная,2024-10-21,95,2.02,13.3,5.58,5.1,False,Комплексное,B
Брокколи,2026-04-24,62,0.96,10.6,7.11,12.8,False,Минеральное,A
Цветная,2024-05-24,94,1.82,22.8,6.43,10.0,False,Комплексное,A
Кольраби,2026-01-01,84,0.73,10.0,6.07,12.6,False,Без удобрений,B
Пекинская,2024-12-06,50,0.93,15.8,7.42,12.6,False,Биоудобрение,A
Белокочанная,2024-03-10,131,3.21,20.5,6.97,10.6,False,Биоудобрение,A
Брюссельская,2025-08-21,128,1.37,5.0,6.16,11.1,False,Биоудобрение,A
Брюссельская,2025-09-19,120,0.31,6.1,6.14,15.7,False,Без удобрений,B
Пекинская,2024-04-22,48,1.1,9.6,7.04,14.3,False,Биоудобрение,A
Краснокочанная,2025-06-29,101,2.9,17.1,6.69,15.6,False,Минеральное,A
Савойская,2024-03-01,99,2.0,15.1,6.03,10.0,False,Биоудобрение,B
Савойская,2024-05-03,132,1.82,12.5,7.49,16.9,False,Комплексное,A
Белокочанная,2026-05-26,104,3.52,18.5,5.94,13.2,False,Комплексное,A
Брюссельская,2026-05-02,131,0.42,3.6,5.28,7.0,False,Комплексное,B
Цветная,2026-05-12,87,1.21,14.2,5.51,8.9,False,Комплексное,B
Пекинская,2026-02-04,64,0.97,13.9,7.18,19.8,False,Комплексное,B
Краснокочанная,2024-12-19,144,2.6,22.5,6.88,12.3,False,Минеральное,B
Пекинская,2025-05-06,72,1.18,14.1,7.51,17.9,False,Биоудобрение,B
Краснокочанная,2025-03-10,100,1.28,21.2,5.99,14.7,False,Комплексное,A
Пекинская,2025-12-17,76,1.16,9.8,5.75,8.1,True,Органическое,C
Пекинская,2025-11-16,72,1.31,11.1,6.01,11.4,True,Минеральное,C
Цветная,2026-04-09,117,1.29,18.4,5.53,10.2,False,Органическое,B
Брюссельская,2024-12-07,102,0.89,5.9,5.21,19.5,False,Минеральное,C
Брюссельская,2026-06-09,122,0.56,7.0,6.59,19.1,False,Биоудобрение,B
Цветная,2024-06-25,94,1.19,21.1,7.6,15.4,False,Комплексное,B
Савойская,2026-05-30,113,1.34,18.8,6.13,7.6,False,Органическое,B
Цветная,2024-12-23,91,0.57,11.1,6.07,5.2,True,Комплексное,C
Цветная,2025-07-10,105,0.94,13.9,7.57,12.1,False,Минеральное,B
Кольраби,2025-03-21,77,0.32,7.7,6.46,18.0,False,Без удобрений,B
Савойская,2025-10-17,108,1.39,18.3,7.19,15.1,False,Комплексное,A
Пекинская,2025-12-30,79,0.58,15.0,6.1,6.4,False,Биоудобрение,B
Цветная,2025-08-23,71,1.35,18.5,6.93,13.8,False,Минеральное,A
Цветная,2024-08-30,71,1.69,12.3,5.9,17.3,False,Комплексное,B
Пекинская,2025-02-13,56,1.24,11.2,6.78,15.8,False,Минеральное,B
Кольраби,2026-05-07,57,0.78,6.8,6.87,21.5,False,Комплексное,B
Цветная,2025-12-21,114,0.74,19.0,6.06,6.0,True,Комплексное,C
Кольраби,2024-04-01,66,0.38,10.8,5.4,10.5,False,Комплексное,B
Белокочанная,2025-05-19,139,2.11,20.4,6.66,8.6,False,Комплексное,A
Кольраби,2024-09-15,91,0.32,12.9,5.67,13.6,False,Органическое,A
Цветная,2025-08-05,101,2.1,21.4,6.83,10.9,False,Органическое,A
Брюссельская,2024-07-19,132,0.84,4.5,7.29,19.9,True,Органическое,D
Брюссельская,2025-02-20,104,1.01,6.2,5.34,15.7,False,Без удобрений,C
Цветная,2026-02-13,76,1.33,14.3,7.4,12.0,False,Минеральное,B
Савойская,2026-02-26,113,1.13,16.2,5.63,11.3,True,Без удобрений,D
Савойская,2024-09-30,114,2.71,19.2,5.57,14.3,False,Комплексное,A
Савойская,2024-07-28,129,1.8,14.3,6.32,9.6,False,Комплексное,A
Брюссельская,2024-12-21,96,0.65,7.4,6.76,13.2,False,Минеральное,A
Пекинская,2024-11-08,74,1.07,14.3,5.41,7.9,False,Без удобрений,C
Пекинская,2024-05-17,67,1.61,15.0,7.31,10.8,True,Комплексное,C
Брокколи,2026-02-21,68,0.94,10.6,6.39,10.3,True,Минеральное,B
Савойская,2025-12-10,100,1.6,20.2,5.97,17.9,False,Биоудобрение,B
Цветная,2026-04-04,87,2.12,16.0,7.35,11.4,False,Минеральное,B
Белокочанная,2025-12-30,135,3.85,25.0,5.75,13.2,False,Комплексное,A
Цветная,2025-06-11,82,2.25,19.4,6.63,10.1,False,Комплексное,B
Кольраби,2025-04-09,68,1.07,8.1,7.27,18.2,False,Комплексное,A
Брокколи,2026-03-07,95,0.53,17.1,7.18,17.1,False,Биоудобрение,B
Кольраби,2025-11-24,90,0.43,8.2,7.35,11.7,False,Минеральное,B
Краснокочанная,2026-01-15,125,1.88,15.4,6.03,18.8,False,Биоудобрение,B
Белокочанная,2024-11-22,98,4.14,23.2,6.5,14.8,False,Комплексное,A
Краснокочанная,2024-05-31,147,2.91,13.5,6.08,19.8,False,Комплексное,B
Цветная,2025-02-13,84,2.18,16.5,6.3,6.6,False,Комплексное,B
Краснокочанная,2026-05-25,127,1.18,15.9,5.89,8.6,False,Минеральное,B
Цветная,2024-08-20,123,0.63,12.4,7.41,18.3,True,Комплексное,D
Краснокочанная,2024-09-11,140,1.22,17.2,6.41,9.7,False,Органическое,A
Кольраби,2024-10-18,85,0.6,7.5,6.02,8.0,False,Органическое,A
Брюссельская,2024-04-30,107,0.99,5.0,7.34,16.5,True,Минеральное,C
Савойская,2025-08-29,127,1.25,18.3,7.37,10.9,False,Биоудобрение,B
Брокколи,2026-03-09,61,0.58,15.6,6.48,17.8,False,Комплексное,A
Савойская,2025-07-23,128,1.66,19.7,5.27,11.3,False,Минеральное,B
Савойская,2026-06-12,107,2.66,17.5,6.4,16.2,False,Органическое,A
Белокочанная,2024-06-30,126,3.25,16.8,5.97,7.7,False,Минеральное,B
Кольраби,2026-03-07,80,1.19,13.4,6.52,12.5,False,Комплексное,A
Брюссельская,2024-11-21,106,1.04,8.8,6.05,14.8,False,Органическое,B
Краснокочанная,2026-04-21,136,1.3,21.1,5.81,14.7,False,Органическое,A
Савойская,2026-06-02,131,1.87,12.6,6.36,14.3,True,Без удобрений,B
Краснокочанная,2025-08-19,125,1.01,17.2,7.3,16.0,False,Без удобрений,B
Брокколи,2024-07-08,100,1.66,10.1,5.84,10.9,False,Комплексное,A
Пекинская,2025-08-16,50,1.24,13.1,5.97,7.9,True,Органическое,D
Краснокочанная,2025-09-06,116,2.27,22.7,5.6,5.3,False,Минеральное,B
Пекинская,2025-11-14,82,1.55,10.8,6.27,13.7,True,Минеральное,C
Савойская,2026-06-02,116,1.57,15.8,6.6,7.1,False,Без удобрений,C
Белокочанная,2026-02-07,129,2.49,22.0,5.67,10.3,False,Органическое,B
Савойская,2026-01-02,107,2.44,13.9,7.17,4.7,False,Органическое,B
Пекинская,2026-01-17,76,0.88,16.0,6.68,12.9,False,Органическое,A
Пекинская,2026-02-17,75,1.37,13.7,6.19,18.2,False,Органическое,A
Белокочанная,2025-10-29,96,1.43,16.1,6.41,18.6,False,Без удобрений,A
Цветная,2025-07-03,118,1.39,12.2,7.09,16.6,False,Комплексное,A
Брокколи,2025-12-29,87,1.15,10.2,5.78,12.3,False,Биоудобрение,B
Кольраби,2026-03-08,82,0.63,10.4,7.18,14.7,False,Комплексное,A
Брюссельская,2024-05-08,119,0.7,8.0,7.21,10.4,False,Комплексное,A
Цветная,2024-04-17,105,1.48,16.5,6.84,15.8,True,Комплексное,B
Савойская,2024-11-25,106,1.55,22.1,6.58,17.3,False,Биоудобрение,A
Пекинская,2025-02-25,46,0.59,13.6,6.21,15.7,False,Без удобрений,A
Савойская,2025-06-22,96,2.03,20.8,5.62,13.9,False,Минеральное,B
Кольраби,2024-12-16,81,0.67,9.9,6.79,18.2,False,Органическое,B
Пекинская,2025-12-02,82,1.41,10.8,6.48,12.3,True,Органическое,B
Савойская,2025-10-07,101,1.64,19.1,6.72,16.6,False,Минеральное,A
Савойская,2024-11-04,123,2.26,20.7,6.81,14.5,False,Минеральное,A
Цветная,2026-05-27,114,0.82,23.5,6.76,13.8,False,Минеральное,A
Кольраби,2026-05-24,86,0.93,8.6,7.51,9.7,False,Органическое,B
Пекинская,2026-04-09,56,1.28,17.5,6.87,7.6,False,Органическое,B
Цветная,2026-02-07,108,1.66,17.1,6.36,8.9,False,Комплексное,A
Белокочанная,2025-05-21,121,3.03,15.3,5.48,14.2,False,Комплексное,A
Кольраби,2025-08-30,59,0.63,9.4,6.95,18.3,False,Комплексное,B
Пекинская,2024-11-29,55,0.89,15.8,6.76,20.4,False,Минеральное,B
Кольраби,2026-04-08,63,0.41,11.5,6.43,11.4,True,Минеральное,B
Брюссельская,2025-09-22,122,0.53,5.9,7.53,16.0,True,Комплексное,D
Краснокочанная,2025-06-16,130,2.16,21.4,5.96,21.4,False,Минеральное,C
Краснокочанная,2025-08-23,148,1.62,14.6,6.53,13.9,False,Без удобрений,A
Краснокочанная,2024-03-02,145,2.25,20.6,5.61,15.8,True,Минеральное,C
Пекинская,2025-06-13,74,0.7,10.4,5.2,18.9,False,Биоудобрение,C
Белокочанная,2024-03-13,109,1.12,17.0,5.57,14.4,False,Без удобрений,B
Кольраби,2025-01-05,87,0.75,8.1,6.98,12.3,False,Комплексное,A
Белокочанная,2025-12-12,128,3.64,22.8,7.27,13.3,False,Минеральное,A
Цветная,2024-04-17,119,1.53,21.2,6.81,12.3,False,Органическое,A
Савойская,2026-01-26,107,2.23,18.3,6.68,16.4,False,Минеральное,A
Белокочанная,2024-05-16,124,2.19,16.9,6.99,10.6,False,Биоудобрение,A
Цветная,2025-11-28,121,1.67,21.5,7.51,13.3,False,Органическое,A
Брокколи,2025-12-06,78,1.08,15.0,7.46,20.5,False,Минеральное,C
Савойская,2024-10-25,109,1.11,20.6,6.25,14.4,False,Минеральное,A
Кольраби,2024-10-09,64,0.98,8.3,6.84,15.2,False,Органическое,A
Белокочанная,2025-02-26,92,3.3,23.3,5.6,11.9,False,Минеральное,B
Кольраби,2026-02-17,57,0.28,12.7,6.12,9.8,False,Органическое,B
Савойская,2026-02-24,119,1.23,17.1,7.29,13.6,False,Минеральное,B
Цветная,2025-07-14,91,1.34,11.3,5.27,14.4,True,Комплексное,C
Белокочанная,2024-10-10,101,3.17,25.7,6.61,14.0,False,Без удобрений,B
Белокочанная,2024-09-19,98,2.87,13.9,7.25,4.3,False,Без удобрений,C
Брокколи,2025-03-11,78,1.65,16.2,5.89,14.5,False,Минеральное,A
Цветная,2024-10-14,89,1.07,22.2,6.42,17.3,False,Органическое,A
Белокочанная,2025-03-04,134,2.68,21.7,6.52,13.7,False,Минеральное,A
Брокколи,2024-10-06,64,0.71,10.3,5.64,20.7,False,Минеральное,C
Савойская,2024-03-25,102,2.76,21.9,7.21,14.9,False,Комплексное,A
Кольраби,2026-03-15,68,0.47,12.3,5.26,7.7,False,Органическое,B
Цветная,2024-04-02,119,1.34,15.8,6.41,14.5,False,Органическое,A
Краснокочанная,2026-04-08,108,1.84,21.1,5.76,17.3,False,Комплексное,B
Белокочанная,2025-01-28,136,2.33,23.7,5.74,7.9,False,Минеральное,B
Кольраби,2025-04-01,90,0.49,8.2,6.52,11.9,False,Минеральное,A
Савойская,2024-11-22,140,1.03,18.0,5.76,12.5,True,Биоудобрение,C
Цветная,2025-01-07,110,1.27,18.1,5.84,13.9,False,Органическое,A
Белокочанная,2024-03-11,99,2.45,23.7,7.27,15.6,False,Комплексное,B
Брюссельская,2024-12-30,123,1.18,8.8,7.28,12.0,False,Минеральное,A
Савойская,2025-08-16,130,2.46,22.4,6.19,15.6,False,Комплексное,A
Савойская,2025-01-22,105,1.71,18.0,7.02,11.7,False,Минеральное,A
Белокочанная,2024-11-09,94,4.3,18.4,6.89,13.6,False,Комплексное,A
Краснокочанная,2025-01-04,115,2.88,22.9,6.94,10.7,False,Минеральное,A
Брокколи,2024-07-10,82,0.84,10.5,5.39,9.3,False,Органическое,B
Цветная,2025-08-09,120,1.1,14.4,6.78,13.0,True,Комплексное,B
Белокочанная,2025-09-03,111,3.15,19.4,5.48,16.3,False,Органическое,B
Цветная,2024-04-12,125,1.41,10.0,7.42,11.8,True,Комплексное,C
Краснокочанная,2025-02-19,103,1.38,16.3,5.91,22.2,False,Минеральное,B
Брюссельская,2025-12-15,122,0.75,6.2,5.52,19.1,True,Без удобрений,D
Пекинская,2024-08-03,62,1.68,16.8,6.53,12.9,False,Комплексное,A
Белокочанная,2025-04-08,126,3.83,18.1,6.57,19.6,False,Комплексное,B
Кольраби,2026-02-07,76,0.5,11.2,5.95,13.9,False,Комплексное,A
Брюссельская,2026-05-02,110,0.25,4.4,5.73,15.2,True,Без удобрений,D
Белокочанная,2025-08-22,124,4.58,22.1,7.01,13.1,False,Минеральное,A
Пекинская,2024-05-08,81,0.82,15.9,5.41,10.8,False,Минеральное,B
Савойская,2024-06-24,109,1.83,15.9,7.29,14.2,True,Органическое,D
Брокколи,2026-03-22,99,0.44,14.8,5.21,13.3,False,Органическое,B
Цветная,2025-11-14,77,1.01,12.6,5.95,14.7,False,Минеральное,A
Краснокочанная,2024-09-07,100,2.57,17.7,6.84,9.1,False,Органическое,B
Савойская,2026-02-13,134,2.85,23.4,5.6,14.3,False,Органическое,B
Белокочанная,2025-11-26,117,2.91,17.3,5.67,13.5,False,Комплексное,A
Брокколи,2025-03-17,105,0.82,9.4,7.26,8.8,True,Без удобрений,D
Цветная,2025-04-30,109,0.72,12.5,7.13,16.9,True,Органическое,C
Пекинская,2024-03-22,45,1.0,16.5,6.87,9.6,False,Комплексное,A
Брюссельская,2026-05-24,97,0.34,6.0,5.43,11.2,False,Без удобрений,C
Брокколи,2025-12-18,102,0.82,13.3,5.42,6.9,False,Комплексное,C
Пекинская,2025-06-23,67,1.12,15.1,6.34,2.0,False,Органическое,B
Краснокочанная,2024-03-16,129,1.6,19.0,5.72,12.6,False,Без удобрений,B
Савойская,2024-04-18,104,1.81,18.7,6.65,19.6,False,Минеральное,B
Белокочанная,2026-04-08,131,1.37,24.7,5.36,14.7,False,Органическое,B
Брюссельская,2024-07-24,114,1.08,7.7,5.26,13.4,False,Минеральное,B
Кольраби,2025-02-26,90,0.89,7.0,6.92,14.2,False,Без удобрений,A
Брюссельская,2025-09-28,107,0.57,5.3,5.91,12.6,False,Органическое,A
Савойская,2025-06-08,122,1.96,14.7,5.44,14.0,False,Минеральное,B
Брюссельская,2026-04-19,117,1.07,8.1,6.34,12.5,False,Без удобрений,A
Цветная,2025-11-30,78,1.72,17.1,5.34,13.5,False,Комплексное,A
Пекинская,2026-05-23,51,1.03,15.6,6.75,8.9,True,Биоудобрение,C
Пекинская,2025-10-04,47,1.75,14.8,7.47,15.9,False,Комплексное,A
Брокколи,2026-02-07,76,1.52,16.2,6.43,13.3,False,Минеральное,A
Брокколи,2024-10-23,64,1.07,9.5,6.6,10.7,True,Без удобрений,D
Цветная,2024-07-05,103,1.36,15.7,5.85,17.7,False,Органическое,B
Кольраби,2025-01-15,80,0.66,10.0,5.9,13.1,False,Биоудобрение,A
Кольраби,2026-02-13,73,0.55,9.7,7.55,6.7,True,Комплексное,D
Кольраби,2024-05-13,86,0.32,8.4,6.59,14.1,False,Без удобрений,A
Брокколи,2024-06-18,98,0.66,14.6,7.54,12.7,False,Минеральное,A
Краснокочанная,2024-10-18,117,2.37,21.2,6.8,11.8,False,Органическое,B
Цветная,2024-10-24,78,1.78,15.1,5.27,14.3,False,Комплексное,B
Брюссельская,2024-03-26,128,0.71,4.0,5.68,9.1,False,Без удобрений,C
Пекинская,2024-10-04,67,1.2,11.4,5.65,13.4,False,Комплексное,A
Цветная,2025-03-15,116,0.86,19.7,5.44,12.0,False,Органическое,B
Кольраби,2024-07-23,63,0.9,8.1,6.9,22.5,False,Органическое,B
Савойская,2026-03-15,131,2.07,18.9,6.76,17.2,False,Биоудобрение,A
Белокочанная,2026-05-25,102,2.51,17.2,7.39,16.5,False,Минеральное,B
Пекинская,2026-04-13,71,0.95,17.7,7.01,16.9,False,Минеральное,B
Савойская,2025-10-18,111,1.24,15.2,6.02,10.3,True,Органическое,D
Белокочанная,2025-07-05,116,3.54,25.6,6.64,11.3,False,Комплексное,A
Савойская,2024-04-15,126,1.72,15.5,6.61,9.2,False,Биоудобрение,A
Брокколи,2024-09-17,62,0.65,15.5,6.7,14.2,False,Органическое,A
Брюссельская,2024-09-22,106,0.82,4.1,7.19,12.3,False,Биоудобрение,A
Белокочанная,2025-02-19,120,2.53,12.4,6.12,15.9,True,Органическое,C
Белокочанная,2025-10-06,125,3.32,24.7,7.58,8.4,False,Биоудобрение,B
Кольраби,2024-10-28,60,0.84,14.5,7.06,13.7,False,Минеральное,A
Цветная,2024-09-03,108,2.01,14.2,6.54,9.4,False,Органическое,A
Белокочанная,2024-03-25,92,2.01,15.5,5.63,15.9,False,Минеральное,B
Цветная,2024-05-04,102,1.54,17.1,6.18,3.2,False,Органическое,B
Белокочанная,2025-03-15,138,2.48,20.9,6.31,12.5,False,Без удобрений,A
Белокочанная,2026-03-12,96,2.69,15.7,7.06,3.2,False,Биоудобрение,C
Краснокочанная,2024-11-28,126,2.3,14.8,5.77,8.3,True,Биоудобрение,D
Пекинская,2024-09-18,76,0.45,10.6,7.44,9.8,False,Без удобрений,C
Савойская,2026-03-18,107,1.03,17.6,6.38,18.1,False,Минеральное,A
Брюссельская,2026-03-22,120,0.88,7.6,6.69,19.8,False,Минеральное,B
Савойская,2025-04-10,96,1.53,17.9,7.14,10.6,False,Минеральное,B
Пекинская,2024-04-12,48,0.65,15.9,5.77,12.5,False,Минеральное,A
Пекинская,2025-09-20,72,1.08,14.7,7.29,12.2,False,Без удобрений,B
Краснокочанная,2025-06-23,106,1.1,19.2,5.79,4.1,False,Органическое,B
Цветная,2025-10-13,105,0.76,16.7,6.32,11.4,True,Без удобрений,C
Брюссельская,2025-07-26,106,0.94,6.6,5.47,16.6,True,Минеральное,D
Кольраби,2026-05-08,71,0.9,7.1,5.61,17.7,False,Органическое,B
Цветная,2025-09-26,79,0.92,22.3,6.06,10.8,False,Минеральное,A
Цветная,2025-06-02,106,0.87,19.7,6.11,18.4,False,Органическое,B
Цветная,2026-05-28,94,2.09,18.9,5.2,10.0,False,Биоудобрение,B
Брокколи,2025-08-09,91,1.01,10.3,7.47,19.7,True,Минеральное,D
Савойская,2026-05-25,118,1.05,17.6,6.59,15.3,True,Комплексное,C
Савойская,2025-11-20,122,1.68,20.6,5.43,9.3,False,Без удобрений,C
Белокочанная,2026-05-12,96,3.66,21.7,6.19,12.4,True,Комплексное,B
Краснокочанная,2024-08-20,121,2.52,18.2,5.55,14.7,False,Биоудобрение,B
Брюссельская,2025-08-10,117,0.92,6.0,7.27,11.9,False,Органическое,A
Белокочанная,2025-09-28,141,1.45,20.0,5.45,6.7,False,Комплексное,B
Краснокочанная,2025-01-06,107,1.33,16.1,7.09,11.2,False,Минеральное,A
Савойская,2025-04-19,123,1.87,21.0,5.49,16.3,False,Биоудобрение,B
Брюссельская,2024-09-21,116,1.34,4.7,5.91,12.1,False,Комплексное,A
Цветная,2025-06-09,93,1.79,18.4,7.13,15.3,False,Органическое,B
Цветная,2024-03-04,105,1.23,10.8,6.04,11.5,True,Без удобрений,C
Савойская,2024-08-24,123,1.25,20.3,6.68,12.0,False,Органическое,A
Брюссельская,2026-05-23,123,1.12,7.9,6.09,10.2,False,Органическое,B
Белокочанная,2024-08-06,128,4.08,23.8,5.8,14.2,False,Биоудобрение,B
Брокколи,2025-03-23,65,0.71,8.9,5.39,4.8,False,Без удобрений,C
Пекинская,2026-05-27,46,0.63,13.8,5.88,15.3,False,Биоудобрение,B
Краснокочанная,2024-11-06,121,2.29,17.5,5.53,15.9,False,Минеральное,B
Брюссельская,2026-03-23,95,0.51,7.7,6.43,17.1,False,Биоудобрение,B
Пекинская,2026-02-14,49,0.93,11.6,7.39,10.8,False,Минеральное,B
Брюссельская,2024-11-19,98,0.85,7.0,6.94,18.7,False,Органическое,B
Белокочанная,2025-03-04,131,1.62,18.4,5.7,14.9,False,Биоудобрение,B
Краснокочанная,2024-04-03,148,3.05,22.1,5.82,11.5,False,Органическое,B
Савойская,2024-07-23,135,2.23,24.3,6.44,14.4,False,Органическое,A
Цветная,2025-12-10,91,0.78,13.2,6.38,10.8,True,Биоудобрение,C
Кольраби,2025-03-01,68,0.32,7.5,5.29,18.9,False,Биоудобрение,C
Белокочанная,2025-01-28,110,3.59,26.7,7.41,10.3,False,Комплексное,B
Кольраби,2025-11-19,58,0.95,12.3,7.21,8.0,False,Комплексное,B
Краснокочанная,2026-05-04,144,1.97,15.4,5.72,14.8,True,Минеральное,C
Краснокочанная,2025-09-03,110,2.68,17.7,5.36,13.0,False,Без удобрений,B
Цветная,2024-10-04,111,1.03,19.9,6.2,16.7,True,Биоудобрение,C
Краснокочанная,2024-07-11,134,2.69,21.1,6.34,16.6,False,Органическое,A
Краснокочанная,2024-05-01,142,2.84,21.3,7.09,12.6,False,Минеральное,B
Цветная,2025-03-16,111,1.85,11.1,5.5,11.2,False,Минеральное,B
Краснокочанная,2024-05-22,122,1.47,13.7,6.22,13.0,False,Без удобрений,B
Савойская,2026-04-25,132,2.43,18.2,5.93,6.2,False,Комплексное,A
Брокколи,2025-11-21,67,0.93,19.8,7.09,13.5,False,Органическое,A
Кольраби,2025-10-26,90,0.24,8.6,7.28,11.0,True,Биоудобрение,C
Краснокочанная,2024-06-12,137,1.27,20.3,5.37,8.9,False,Без удобрений,B
Белокочанная,2025-07-30,134,1.79,15.2,5.63,13.0,True,Комплексное,B
Пекинская,2024-04-15,62,1.26,11.2,5.56,18.6,False,Комплексное,C
Пекинская,2024-09-20,80,0.71,17.2,7.04,12.4,False,Комплексное,A
Цветная,2025-12-16,112,1.9,20.7,7.19,12.2,False,Без удобрений,B
Брокколи,2024-05-03,73,0.83,17.3,6.27,17.1,False,Органическое,A
Пекинская,2024-11-24,80,1.08,15.5,6.46,11.7,True,Органическое,B
Пекинская,2024-07-30,59,1.68,17.1,6.21,8.1,False,Минеральное,B
Савойская,2026-03-05,116,1.89,17.8,5.42,16.5,True,Минеральное,D
Брокколи,2025-09-26,64,1.64,14.0,5.75,12.9,False,Комплексное,A
Пекинская,2025-08-10,75,1.26,12.1,5.56,13.2,True,Комплексное,C
Брокколи,2024-04-18,80,0.6,17.1,6.0,19.4,False,Минеральное,B
Пекинская,2026-05-31,47,1.49,16.3,6.41,10.4,False,Органическое,A
Краснокочанная,2025-08-24,149,2.13,17.7,6.47,16.6,False,Минеральное,A
Цветная,2026-02-19,103,1.13,10.4,6.45,18.8,False,Без удобрений,B
Цветная,2024-05-10,78,1.04,14.9,5.55,17.2,False,Минеральное,B
Цветная,2025-10-29,84,0.71,17.3,6.51,9.9,True,Без удобрений,C
Цветная,2026-06-14,110,0.96,14.5,5.8,15.4,True,Биоудобрение,C
Брокколи,2024-09-14,67,1.19,10.6,7.35,9.7,True,Органическое,C
Брюссельская,2025-01-23,119,0.61,6.7,5.73,14.1,False,Без удобрений,B
Кольраби,2024-06-20,74,1.1,12.0,7.49,11.0,False,Минеральное,B
Брюссельская,2025-06-28,100,1.16,4.4,7.18,14.2,False,Органическое,A
Пекинская,2026-06-11,74,1.6,9.9,5.77,14.0,False,Комплексное,A
Савойская,2024-03-05,101,2.4,17.6,6.87,14.2,False,Комплексное,A
Савойская,2025-08-29,126,1.21,19.0,5.31,9.4,False,Комплексное,B
Пекинская,2024-10-13,68,0.98,12.6,6.89,16.9,False,Минеральное,A
Брюссельская,2024-03-22,98,1.14,3.8,6.98,8.7,False,Биоудобрение,A
Белокочанная,2026-06-01,138,3.88,23.3,6.58,9.9,False,Органическое,A
Савойская,2025-11-08,127,1.61,21.4,6.49,16.0,False,Органическое,A
Брюссельская,2025-08-14,108,0.7,6.5,6.86,13.8,False,Минеральное,A
Белокочанная,2024-11-30,128,2.92,21.1,7.26,14.4,False,Комплексное,A
Савойская,2026-02-26,107,2.32,14.8,5.41,12.3,False,Комплексное,B
Брюссельская,2024-10-06,92,0.53,4.4,6.47,6.9,False,Органическое,A
Краснокочанная,2025-01-19,129,1.91,13.8,7.31,6.0,False,Комплексное,B
Кольраби,2026-01-04,86,0.44,8.9,6.95,17.4,False,Комплексное,B
Белокочанная,2025-02-21,139,3.55,21.2,5.24,14.1,False,Органическое,B
Пекинская,2025-04-10,58,0.84,13.3,6.91,15.4,True,Комплексное,C
Цветная,2025-12-25,114,2.0,13.3,7.21,18.0,False,Минеральное,A
Савойская,2026-04-15,109,0.91,19.1,5.52,14.4,False,Комплексное,A
Белокочанная,2025-01-03,113,1.94,18.1,5.93,11.6,True,Органическое,B
Кольраби,2026-03-13,71,0.39,7.3,7.37,11.3,True,Органическое,C
Белокочанная,2024-11-27,122,3.51,24.4,7.27,6.9,False,Биоудобрение,B
Савойская,2025-02-08,126,1.58,17.5,6.83,9.9,False,Минеральное,A
Брокколи,2026-05-01,67,1.37,18.3,7.31,6.6,False,Минеральное,C
Кольраби,2024-06-04,71,0.76,8.7,5.33,15.2,False,Без удобрений,B
Брюссельская,2026-04-20,115,0.97,8.3,7.3,10.6,False,Минеральное,B
Савойская,2026-01-10,113,1.99,18.8,5.27,11.0,False,Органическое,B
Кольраби,2026-03-21,75,1.18,8.6,5.74,11.0,False,Комплексное,B
Брюссельская,2024-08-17,92,0.73,8.4,6.25,10.6,False,Минеральное,B
Краснокочанная,2025-02-02,109,1.23,18.8,6.43,11.1,False,Без удобрений,A
Цветная,2026-01-08,116,0.97,9.8,7.54,5.3,False,Без удобрений,D
Краснокочанная,2025-01-12,123,2.02,17.2,6.63,15.4,False,Без удобрений,B
Брокколи,2026-04-30,93,1.14,9.7,7.51,18.7,False,Органическое,B
Пекинская,2025-01-12,65,1.1,10.1,5.52,14.7,False,Биоудобрение,B
Цветная,2024-05-19,101,1.01,18.3,5.96,15.2,False,Органическое,A
Савойская,2024-04-05,109,2.36,18.5,5.85,17.0,False,Комплексное,A
Кольраби,2026-02-06,78,0.64,13.1,6.97,22.4,False,Комплексное,B
Цветная,2024-03-18,106,1.66,21.0,6.78,15.1,False,Комплексное,A
Краснокочанная,2025-08-28,126,1.37,22.2,6.47,8.9,True,Органическое,C
Савойская,2025-10-16,100,1.48,21.6,7.42,11.5,False,Минеральное,B
Савойская,2026-01-24,116,0.93,17.0,7.17,15.5,True,Без удобрений,D
Брюссельская,2025-11-20,125,1.39,7.3,6.12,12.7,False,Комплексное,A
Белокочанная,2024-05-08,115,3.09,16.5,5.78,12.3,True,Органическое,C
Цветная,2025-07-25,78,0.75,19.8,6.93,14.0,False,Биоудобрение,A
Краснокочанная,2024-04-22,126,2.65,15.5,5.82,15.3,False,Минеральное,A
Савойская,2025-01-15,134,1.13,12.6,5.31,16.0,True,Комплексное,C
Савойская,2025-07-15,130,1.67,18.6,5.3,11.0,True,Минеральное,D
Савойская,2025-06-05,97,0.91,19.2,5.46,18.7,False,Комплексное,C
Цветная,2024-07-29,112,2.09,22.5,6.02,12.5,False,Органическое,A
Пекинская,2024-12-09,77,1.24,15.1,6.99,3.2,False,Органическое,B
Краснокочанная,2024-05-25,124,2.01,21.4,6.17,14.1,False,Комплексное,A
Пекинская,2026-01-12,74,0.98,14.6,6.9,17.4,False,Минеральное,A
Брюссельская,2025-08-01,105,0.63,7.4,7.22,16.6,False,Биоудобрение,B
Брюссельская,2025-02-01,125,0.48,4.1,5.62,16.6,False,Без удобрений,B
Брюссельская,2025-06-22,94,1.18,5.2,5.63,13.4,False,Органическое,A
Брюссельская,2024-06-04,116,0.56,5.8,7.37,13.3,True,Без удобрений,D
Белокочанная,2025-12-21,133,3.24,19.6,5.83,18.5,False,Минеральное,A
Брюссельская,2025-12-01,129,1.07,7.7,7.35,7.6,False,Биоудобрение,B
Краснокочанная,2024-08-01,128,2.2,17.0,5.26,14.3,False,Комплексное,A
Савойская,2024-05-19,95,1.16,15.4,6.98,8.4,False,Комплексное,A
Пекинская,2025-11-10,79,1.42,9.3,5.25,13.1,False,Органическое,B
Савойская,2026-06-02,114,0.91,12.9,7.45,13.1,False,Биоудобрение,B
Белокочанная,2024-07-12,132,2.34,13.1,5.49,17.8,False,Органическое,B
Савойская,2025-11-26,102,2.19,23.2,5.42,11.2,False,Комплексное,A
Кольраби,2024-07-25,84,0.56,13.2,6.32,17.5,False,Комплексное,A
Краснокочанная,2024-06-25,119,3.17,20.6,6.07,18.0,False,Комплексное,B
Белокочанная,2025-09-11,135,2.48,19.1,6.53,17.0,False,Органическое,A
Белокочанная,2025-12-24,137,2.16,24.3,5.61,13.7,False,Биоудобрение,A
Брюссельская,2024-06-08,105,0.85,8.5,6.81,7.6,False,Комплексное,B
Брюссельская,2024-08-07,121,0.78,6.6,5.97,13.3,False,Биоудобрение,A
Кольраби,2026-01-12,84,0.71,7.4,6.43,8.8,False,Минеральное,B
Пекинская,2024-05-20,59,1.04,10.5,6.98,16.5,False,Биоудобрение,B
Краснокочанная,2025-09-15,111,1.07,15.1,7.54,19.7,False,Органическое,C
Пекинская,2024-06-17,54,0.84,14.3,6.01,11.4,True,Без удобрений,D
Кольраби,2026-05-15,92,0.89,9.7,5.5,11.2,False,Минеральное,B
Цветная,2024-04-19,79,1.89,12.9,5.3,17.7,False,Комплексное,B
Белокочанная,2025-09-28,94,4.58,19.8,6.15,14.7,False,Минеральное,A
Белокочанная,2025-06-25,114,3.04,22.1,6.65,10.4,False,Минеральное,B
Краснокочанная,2025-10-13,132,2.89,13.7,7.03,6.9,False,Комплексное,A
Белокочанная,2025-07-19,105,2.1,20.4,7.56,19.4,False,Минеральное,C
Кольраби,2024-10-02,88,0.68,6.5,7.48,13.3,False,Биоудобрение,B
Брюссельская,2024-12-10,92,0.94,7.3,5.73,20.0,False,Минеральное,B
Кольраби,2025-01-16,66,0.92,10.0,5.79,11.4,False,Органическое,A
Кольраби,2025-02-20,74,0.44,10.8,6.09,12.8,False,Органическое,A
Брокколи,2024-06-26,76,1.54,21.1,6.42,11.9,False,Минеральное,A
Пекинская,2025-12-25,61,0.78,11.3,5.24,15.0,True,Минеральное,D
Краснокочанная,2025-01-23,114,1.56,20.8,7.2,15.0,False,Комплексное,A
Брюссельская,2025-03-23,127,0.34,5.0,7.42,15.7,True,Биоудобрение,C
Брюссельская,2024-11-06,118,1.03,7.3,7.18,14.5,False,Комплексное,A
Савойская,2024-12-06,109,1.17,15.9,7.04,12.5,False,Комплексное,A
Брюссельская,2024-05-23,126,0.61,4.4,5.29,4.3,True,Биоудобрение,D
Пекинская,2026-03-10,61,0.56,9.4,5.75,13.5,True,Минеральное,C
Брюссельская,2024-03-14,128,0.76,7.8,6.9,10.1,False,Органическое,A
Краснокочанная,2026-01-19,126,1.32,23.2,7.03,13.4,False,Органическое,B
Савойская,2024-04-27,98,1.87,18.7,6.33,8.8,False,Комплексное,B
Брокколи,2024-12-07,80,0.76,10.2,6.48,15.5,False,Минеральное,A
Краснокочанная,2025-07-12,131,1.68,13.6,7.54,12.2,False,Биоудобрение,A
Савойская,2025-06-14,128,1.32,15.2,5.56,9.2,False,Органическое,B
Брюссельская,2026-02-12,112,1.09,4.1,7.23,17.2,False,Минеральное,B
Цветная,2025-06-23,77,1.69,18.1,6.95,4.8,False,Комплексное,A
Брюссельская,2024-07-19,98,1.29,4.9,6.88,15.7,False,Минеральное,A
Брюссельская,2026-03-14,129,0.66,5.5,5.63,19.3,True,Минеральное,C
Цветная,2025-10-03,121,1.69,17.2,7.41,5.2,True,Минеральное,D
Цветная,2025-11-25,72,2.16,22.0,6.42,10.3,False,Комплексное,A
Брюссельская,2025-03-10,115,0.78,5.5,5.38,12.2,True,Без удобрений,D
Белокочанная,2025-03-17,90,2.42,19.2,5.8,16.6,False,Минеральное,B
Кольраби,2024-12-16,84,0.42,9.2,7.47,17.7,False,Органическое,B
Цветная,2025-07-09,88,1.51,14.5,7.31,11.7,False,Минеральное,A
Кольраби,2026-02-01,84,0.46,6.2,6.64,17.3,True,Без удобрений,C
Цветная,2026-01-27,84,1.52,15.3,5.59,11.7,True,Биоудобрение,D
Цветная,2024-08-12,77,1.75,12.1,5.21,12.9,False,Минеральное,B
Белокочанная,2025-04-12,131,1.38,16.3,6.24,13.4,False,Без удобрений,A
Брюссельская,2026-03-21,124,0.91,5.7,5.27,10.1,False,Без удобрений,C
Кольраби,2024-03-02,71,0.41,9.4,7.21,11.1,False,Минеральное,A
Пекинская,2024-08-01,65,1.22,16.6,6.41,15.0,False,Биоудобрение,A
Савойская,2025-04-20,132,1.76,15.8,5.84,8.0,False,Комплексное,A
Кольраби,2024-06-01,80,0.59,10.8,7.03,5.1,True,Минеральное,D
Брюссельская,2026-02-08,110,1.03,8.4,6.6,11.0,False,Биоудобрение,A
Брюссельская,2025-09-28,106,0.49,4.2,6.66,12.1,False,Комплексное,A
Кольраби,2026-06-12,74,0.64,7.9,6.75,8.7,False,Комплексное,A
Брокколи,2026-02-07,99,1.06,16.1,6.12,16.8,False,Комплексное,A
Белокочанная,2024-09-12,142,2.91,17.8,6.59,10.2,True,Биоудобрение,C
Белокочанная,2025-07-21,93,1.59,16.1,6.04,11.4,False,Минеральное,A
Краснокочанная,2025-04-30,137,1.6,19.6,7.1,15.6,True,Биоудобрение,C
Савойская,2025-02-10,105,2.68,16.4,6.07,12.3,False,Комплексное,A
Кольраби,2026-03-20,81,0.46,11.6,7.47,16.8,False,Биоудобрение,B
Белокочанная,2024-11-17,104,3.66,24.4,7.56,7.8,False,Минеральное,C
Кольраби,2025-10-23,56,1.04,11.8,5.82,17.4,False,Органическое,A
Пекинская,2025-04-03,67,0.89,14.7,6.01,12.8,False,Органическое,A
Брокколи,2024-03-09,68,1.27,13.6,6.2,13.6,False,Органическое,A
Краснокочанная,2025-02-01,130,2.06,22.0,5.51,11.9,False,Без удобрений,C
Краснокочанная,2025-09-25,100,3.0,19.3,6.43,8.0,False,Комплексное,A
Брюссельская,2025-07-09,126,0.89,5.2,5.53,10.5,False,Органическое,B
Брюссельская,2024-09-13,119,0.75,4.8,5.3,10.0,False,Минеральное,B
Брюссельская,2026-02-01,92,0.84,5.7,6.33,14.4,False,Органическое,A
Пекинская,2024-03-20,65,0.81,14.8,6.99,15.3,False,Минеральное,A
Белокочанная,2025-05-01,119,1.89,15.9,6.55,14.4,False,Минеральное,A
Пекинская,2024-07-01,79,1.79,9.7,6.27,13.7,False,Биоудобрение,A
Цветная,2025-11-13,87,1.64,11.7,7.31,12.9,False,Биоудобрение,A
Белокочанная,2025-03-12,93,4.07,16.5,6.3,9.2,False,Биоудобрение,A
Савойская,2026-04-02,103,2.21,18.7,5.21,12.4,False,Комплексное,A
Пекинская,2025-09-28,51,0.75,11.1,6.4,13.2,False,Органическое,A
Цветная,2024-05-27,100,1.01,23.0,6.89,11.9,False,Комплексное,A
Брокколи,2026-05-17,69,0.49,13.9,7.21,8.1,True,Органическое,D
Белокочанная,2025-04-30,107,2.62,20.8,7.24,8.1,False,Без удобрений,C
Брокколи,2025-12-06,99,1.24,18.6,6.54,13.8,True,Минеральное,C
Краснокочанная,2026-06-06,141,1.18,13.9,5.43,17.5,False,Органическое,B
Савойская,2024-12-20,130,2.08,16.9,7.2,13.0,False,Без удобрений,A
Кольраби,2025-07-18,67,0.38,7.5,5.76,4.7,False,Биоудобрение,C
Савойская,2024-06-29,115,2.74,17.4,7.27,11.7,False,Комплексное,A
Пекинская,2024-07-07,55,0.96,8.9,7.32,15.3,True,Минеральное,C
Кольраби,2026-02-11,66,0.92,9.8,6.39,14.9,True,Минеральное,B
Пекинская,2025-06-07,73,1.26,15.4,7.58,18.9,False,Минеральное,C
Брюссельская,2024-07-02,103,0.58,7.8,6.89,10.1,False,Комплексное,B
Белокочанная,2026-05-17,117,2.45,14.3,5.3,7.7,False,Без удобрений,B
Белокочанная,2026-05-22,124,3.08,16.3,5.35,6.1,False,Биоудобрение,C
Брюссельская,2025-03-05,105,0.43,5.9,5.23,11.2,False,Комплексное,B
Кольраби,2024-07-30,74,0.43,9.5,5.51,17.2,False,Без удобрений,C
Цветная,2025-09-06,95,1.85,17.9,7.35,18.1,False,Органическое,B
Пекинская,2024-09-26,57,1.22,11.7,5.22,16.4,False,Комплексное,B
Савойская,2026-02-09,127,2.86,15.5,6.47,14.6,False,Комплексное,A
Цветная,2025-08-07,104,1.68,16.1,6.6,9.4,False,Комплексное,A
Цветная,2026-01-31,84,1.68,20.2,6.09,17.1,False,Комплексное,A
Савойская,2024-09-29,106,0.79,18.4,7.18,9.2,True,Минеральное,C
Цветная,2025-10-31,117,1.13,14.4,6.92,12.4,False,Органическое,B
Брокколи,2026-02-06,81,0.52,11.8,7.38,6.5,False,Органическое,B
Брокколи,2024-03-08,100,0.86,19.9,5.74,11.3,False,Минеральное,B
Брокколи,2026-01-02,102,0.62,9.3,6.7,10.7,True,Минеральное,C
Цветная,2025-08-07,110,1.59,15.9,6.77,9.7,True,Минеральное,C
Савойская,2026-02-21,103,1.4,17.9,6.25,12.4,False,Органическое,A
Белокочанная,2026-05-11,109,2.65,21.9,7.41,18.8,True,Органическое,C
Краснокочанная,2025-09-08,111,2.0,17.1,6.37,8.1,False,Минеральное,B
Белокочанная,2024-04-08,95,2.26,17.6,5.63,6.6,False,Комплексное,C
Брокколи,2025-08-16,92,1.55,11.4,6.49,12.8,True,Комплексное,A
Кольраби,2026-03-09,74,0.55,12.4,5.83,7.8,False,Без удобрений,B
Белокочанная,2026-05-23,105,3.08,22.4,6.11,22.5,False,Органическое,B
Пекинская,2024-12-17,67,1.07,16.8,5.87,10.2,False,Минеральное,B
Цветная,2025-01-16,103,2.08,18.3,6.14,19.9,False,Органическое,C
Краснокочанная,2024-10-20,106,2.79,21.5,6.89,13.4,False,Биоудобрение,A
Цветная,2024-04-05,118,0.65,13.7,5.77,14.1,False,Без удобрений,B
Савойская,2025-03-09,126,2.41,22.3,7.1,11.0,False,Органическое,B
Краснокочанная,2024-09-15,111,1.72,18.3,6.97,6.5,True,Без удобрений,D
Кольраби,2025-11-11,69,0.56,10.0,6.51,11.7,False,Органическое,A
Брокколи,2025-02-27,97,1.32,10.5,6.9,2.6,False,Комплексное,B
Савойская,2024-11-30,135,1.16,21.0,7.03,11.5,False,Биоудобрение,A
Пекинская,2024-09-29,67,0.74,16.4,6.03,12.8,False,Комплексное,A
Цветная,2024-09-24,115,1.68,19.2,6.39,7.8,False,Органическое,B
Брюссельская,2024-07-13,137,0.48,4.0,5.24,5.9,True,Биоудобрение,D
Белокочанная,2025-12-07,108,3.02,23.2,7.06,9.8,False,Комплексное,A
Пекинская,2024-09-09,87,0.97,8.2,5.28,19.6,True,Органическое,D
Белокочанная,2025-05-04,94,4.27,18.5,6.55,12.5,False,Минеральное,A
Краснокочанная,2026-03-26,115,2.25,17.5,6.09,15.4,False,Минеральное,A
Брокколи,2025-11-06,75,0.76,14.3,6.65,9.6,False,Комплексное,A
Пекинская,2024-04-01,55,0.64,15.1,5.29,19.4,False,Минеральное,B
Брюссельская,2026-04-14,111,1.15,4.7,7.1,12.6,False,Органическое,A
Брокколи,2025-03-21,81,1.29,10.6,5.67,15.6,False,Органическое,B
Краснокочанная,2026-05-10,148,0.9,13.8,5.61,8.5,False,Без удобрений,C
Краснокочанная,2025-11-19,137,2.58,16.3,7.5,18.2,False,Органическое,C
Брюссельская,2025-02-21,112,0.73,8.1,5.93,6.9,False,Биоудобрение,B
Пекинская,2024-08-20,61,1.37,10.4,5.37,12.6,False,Биоудобрение,B
Пекинская,2025-06-06,73,0.75,14.2,5.61,16.1,True,Минеральное,C
Савойская,2025-05-25,103,1.16,13.1,5.76,9.6,False,Без удобрений,C
Савойская,2024-10-12,117,1.2,18.1,6.87,10.9,True,Органическое,C
Кольраби,2024-07-02,73,0.7,11.5,5.62,17.0,True,Комплексное,C
Савойская,2024-10-17,111,1.36,22.7,7.13,11.9,False,Органическое,A
Кольраби,2024-12-14,88,0.33,10.0,6.72,11.7,False,Комплексное,A
Савойская,2026-06-15,131,1.87,15.9,6.58,15.0,False,Биоудобрение,A
Савойская,2024-05-29,108,1.3,20.9,6.04,15.0,False,Органическое,A
Краснокочанная,2026-04-12,137,2.19,18.6,7.14,15.7,False,Минеральное,A
Краснокочанная,2024-10-15,119,1.27,22.5,6.77,14.7,False,Комплексное,B
Пекинская,2024-03-10,55,1.6,14.2,6.84,20.5,False,Минеральное,B
Цветная,2025-03-12,100,1.97,15.1,5.74,12.0,False,Комплексное,A
Цветная,2025-06-05,94,2.05,12.1,6.26,10.7,False,Органическое,A
Белокочанная,2026-05-12,119,3.21,13.3,6.12,12.6,False,Без удобрений,B
Пекинская,2025-02-02,73,0.78,14.6,5.52,23.1,False,Органическое,B
Брокколи,2025-01-14,66,0.59,9.6,6.96,10.4,False,Без удобрений,B
Брокколи,2024-04-22,66,1.34,16.3,7.59,16.3,False,Комплексное,A
Брюссельская,2025-08-09,94,0.4,7.0,6.29,14.2,False,Минеральное,A
Пекинская,2025-12-29,56,0.93,13.2,6.99,18.1,False,Минеральное,A
Брокколи,2024-08-02,64,0.91,15.9,6.53,7.3,False,Биоудобрение,B
Белокочанная,2024-03-12,93,2.95,15.5,5.77,17.0,False,Биоудобрение,B
Кольраби,2025-10-31,68,0.35,9.4,6.67,14.7,False,Биоудобрение,B
Пекинская,2025-04-20,79,1.83,15.1,5.98,12.0,False,Минеральное,A
Брюссельская,2025-01-12,103,0.54,4.2,5.75,8.6,False,Биоудобрение,B
Краснокочанная,2024-05-21,145,1.86,23.7,6.57,6.9,False,Минеральное,A
Кольраби,2025-03-08,86,0.68,9.5,6.65,12.0,False,Без удобрений,A
Савойская,2025-08-07,113,1.89,14.1,7.05,9.0,False,Комплексное,A
Пекинская,2025-08-19,62,1.4,11.3,7.36,14.4,False,Органическое,B
Савойская,2025-10-07,104,2.29,20.2,6.27,16.4,False,Минеральное,B
Савойская,2026-05-05,100,1.77,19.9,5.37,14.6,False,Комплексное,A
Белокочанная,2024-04-28,105,4.19,18.0,7.0,16.3,False,Минеральное,A
Савойская,2026-03-22,111,2.2,16.3,5.3,15.6,False,Комплексное,B
Цветная,2026-02-17,95,1.89,20.7,7.48,6.7,False,Органическое,C
Брюссельская,2026-02-18,113,0.76,6.6,6.52,8.0,False,Комплексное,A
Пекинская,2025-04-13,61,0.95,14.0,7.24,12.4,False,Минеральное,A
Пекинская,2024-08-06,48,0.87,11.5,6.34,15.4,False,Биоудобрение,A
Краснокочанная,2024-08-05,138,2.08,16.9,5.49,14.3,False,Органическое,B
Пекинская,2024-09-10,68,1.2,13.1,7.05,15.8,True,Комплексное,C
Кольраби,2025-04-26,73,0.44,11.5,6.66,16.7,False,Комплексное,A
Пекинская,2025-06-23,64,1.65,10.8,5.96,17.0,False,Минеральное,A
Краснокочанная,2025-05-18,125,2.38,19.9,6.01,8.4,False,Без удобрений,B
Кольраби,2025-02-13,86,0.34,12.0,7.21,15.9,False,Комплексное,B
Цветная,2025-02-23,112,0.92,15.5,5.4,13.3,False,Органическое,B
Брокколи,2025-04-25,83,0.7,13.0,7.12,3.7,True,Биоудобрение,D
Цветная,2024-05-15,94,1.65,22.4,7.27,14.6,False,Комплексное,B
Краснокочанная,2025-02-21,108,2.66,16.8,6.26,9.8,False,Минеральное,A
Белокочанная,2025-08-01,138,2.19,17.8,5.99,11.3,False,Минеральное,A
Кольраби,2025-10-14,85,0.6,11.3,5.23,5.1,False,Биоудобрение,C
Брюссельская,2025-10-17,117,1.13,8.3,5.44,11.2,False,Комплексное,B
Брюссельская,2025-09-22,98,1.05,7.5,5.27,13.3,False,Биоудобрение,B
Брюссельская,2025-06-23,121,0.81,4.9,7.13,16.7,True,Биоудобрение,D
Белокочанная,2025-12-05,128,1.73,16.1,6.73,16.1,False,Комплексное,A
Брюссельская,2025-01-18,112,0.35,7.1,5.28,14.9,False,Органическое,B
Савойская,2024-07-12,120,2.33,16.8,5.93,14.2,False,Без удобрений,B
Цветная,2025-12-22,99,1.36,11.9,6.49,6.2,False,Без удобрений,B
Цветная,2025-02-08,112,1.63,21.4,6.02,13.0,False,Биоудобрение,A
Кольраби,2026-02-18,94,0.22,10.5,5.21,17.3,True,Минеральное,D
Брюссельская,2025-10-16,123,0.85,8.5,7.04,14.6,False,Органическое,A
Краснокочанная,2024-09-06,110,1.79,20.9,7.04,18.4,False,Биоудобрение,B
Брюссельская,2024-06-17,118,1.29,8.3,6.23,12.0,False,Органическое,A
Краснокочанная,2025-01-31,134,1.87,17.6,6.1,10.1,True,Минеральное,C
Пекинская,2026-02-21,48,1.37,17.0,6.11,17.1,False,Комплексное,A
Кольраби,2025-12-13,60,0.83,9.4,6.6,4.3,False,Биоудобрение,B
Пекинская,2025-11-25,63,1.45,10.6,5.55,9.1,False,Комплексное,B
Белокочанная,2025-11-17,132,1.46,18.1,6.78,16.2,False,Комплексное,B
Цветная,2025-07-19,81,0.99,22.2,5.25,16.6,False,Минеральное,B
Савойская,2026-02-03,100,2.34,19.8,7.05,9.8,False,Минеральное,B
Брокколи,2024-03-25,65,0.71,10.7,6.27,13.9,False,Минеральное,A
Савойская,2025-03-30,110,1.86,16.9,6.52,10.5,False,Органическое,B
Краснокочанная,2025-12-19,105,1.97,14.9,6.7,23.2,False,Биоудобрение,B
Кольраби,2024-12-25,67,1.12,7.3,6.19,15.1,False,Органическое,A
Брокколи,2025-01-12,80,1.06,18.3,5.96,14.4,False,Минеральное,A
Пекинская,2025-08-12,74,1.65,16.1,7.51,15.5,False,Минеральное,B
Брюссельская,2025-08-16,99,1.21,4.3,7.31,17.7,False,Биоудобрение,B
Кольраби,2024-12-26,87,0.87,9.2,6.73,14.7,False,Органическое,A
Краснокочанная,2024-06-07,123,2.29,11.7,7.49,11.6,True,Минеральное,C
Кольраби,2025-11-02,64,0.25,10.5,5.88,10.6,False,Без удобрений,C
Брокколи,2026-02-01,83,0.81,13.1,7.38,18.4,False,Комплексное,B
Белокочанная,2025-12-28,119,1.55,25.4,6.89,14.7,False,Комплексное,A
Белокочанная,2025-01-01,116,1.81,17.8,6.67,13.3,False,Комплексное,A
Кольраби,2026-02-09,89,0.65,8.4,6.04,17.0,False,Без удобрений,A
Брюссельская,2024-12-04,102,0.34,7.8,6.29,12.1,True,Биоудобрение,C
Цветная,2024-03-06,93,1.83,17.7,6.6,14.1,False,Органическое,A
Брюссельская,2024-11-20,101,0.79,4.7,5.49,15.3,False,Без удобрений,B
Белокочанная,2024-07-05,98,2.17,12.9,7.5,5.4,False,Без удобрений,C
Брюссельская,2024-03-10,127,1.2,5.5,5.51,4.5,False,Комплексное,B
Савойская,2025-10-09,103,1.35,18.2,6.61,20.2,True,Минеральное,C
Пекинская,2024-07-24,86,0.62,9.5,7.57,8.1,True,Органическое,D
Кольраби,2024-04-17,60,0.6,9.5,5.94,12.0,False,Комплексное,A
Савойская,2024-11-15,117,1.78,19.7,5.83,13.7,False,Минеральное,A
Савойская,2025-07-06,118,1.39,20.3,7.27,15.9,True,Органическое,C
Брокколи,2025-08-22,84,1.02,13.8,7.09,13.9,False,Органическое,A
Пекинская,2025-02-09,84,1.55,11.5,7.49,14.0,True,Биоудобрение,C
Кольраби,2026-02-23,90,1.03,12.1,6.35,12.8,False,Органическое,A
Савойская,2024-11-04,124,2.81,19.0,7.05,13.4,False,Минеральное,A
Белокочанная,2025-05-20,109,2.86,21.9,6.71,11.3,False,Без удобрений,B
Брокколи,2025-07-16,80,0.96,15.4,5.45,9.5,True,Биоудобрение,D
Брокколи,2024-06-27,80,0.8,9.4,6.76,9.9,True,Органическое,C
Пекинская,2026-03-03,72,1.93,14.0,7.06,10.7,False,Комплексное,A
Краснокочанная,2025-02-12,114,1.19,19.3,5.65,9.8,False,Без удобрений,B
Брокколи,2024-08-19,77,0.6,12.4,6.6,12.3,False,Без удобрений,A
Савойская,2025-04-19,101,2.52,22.1,5.76,12.5,False,Комплексное,A
Савойская,2024-11-20,116,1.83,17.2,6.64,17.8,False,Комплексное,A
Краснокочанная,2024-12-24,106,2.26,15.5,6.61,13.9,False,Биоудобрение,A
Брюссельская,2026-05-24,92,0.72,8.5,7.51,11.3,False,Органическое,B
Брокколи,2025-12-20,100,0.82,11.1,5.4,14.6,True,Минеральное,C
Пекинская,2025-01-25,74,1.33,9.6,5.45,11.4,False,Органическое,B
Пекинская,2024-04-08,54,0.74,10.3,6.6,21.6,False,Минеральное,B
Брюссельская,2025-03-31,111,0.98,6.7,5.73,14.4,False,Минеральное,B
Брокколи,2026-01-24,101,0.42,13.8,7.22,7.9,True,Комплексное,C
Савойская,2024-05-04,129,1.06,18.9,5.61,19.5,True,Комплексное,D
Брокколи,2025-02-10,71,0.52,19.9,6.19,10.3,False,Комплексное,A
Савойская,2024-08-14,115,2.55,21.7,6.28,13.4,False,Органическое,A
Брокколи,2026-05-02,94,1.11,15.2,5.55,5.9,False,Биоудобрение,C
Краснокочанная,2025-04-20,119,1.67,16.4,7.58,8.1,False,Минеральное,B
Цветная,2024-09-02,102,2.07,14.8,6.05,7.6,False,Минеральное,B
Савойская,2024-11-22,133,2.25,20.0,5.85,11.3,False,Без удобрений,C
Савойская,2024-05-23,110,2.08,23.1,7.52,13.9,False,Биоудобрение,B
Кольраби,2024-12-20,56,0.43,12.9,7.24,13.7,False,Комплексное,A
Белокочанная,2024-07-29,119,2.94,22.2,6.96,9.8,False,Минеральное,A
Брокколи,2025-05-29,84,0.9,15.2,5.91,15.3,False,Органическое,B
Савойская,2025-07-19,105,2.71,22.5,6.76,14.5,False,Минеральное,A
Цветная,2025-08-12,90,1.13,18.7,6.29,14.0,False,Минеральное,A
Белокочанная,2024-11-08,106,3.66,13.9,5.88,9.0,False,Органическое,B
Цветная,2024-10-03,120,1.11,16.8,6.1,14.9,False,Органическое,B
Савойская,2026-04-27,113,2.02,17.1,6.44,13.6,True,Органическое,C
Брокколи,2025-11-07,94,1.1,13.9,5.26,8.6,False,Комплексное,B
Брюссельская,2026-05-13,113,1.2,5.7,7.14,10.5,False,Минеральное,A
Савойская,2024-04-19,135,1.89,16.1,7.52,15.9,False,Органическое,B
Белокочанная,2026-04-23,117,3.75,18.7,5.32,17.1,False,Комплексное,B
Краснокочанная,2025-01-23,147,1.93,15.4,6.18,7.3,False,Минеральное,B
Кольраби,2025-06-23,60,0.3,6.2,6.76,7.3,True,Без удобрений,C
Кольраби,2024-07-20,75,0.77,10.5,7.04,13.3,False,Биоудобрение,B
Савойская,2024-11-08,134,2.55,14.6,5.83,11.3,False,Органическое,B
Брокколи,2025-11-30,89,0.8,15.8,7.1,6.9,False,Комплексное,A
Белокочанная,2025-02-21,130,3.25,20.1,5.29,18.4,False,Органическое,B
Краснокочанная,2026-02-05,101,2.07,17.5,6.23,13.3,False,Без удобрений,B
Кольраби,2025-11-07,68,0.77,11.5,5.79,6.8,True,Органическое,D
Цветная,2026-01-18,83,0.67,10.4,5.62,13.1,False,Без удобрений,B
Кольраби,2026-06-04,84,0.35,7.5,6.68,5.5,False,Комплексное,B
Краснокочанная,2025-07-29,126,1.61,13.7,6.83,14.3,True,Минеральное,C
Краснокочанная,2024-07-25,142,2.38,20.6,6.26,12.9,False,Комплексное,A
Кольраби,2026-01-18,79,0.71,9.8,6.31,9.8,False,Органическое,B
Брокколи,2025-09-13,88,0.63,18.0,5.91,10.0,False,Минеральное,A
Краснокочанная,2026-02-08,143,2.01,12.4,6.32,5.6,False,Без удобрений,C
Краснокочанная,2024-07-06,136,1.67,20.0,6.5,11.2,False,Минеральное,A
Брокколи,2026-04-12,87,0.87,16.3,5.79,15.1,False,Без удобрений,B
Краснокочанная,2024-08-15,150,3.23,21.3,6.36,11.8,False,Комплексное,A
Брюссельская,2024-09-13,102,0.83,6.0,7.58,8.8,True,Комплексное,D
Брюссельская,2025-02-12,96,0.56,3.9,5.41,15.7,False,Минеральное,B
Краснокочанная,2026-04-05,144,1.78,21.1,6.39,20.2,False,Комплексное,A
Пекинская,2024-12-22,64,0.54,15.4,5.76,20.3,False,Минеральное,B
Краснокочанная,2024-10-06,134,1.96,18.3,6.9,4.8,False,Минеральное,C
Брюссельская,2024-09-18,117,0.99,8.4,7.18,17.3,False,Комплексное,A
Цветная,2026-05-24,106,1.59,19.1,7.12,13.2,True,Комплексное,B
Цветная,2026-03-27,91,0.86,16.3,6.2,15.3,False,Без удобрений,B
Цветная,2024-10-02,80,1.61,12.4,5.31,12.8,False,Комплексное,B
Кольраби,2025-08-08,62,0.5,8.1,5.84,13.6,False,Минеральное,A
Брюссельская,2025-04-22,104,0.76,4.1,6.72,17.3,False,Комплексное,A
Кольраби,2024-07-01,76,0.58,6.7,7.42,17.0,True,Органическое,D
Кольраби,2025-11-12,86,0.76,8.8,6.32,12.9,True,Комплексное,B
Брюссельская,2024-08-01,105,0.53,4.2,6.42,14.3,False,Минеральное,A
Краснокочанная,2024-07-24,114,1.66,16.3,6.72,11.3,False,Органическое,A
Брюссельская,2026-01-12,132,0.59,5.5,6.05,10.1,True,Органическое,B
Брокколи,2024-06-05,70,1.17,11.8,5.87,8.5,False,Без удобрений,B
Савойская,2025-01-13,116,2.59,20.0,6.76,12.2,False,Органическое,A
Цветная,2024-07-30,102,0.88,11.8,6.1,6.9,False,Комплексное,B
Савойская,2024-10-04,134,2.73,14.0,6.4,13.0,False,Биоудобрение,A
Пекинская,2024-09-23,82,0.55,11.9,5.46,14.2,False,Биоудобрение,B
Пекинская,2025-04-30,77,0.57,16.6,7.58,10.0,False,Комплексное,B
Кольраби,2025-08-04,84,0.5,11.9,7.19,14.7,False,Биоудобрение,A
Брокколи,2024-11-29,97,1.13,8.8,5.49,9.0,False,Без удобрений,C
Белокочанная,2024-04-19,136,2.98,21.1,5.64,8.3,True,Минеральное,D
Савойская,2024-03-05,128,2.1,12.6,6.0,23.7,False,Органическое,B
Цветная,2025-03-03,107,0.68,11.8,5.63,19.7,True,Минеральное,D
Пекинская,2024-11-07,76,1.39,13.6,6.45,17.3,False,Комплексное,A
Белокочанная,2024-08-11,117,1.26,15.2,7.45,14.9,False,Минеральное,B
Пекинская,2025-03-03,80,0.92,9.8,7.53,11.0,True,Органическое,D
Пекинская,2026-03-29,49,1.25,12.8,5.68,6.7,False,Минеральное,B
Цветная,2024-06-09,104,0.81,16.3,6.04,4.3,True,Органическое,C
Брокколи,2025-12-16,84,0.66,12.8,7.05,17.2,True,Минеральное,C
Савойская,2025-01-01,107,1.34,17.6,6.29,13.3,True,Комплексное,B
Краснокочанная,2026-01-27,155,2.65,14.2,5.51,12.3,True,Комплексное,D
Савойская,2026-04-21,133,1.15,22.0,6.88,14.6,False,Биоудобрение,A
Белокочанная,2024-08-06,124,2.56,18.2,5.59,17.7,False,Органическое,B
Савойская,2024-12-22,130,1.39,21.6,5.24,13.1,False,Минеральное,B
Краснокочанная,2024-05-22,140,2.99,21.6,6.05,11.6,False,Органическое,A
Савойская,2024-10-12,99,1.05,19.5,5.89,10.5,False,Органическое,A
Краснокочанная,2025-07-20,141,3.22,19.6,7.29,11.4,False,Органическое,B
Краснокочанная,2026-02-10,133,1.73,17.0,7.25,10.1,False,Органическое,B
Белокочанная,2024-05-17,99,3.89,23.2,6.25,22.2,False,Биоудобрение,B
Брокколи,2024-10-27,94,1.1,13.3,5.61,5.0,False,Биоудобрение,B
Брокколи,2024-12-30,81,1.15,15.2,6.86,11.2,False,Органическое,A
Савойская,2025-08-20,115,2.41,18.8,5.56,13.9,False,Органическое,A
Цветная,2026-02-18,111,2.13,16.7,7.11,11.7,False,Органическое,A
Белокочанная,2025-03-26,135,3.73,20.5,6.11,10.8,True,Комплексное,C
Цветная,2025-04-03,106,1.57,11.1,7.46,8.7,False,Органическое,B
Краснокочанная,2025-06-22,123,1.92,17.7,6.57,8.6,False,Органическое,A
Савойская,2024-09-14,130,1.17,18.5,6.83,16.6,False,Минеральное,A
Цветная,2024-06-28,81,2.02,14.6,7.42,10.6,False,Без удобрений,C
Краснокочанная,2025-11-25,126,1.34,24.9,7.4,15.5,False,Комплексное,B
Брокколи,2026-03-01,82,1.58,14.9,6.76,12.4,False,Комплексное,A
Брюссельская,2025-08-02,95,1.07,6.4,5.69,13.5,False,Биоудобрение,C
Цветная,2024-04-02,88,1.6,19.7,7.54,17.1,False,Минеральное,B
Белокочанная,2026-03-23,141,3.42,23.5,7.25,16.7,False,Комплексное,B
Пекинская,2026-05-01,59,1.23,14.0,5.25,14.3,False,Без удобрений,C
Белокочанная,2026-04-03,122,3.0,20.0,7.33,9.0,False,Органическое,A
Белокочанная,2024-10-02,130,2.45,17.8,7.41,17.2,False,Комплексное,B
Цветная,2026-02-23,111,1.51,21.4,6.62,8.4,False,Комплексное,A
Белокочанная,2024-06-19,111,3.86,20.5,6.71,9.8,False,Органическое,A
Кольраби,2025-10-05,90,0.69,7.8,5.44,10.9,False,Без удобрений,C
Краснокочанная,2025-04-21,134,3.27,13.3,5.38,15.2,False,Комплексное,B
Брюссельская,2025-03-03,96,0.6,5.3,7.34,11.2,False,Органическое,B
Брюссельская,2024-06-11,115,0.45,4.8,6.97,9.9,False,Минеральное,A
Брюссельская,2024-12-07,126,0.4,4.8,7.57,9.0,True,Комплексное,C
Савойская,2024-09-24,107,1.96,17.3,6.51,15.3,False,Минеральное,A
Кольраби,2024-12-06,73,0.44,12.6,7.34,15.2,False,Биоудобрение,B
Краснокочанная,2025-08-27,123,1.8,18.3,5.35,17.7,True,Минеральное,D
Кольраби,2025-05-11,90,0.76,8.1,6.71,9.8,False,Органическое,B
Савойская,2024-06-23,127,1.49,20.4,7.21,5.8,False,Органическое,B
Краснокочанная,2024-11-28,131,2.95,18.7,5.69,17.5,False,Минеральное,C
Брюссельская,2024-04-25,97,1.42,8.6,6.67,10.8,False,Комплексное,A
Кольраби,2024-03-22,61,0.72,7.7,5.78,4.8,False,Комплексное,C
Савойская,2025-09-18,115,1.55,15.8,7.01,18.3,True,Без удобрений,D
Брокколи,2025-07-08,90,0.36,11.6,5.72,7.1,True,Без удобрений,D
Белокочанная,2024-05-01,141,2.52,12.3,5.37,14.7,True,Органическое,C
Кольраби,2025-02-16,83,1.03,10.9,5.25,12.0,False,Комплексное,B
Кольраби,2024-06-20,82,0.86,9.4,5.87,17.1,False,Комплексное,A
Краснокочанная,2025-01-09,130,2.62,17.9,7.59,13.2,True,Комплексное,C
Краснокочанная,2024-03-31,112,2.7,21.0,6.67,13.9,False,Биоудобрение,A
Цветная,2024-08-05,91,1.42,9.6,6.3,12.7,True,Без удобрений,C
Брюссельская,2024-07-19,105,0.97,8.2,7.18,14.2,False,Минеральное,B
Краснокочанная,2026-01-05,104,2.52,13.6,5.7,10.6,False,Без удобрений,C
Брюссельская,2025-11-10,92,0.75,6.8,7.55,17.3,False,Биоудобрение,C
Пекинская,2026-04-20,61,1.53,12.2,6.06,12.0,False,Органическое,A
Савойская,2026-02-03,128,2.34,18.2,6.79,14.2,False,Органическое,A
Брюссельская,2024-08-26,122,0.64,6.0,6.54,13.6,False,Биоудобрение,A
Савойская,2025-05-02,125,2.21,18.4,7.52,10.9,False,Комплексное,A
Цветная,2025-09-25,107,1.5,17.5,6.5,9.4,False,Минеральное,B
Краснокочанная,2025-08-11,107,1.74,16.6,7.46,12.6,False,Минеральное,B
Белокочанная,2025-09-12,136,2.45,14.7,7.23,10.0,True,Органическое,C
Краснокочанная,2024-05-15,149,1.33,22.5,6.47,16.0,False,Комплексное,A
Пекинская,2026-03-09,69,1.16,12.8,6.47,12.0,False,Минеральное,A
Краснокочанная,2025-09-19,107,1.8,14.6,7.43,12.4,False,Комплексное,B
Пекинская,2026-04-11,53,1.52,10.2,6.91,16.4,False,Без удобрений,B
Брюссельская,2025-02-25,129,0.6,7.0,7.52,19.8,False,Комплексное,B
Брокколи,2025-06-17,88,1.46,16.5,7.41,11.6,True,Комплексное,C
Цветная,2026-05-05,84,1.04,22.0,7.17,13.6,False,Комплексное,A
Краснокочанная,2026-02-28,107,1.84,15.2,7.38,15.3,True,Комплексное,C
Пекинская,2025-01-24,72,1.7,14.9,5.99,17.0,False,Биоудобрение,B
Кольраби,2025-10-24,87,0.73,6.6,5.48,13.9,False,Без удобрений,C
Савойская,2025-05-29,121,1.27,16.1,6.76,9.3,False,Минеральное,B
Краснокочанная,2026-04-18,122,1.59,13.0,7.47,10.6,False,Биоудобрение,B
Белокочанная,2025-03-10,126,4.07,16.1,6.38,13.9,False,Биоудобрение,A
Краснокочанная,2024-08-30,110,1.36,16.3,6.35,16.1,True,Без удобрений,D
Савойская,2024-06-23,124,1.52,21.0,6.82,9.7,False,Органическое,B
Савойская,2025-07-15,135,1.05,12.4,6.23,14.1,True,Биоудобрение,A
Цветная,2026-04-12,109,1.11,17.4,5.42,14.6,True,Минеральное,D
Брюссельская,2025-11-15,98,0.67,4.3,5.86,17.6,True,Комплексное,B
Цветная,2024-09-25,122,0.86,18.0,7.53,10.5,False,Биоудобрение,B
Брокколи,2025-07-13,78,0.74,10.4,7.57,21.6,False,Без удобрений,C
Цветная,2024-12-19,104,1.6,15.4,5.92,18.7,False,Минеральное,B
Савойская,2024-10-31,126,2.1,15.8,5.81,4.8,False,Комплексное,C
Краснокочанная,2024-09-15,132,1.67,23.8,5.65,16.3,False,Комплексное,B
Брюссельская,2025-08-19,103,0.65,4.7,5.63,10.2,False,Биоудобрение,B
Брюссельская,2026-03-11,117,0.55,4.9,6.32,18.1,True,Без удобрений,C
Цветная,2025-04-20,72,1.34,15.3,6.3,19.0,False,Минеральное,B
Белокочанная,2025-02-15,115,2.33,15.4,6.99,11.1,False,Органическое,A
Пекинская,2026-04-05,45,1.0,11.8,5.86,11.2,False,Комплексное,A
Краснокочанная,2024-04-15,140,2.27,20.8,6.78,14.1,True,Минеральное,C
Краснокочанная,2026-01-08,127,2.88,16.3,7.02,9.4,False,Биоудобрение,A
Белокочанная,2026-03-16,95,2.18,27.2,5.26,14.6,False,Комплексное,B
Краснокочанная,2025-02-28,118,1.03,20.3,6.91,9.8,False,Без удобрений,B
Краснокочанная,2025-07-07,109,2.33,15.6,7.37,10.2,False,Комплексное,B
Пекинская,2025-07-28,57,0.54,12.6,6.63,24.1,True,Органическое,D
Цветная,2025-08-13,112,1.4,13.7,6.81,10.2,False,Комплексное,A
Савойская,2026-06-04,123,1.69,22.4,5.97,15.2,False,Биоудобрение,A
Пекинская,2026-02-22,56,0.81,9.4,5.5,14.5,True,Без удобрений,D
Кольраби,2025-06-10,74,0.48,12.6,6.32,11.6,False,Комплексное,A
Краснокочанная,2026-01-19,136,1.32,16.1,7.37,15.7,False,Комплексное,A
Савойская,2026-04-26,107,2.62,21.5,7.04,18.4,False,Органическое,B
Белокочанная,2024-09-02,105,2.6,22.0,5.79,14.6,False,Биоудобрение,B
Кольраби,2026-03-31,91,0.41,7.3,5.29,16.5,False,Органическое,B
Брюссельская,2024-03-01,93,0.55,7.7,5.57,16.0,False,Органическое,B
Краснокочанная,2025-08-08,114,1.35,14.6,5.38,22.6,False,Органическое,C
Белокочанная,2025-01-09,130,2.21,17.6,5.89,10.0,False,Органическое,B
Цветная,2024-11-22,114,2.03,11.3,7.33,9.9,False,Комплексное,A
Цветная,2024-12-28,84,0.9,13.5,7.17,10.1,False,Без удобрений,B
Белокочанная,2025-08-28,109,3.19,25.4,6.89,21.3,False,Минеральное,C
Кольраби,2025-04-29,68,0.53,11.8,5.41,12.5,False,Минеральное,C
Брюссельская,2024-05-20,91,1.19,6.6,6.98,14.3,False,Биоудобрение,A
Брюссельская,2025-09-09,113,0.8,7.6,6.04,9.7,False,Без удобрений,B
Кольраби,2024-10-15,57,0.6,10.4,7.39,9.5,False,Минеральное,B
Краснокочанная,2026-01-17,145,1.99,18.9,6.61,14.3,False,Органическое,A
Брокколи,2024-08-31,95,0.9,17.5,6.02,13.4,True,Биоудобрение,C
Савойская,2025-01-02,123,1.18,20.0,5.98,16.6,False,Комплексное,A
Савойская,2026-01-30,104,1.85,19.1,6.91,9.6,False,Комплексное,A
Кольраби,2024-05-10,65,0.44,10.0,6.45,17.1,False,Комплексное,A
Савойская,2025-02-07,121,1.87,13.9,6.06,16.0,False,Органическое,A
Пекинская,2025-12-08,77,0.7,9.3,6.58,9.7,False,Органическое,B
Краснокочанная,2024-10-26,105,1.57,16.2,7.23,10.3,True,Комплексное,C
Пекинская,2024-12-26,50,0.96,14.5,5.85,12.9,False,Без удобрений,A
Брюссельская,2025-07-08,107,0.8,4.2,5.51,7.3,False,Комплексное,C
Кольраби,2025-01-28,89,0.9,6.5,5.49,18.9,False,Комплексное,B
Цветная,2025-11-12,121,1.93,11.9,5.68,8.3,False,Биоудобрение,B
Кольраби,2026-03-30,79,0.53,11.3,7.57,12.1,False,Минеральное,B
Брюссельская,2026-04-05,106,0.86,7.5,7.1,8.7,False,Минеральное,A
Кольраби,2026-05-28,73,1.06,6.4,5.39,13.8,False,Минеральное,B
Цветная,2025-07-13,77,0.9,16.2,5.74,16.8,False,Без удобрений,B
Кольраби,2024-12-22,64,0.34,10.9,6.18,9.1,False,Комплексное,A
Брюссельская,2025-02-16,96,0.6,6.7,7.5,14.0,False,Биоудобрение,B
Белокочанная,2025-10-24,109,1.9,21.9,6.96,18.6,False,Органическое,B
Цветная,2025-08-07,107,1.92,19.5,7.01,11.8,False,Биоудобрение,A
Пекинская,2025-02-06,75,1.67,9.7,7.41,17.4,False,Комплексное,A
Кольраби,2024-04-29,84,1.04,11.6,5.51,15.1,False,Комплексное,B
Кольраби,2025-10-28,65,0.94,6.6,5.44,18.3,False,Комплексное,B
Савойская,2025-12-05,135,1.88,13.3,6.07,9.8,True,Минеральное,C
Белокочанная,2025-02-05,102,1.59,18.1,6.5,18.7,True,Минеральное,C
Цветная,2024-11-03,92,2.01,14.1,5.92,12.6,False,Органическое,A
Брокколи,2026-01-31,102,1.27,14.1,5.84,15.5,True,Комплексное,C
Кольраби,2025-07-03,85,0.42,7.2,5.35,14.6,False,Органическое,B
Брюссельская,2026-04-04,104,0.37,4.6,5.42,18.2,False,Биоудобрение,C
Цветная,2026-02-18,91,0.7,14.5,6.1,14.3,True,Биоудобрение,C
Белокочанная,2024-12-25,102,2.66,23.1,6.57,18.0,False,Органическое,A
Брокколи,2026-04-01,86,1.3,15.5,7.4,22.0,False,Комплексное,B
Савойская,2026-01-18,109,2.53,18.9,5.88,7.9,False,Минеральное,A
Кольраби,2024-12-19,90,1.06,12.8,7.42,14.5,False,Минеральное,B
Брюссельская,2024-09-29,92,0.92,4.1,5.75,12.0,False,Минеральное,B
Брокколи,2024-08-21,71,0.95,13.6,5.63,19.3,True,Минеральное,C
Цветная,2024-09-09,81,1.82,15.5,6.25,11.4,False,Без удобрений,B
Пекинская,2026-01-16,73,1.27,11.7,6.51,16.0,True,Минеральное,B
Пекинская,2025-09-16,77,1.48,13.9,6.15,18.0,False,Минеральное,B
Краснокочанная,2024-08-07,142,1.07,20.2,6.56,4.2,False,Минеральное,A
Савойская,2025-01-10,129,1.21,17.0,6.18,15.3,False,Минеральное,A
Брюссельская,2025-09-12,105,1.06,5.7,6.61,18.4,True,Органическое,C
Пекинская,2024-08-12,50,1.06,17.2,6.75,15.3,False,Комплексное,B
Белокочанная,2024-09-13,105,3.16,15.0,7.03,15.8,False,Без удобрений,B
Савойская,2025-02-18,107,2.09,13.1,5.64,5.0,False,Минеральное,C
Кольраби,2024-04-29,90,0.31,10.8,6.81,14.2,False,Минеральное,A
Брюссельская,2024-05-06,120,0.4,7.3,5.58,11.5,False,Минеральное,B
Брокколи,2025-04-29,66,1.14,16.4,6.32,16.8,False,Минеральное,A
Савойская,2024-07-17,132,1.34,15.3,5.6,12.5,False,Без удобрений,A
Белокочанная,2025-04-06,108,2.04,23.3,7.16,17.5,False,Комплексное,B
Савойская,2025-01-30,103,2.65,19.0,7.24,12.7,False,Комплексное,A
Брокколи,2025-08-28,98,0.75,13.5,6.81,14.2,True,Минеральное,C
Белокочанная,2024-10-16,97,1.81,17.7,6.09,9.1,True,Минеральное,C
Савойская,2025-03-03,130,1.02,16.4,7.44,17.0,False,Биоудобрение,B
Пекинская,2024-04-22,81,0.58,10.0,6.69,13.2,True,Биоудобрение,C
Кольраби,2026-05-22,66,0.52,6.7,5.44,13.1,False,Комплексное,A
Савойская,2024-12-31,114,2.15,13.8,7.54,13.2,False,Комплексное,A
Краснокочанная,2025-12-18,141,3.48,25.1,6.53,13.5,False,Минеральное,A
Краснокочанная,2025-06-03,120,1.42,17.2,5.81,18.5,False,Биоудобрение,B
Белокочанная,2024-07-08,95,2.7,14.7,5.35,11.8,False,Органическое,B
Брокколи,2024-11-09,91,0.83,15.6,5.61,7.8,False,Органическое,B
Кольраби,2025-09-04,70,0.72,9.0,7.06,8.6,False,Органическое,B
Кольраби,2026-01-08,84,0.9,7.4,7.31,6.4,False,Без удобрений,C
Брокколи,2025-07-08,64,0.45,15.2,6.32,14.9,True,Без удобрений,B
Краснокочанная,2024-05-01,126,2.49,25.0,6.26,12.5,False,Комплексное,A
Кольраби,2026-01-09,78,1.18,13.4,6.36,13.6,False,Комплексное,A
Савойская,2024-09-27,112,2.6,18.9,7.12,9.2,False,Органическое,B
Краснокочанная,2025-06-02,130,2.65,19.2,5.33,6.6,False,Минеральное,B
Кольраби,2025-10-10,58,0.82,9.8,6.68,13.0,False,Органическое,A
Белокочанная,2024-03-20,90,2.28,17.5,6.04,13.7,False,Минеральное,A
Савойская,2024-11-14,125,2.16,13.7,5.31,19.1,False,Комплексное,C
Брокколи,2024-11-14,90,0.82,13.5,5.31,10.2,False,Минеральное,B
Пекинская,2026-04-28,69,1.12,15.4,7.02,8.9,False,Минеральное,A
Пекинская,2026-01-19,54,1.27,17.1,6.84,17.5,False,Биоудобрение,A
Пекинская,2025-10-25,52,1.83,14.0,6.52,14.8,False,Биоудобрение,A
Белокочанная,2025-01-27,110,4.4,26.2,5.84,12.1,False,Комплексное,A
Краснокочанная,2026-04-15,109,3.07,20.2,6.39,11.7,False,Биоудобрение,A
Брокколи,2024-03-29,82,1.28,12.8,6.07,13.0,False,Биоудобрение,A
Цветная,2024-07-15,82,0.95,12.4,5.98,13.9,False,Минеральное,A
Брокколи,2024-11-04,75,1.64,10.7,5.67,16.6,False,Органическое,B
Белокочанная,2024-10-01,133,2.97,15.7,6.45,14.8,False,Минеральное,A
Брюссельская,2024-07-04,103,1.2,6.2,7.51,10.8,False,Органическое,B
Краснокочанная,2025-01-21,137,2.7,23.2,5.42,14.8,False,Минеральное,B
Краснокочанная,2024-05-31,101,1.46,24.6,6.69,16.9,False,Комплексное,A
Краснокочанная,2025-12-10,137,1.65,18.0,7.32,20.2,False,Минеральное,B
Кольраби,2026-01-22,75,0.24,10.9,5.44,4.1,False,Органическое,C
Краснокочанная,2025-05-09,103,0.98,12.9,7.17,12.2,False,Без удобрений,B
Краснокочанная,2026-03-20,104,1.85,16.2,5.74,14.8,False,Органическое,B
Кольраби,2024-09-24,62,0.5,10.6,5.25,12.7,False,Минеральное,B
Брокколи,2026-06-13,81,1.55,18.7,6.32,11.8,False,Минеральное,A
Савойская,2024-06-16,112,1.32,16.9,6.66,14.5,False,Биоудобрение,A
Брокколи,2024-10-17,88,1.84,12.3,5.59,13.7,False,Комплексное,B
Савойская,2025-05-18,117,2.43,19.2,5.69,9.1,False,Комплексное,A
Кольраби,2024-11-24,58,1.01,11.4,7.29,15.9,False,Биоудобрение,B
Цветная,2025-01-08,110,1.31,15.9,6.05,12.0,False,Комплексное,B
Кольраби,2025-05-16,90,0.47,12.2,5.91,19.2,False,Минеральное,B
Краснокочанная,2024-03-07,110,3.36,24.0,7.27,11.1,False,Минеральное,B
Белокочанная,2025-09-18,122,2.35,27.7,6.3,15.1,False,Минеральное,A
Савойская,2024-04-18,104,1.85,17.7,7.4,10.9,False,Биоудобрение,B
Цветная,2025-07-10,86,1.24,15.1,6.48,14.7,False,Минеральное,A
Краснокочанная,2025-12-29,121,1.69,22.3,7.55,8.2,False,Комплексное,B
Белокочанная,2025-07-19,138,1.55,23.6,6.39,22.1,False,Без удобрений,C
Белокочанная,2025-10-14,132,3.92,17.9,7.07,17.1,False,Минеральное,B
Брокколи,2025-11-30,63,1.37,14.7,5.7,9.8,False,Комплексное,A
Брюссельская,2025-11-05,111,0.51,4.3,7.48,11.9,False,Комплексное,A
Белокочанная,2026-06-04,127,3.09,25.3,6.84,10.3,False,Органическое,A
Краснокочанная,2025-08-28,116,1.68,12.9,5.39,8.2,False,Биоудобрение,C
Цветная,2024-08-06,110,1.47,11.8,7.32,16.6,False,Комплексное,B
Кольраби,2025-07-13,80,0.57,11.9,7.52,16.8,False,Органическое,B
Пекинская,2024-06-09,58,1.02,9.3,6.19,2.0,False,Без удобрений,C
Краснокочанная,2024-11-21,112,2.4,14.2,7.53,11.1,False,Биоудобрение,B
Белокочанная,2025-05-10,109,2.77,27.8,5.9,14.4,False,Органическое,A
Брюссельская,2024-06-18,105,1.0,5.0,6.65,15.7,True,Минеральное,B
Краснокочанная,2025-11-15,140,2.26,17.9,6.03,19.0,False,Комплексное,A
Кольраби,2025-01-13,83,0.26,7.4,7.07,2.7,True,Комплексное,C
Пекинская,2024-05-05,54,0.71,11.6,7.57,15.3,False,Комплексное,B
Брюссельская,2026-01-27,116,0.58,5.5,6.75,7.2,False,Органическое,B
Цветная,2025-07-09,116,2.5,15.3,6.41,12.8,False,Комплексное,A
Кольраби,2025-08-24,69,0.56,12.9,6.75,11.3,False,Минеральное,A
Кольраби,2024-10-27,84,0.95,9.4,5.68,13.2,False,Органическое,B
Брюссельская,2025-01-28,122,1.12,5.0,5.68,16.7,False,Комплексное,B
Пекинская,2025-10-14,55,1.76,15.0,6.19,15.4,False,Органическое,A
Пекинская,2024-04-08,73,0.97,17.2,6.26,10.9,False,Комплексное,A
Кольраби,2025-01-10,62,0.79,8.8,7.35,18.9,False,Комплексное,B
Пекинская,2024-05-13,74,0.86,10.2,7.27,7.0,False,Минеральное,B
Кольраби,2025-08-27,84,0.93,9.3,5.98,16.8,False,Биоудобрение,B
Белокочанная,2025-08-09,139,2.5,24.9,6.56,9.1,False,Органическое,B
Савойская,2024-04-15,130,2.47,16.7,6.4,16.3,False,Комплексное,A
Цветная,2024-06-20,105,0.88,15.0,7.37,17.6,True,Минеральное,D
Савойская,2025-03-23,115,1.8,17.0,5.63,11.1,True,Органическое,C
Кольраби,2024-06-13,77,0.3,9.5,5.69,12.1,True,Биоудобрение,C
Краснокочанная,2026-01-25,138,2.18,18.9,6.91,12.4,False,Органическое,A
Пекинская,2025-09-24,74,1.45,15.4,6.75,19.2,False,Минеральное,B
Брокколи,2025-01-31,89,1.31,16.8,6.28,11.1,False,Комплексное,A
Кольраби,2024-08-30,90,0.95,12.0,6.57,13.5,False,Минеральное,A
Савойская,2025-10-14,116,2.06,23.8,6.21,14.4,False,Органическое,A
Белокочанная,2026-04-01,118,3.59,21.6,5.53,20.7,False,Комплексное,B
Брокколи,2026-05-01,81,0.91,15.6,5.47,8.9,False,Органическое,B
Пекинская,2025-10-19,53,0.81,13.7,6.61,15.5,False,Комплексное,A
Брюссельская,2025-07-09,122,0.4,6.2,6.16,15.4,True,Биоудобрение,C
Пекинская,2025-08-12,57,1.37,14.8,6.62,16.8,True,Комплексное,B
Краснокочанная,2025-03-26,127,2.41,13.2,6.09,15.2,False,Комплексное,A
Брокколи,2024-08-16,71,0.69,17.7,5.5,11.6,False,Комплексное,B
Краснокочанная,2024-07-30,131,2.6,16.0,5.93,9.0,False,Минеральное,A
Белокочанная,2026-05-16,110,2.84,15.0,5.21,15.5,False,Минеральное,B
Краснокочанная,2024-10-02,113,3.21,14.8,7.24,13.7,False,Минеральное,A
Цветная,2024-10-05,74,1.99,21.1,6.21,11.9,False,Без удобрений,A
Савойская,2025-06-03,113,2.25,15.6,6.36,14.7,False,Без удобрений,B
Брокколи,2026-01-01,70,0.93,14.3,6.97,17.5,False,Органическое,B
Краснокочанная,2025-03-01,129,2.89,14.9,5.58,5.6,False,Минеральное,B
Пекинская,2025-02-08,76,1.25,11.9,6.19,9.3,False,Минеральное,A
Кольраби,2025-11-28,86,0.65,10.7,6.19,14.2,False,Биоудобрение,A
Брокколи,2025-09-26,69,1.08,9.0,6.67,18.0,False,Биоудобрение,B
Брокколи,2026-01-03,92,1.05,15.6,6.51,20.7,False,Комплексное,B
Пекинская,2024-12-12,59,1.02,9.9,6.34,21.6,False,Комплексное,A
Брокколи,2024-03-06,79,1.55,17.1,5.43,9.3,False,Комплексное,B
Кольраби,2024-05-03,58,0.44,12.0,5.37,7.7,False,Органическое,B
Цветная,2025-03-12,74,1.22,20.1,5.96,15.7,False,Органическое,A
Краснокочанная,2025-11-23,143,1.1,14.2,5.32,20.4,False,Органическое,C
Краснокочанная,2026-04-15,125,2.92,20.6,6.46,19.2,False,Минеральное,A
Брюссельская,2026-02-27,127,0.49,4.1,6.0,14.4,True,Минеральное,C
Брокколи,2024-06-05,65,1.01,12.5,7.01,2.0,False,Биоудобрение,B
Брокколи,2026-03-08,73,1.16,17.2,5.64,17.3,False,Органическое,B
Кольраби,2026-02-07,70,0.29,7.6,5.5,11.7,True,Комплексное,C
Брокколи,2025-08-23,75,0.44,11.8,6.62,9.9,True,Минеральное,C
Краснокочанная,2025-05-31,139,3.08,17.6,5.27,12.1,False,Минеральное,B
Брокколи,2024-08-14,89,0.68,13.1,5.35,16.8,False,Комплексное,B
Брокколи,2024-07-07,78,0.45,16.4,7.35,7.7,False,Биоудобрение,B
Кольраби,2025-02-22,91,0.52,9.0,7.21,5.9,False,Биоудобрение,B
Савойская,2024-04-18,115,1.69,14.7,5.94,17.4,False,Без удобрений,B
Савойская,2025-04-02,122,2.0,16.6,7.01,20.1,False,Комплексное,A
Брюссельская,2025-01-02,123,0.83,5.5,6.92,15.8,False,Комплексное,B
Кольраби,2024-05-08,71,0.62,8.7,6.32,11.1,False,Комплексное,A
Савойская,2025-03-08,135,0.92,12.9,7.27,7.3,True,Комплексное,C
Савойская,2025-08-30,126,1.91,17.1,5.4,7.9,False,Комплексное,B
Краснокочанная,2024-03-06,140,3.06,13.5,7.21,15.0,False,Органическое,B
Краснокочанная,2024-03-24,100,1.94,17.0,6.42,10.3,False,Минеральное,B
Цветная,2024-05-06,88,2.32,16.4,6.66,10.0,False,Органическое,A
Кольраби,2025-06-23,58,0.45,11.1,6.25,4.3,False,Минеральное,C
Краснокочанная,2025-10-14,136,3.04,18.7,5.98,13.6,False,Комплексное,A
Брюссельская,2024-05-25,130,0.78,5.3,6.61,10.8,True,Минеральное,C
Савойская,2024-10-26,123,2.47,15.1,6.1,16.0,False,Минеральное,A
Пекинская,2025-07-22,56,0.94,13.2,6.87,14.7,True,Минеральное,B
Краснокочанная,2026-05-30,149,3.4,16.8,7.43,9.7,False,Комплексное,A
Пекинская,2024-07-23,46,1.26,12.3,5.99,9.2,False,Органическое,B
Белокочанная,2024-10-21,99,2.41,17.3,6.61,14.4,False,Биоудобрение,A
Брюссельская,2025-09-18,131,0.95,5.4,7.17,6.8,True,Органическое,C
Савойская,2025-05-18,95,2.59,19.0,6.43,4.1,False,Комплексное,A
Белокочанная,2025-01-01,143,1.91,14.5,7.35,13.3,True,Минеральное,B
Белокочанная,2025-02-25,129,2.07,23.9,7.38,13.0,True,Биоудобрение,C
Савойская,2025-12-14,129,2.74,21.2,6.22,16.3,False,Комплексное,A
Цветная,2024-09-07,102,1.86,15.7,5.41,9.5,False,Комплексное,B
Брюссельская,2024-12-14,96,0.63,7.8,5.32,14.9,False,Органическое,B
Пекинская,2025-07-02,82,0.91,10.3,5.59,17.4,False,Комплексное,B
Цветная,2025-04-16,73,2.5,17.9,6.54,13.3,False,Биоудобрение,A
Брокколи,2025-06-15,96,0.65,15.0,7.05,11.9,False,Органическое,A
Белокочанная,2026-02-04,98,2.49,21.0,6.48,8.4,False,Органическое,A
Цветная,2025-10-06,75,1.76,19.6,6.13,14.2,False,Биоудобрение,B
Цветная,2024-06-28,103,1.43,21.5,5.46,8.7,False,Комплексное,B
Белокочанная,2024-08-27,134,1.78,19.8,5.43,12.0,True,Минеральное,C
Брюссельская,2024-09-27,91,0.74,4.5,6.32,18.7,False,Минеральное,B
Савойская,2024-08-16,117,1.1,21.1,6.26,17.1,False,Биоудобрение,A
Краснокочанная,2026-02-11,138,2.4,21.9,5.8,11.4,False,Без удобрений,B
Савойская,2024-11-18,133,2.81,15.1,6.61,8.3,False,Комплексное,A
Кольраби,2026-06-08,64,0.47,6.3,5.84,16.4,True,Без удобрений,C
Брокколи,2024-03-17,67,0.95,12.7,5.76,14.0,False,Без удобрений,B
Пекинская,2026-06-03,54,0.7,9.6,5.38,11.9,True,Комплексное,D
Краснокочанная,2025-07-06,135,1.09,17.5,7.24,16.0,True,Биоудобрение,C
Краснокочанная,2025-03-09,131,2.25,20.7,7.38,12.3,False,Без удобрений,B
Пекинская,2026-04-16,80,1.31,9.9,5.38,14.7,False,Органическое,B
Брюссельская,2025-10-06,124,0.91,6.6,7.54,13.3,False,Без удобрений,B
Брокколи,2024-03-10,89,0.79,16.5,7.33,8.8,True,Минеральное,D
Цветная,2025-04-19,76,1.8,18.4,7.31,12.9,False,Минеральное,A
Цветная,2025-04-11,109,1.36,12.3,5.96,7.6,False,Биоудобрение,A
Цветная,2025-08-20,116,2.27,15.5,7.2,12.9,False,Органическое,A
Савойская,2025-07-10,101,1.69,21.2,5.85,14.8,False,Органическое,B
Цветная,2026-04-16,77,1.49,13.2,6.27,9.9,False,Биоудобрение,A
Брокколи,2024-12-07,97,1.3,16.1,5.28,11.2,False,Минеральное,B
Цветная,2025-11-02,103,1.48,12.5,7.18,15.4,False,Биоудобрение,B
Савойская,2024-09-12,119,1.81,22.5,7.33,16.3,False,Комплексное,A
Цветная,2025-02-26,81,1.19,14.4,6.41,11.7,False,Без удобрений,A
Краснокочанная,2025-03-04,106,2.85,15.5,6.5,7.8,False,Минеральное,A
Белокочанная,2025-11-04,119,3.24,17.3,6.32,10.1,True,Органическое,C
Белокочанная,2026-03-03,103,4.36,26.0,5.9,13.0,False,Комплексное,A
Белокочанная,2025-08-03,116,3.37,22.5,5.62,10.6,False,Минеральное,B
Брюссельская,2026-01-21,103,1.43,7.9,6.47,13.0,False,Комплексное,A
Белокочанная,2024-03-13,128,3.01,17.6,5.23,16.4,False,Без удобрений,C
Брокколи,2025-02-19,74,1.15,15.6,7.54,11.8,False,Комплексное,B
Пекинская,2024-04-19,76,1.15,14.3,7.3,11.9,False,Органическое,B
Краснокочанная,2025-10-03,127,1.82,15.9,6.61,13.6,True,Комплексное,B
Краснокочанная,2025-01-14,123,2.6,18.0,5.98,16.7,False,Без удобрений,B
Брюссельская,2025-02-08,125,0.47,4.3,6.6,21.6,False,Органическое,B
Пекинская,2024-09-02,61,0.78,13.9,6.43,15.3,False,Органическое,A
Кольраби,2025-09-09,90,0.49,12.1,5.93,5.2,False,Комплексное,B
Краснокочанная,2025-04-29,150,1.65,11.6,5.87,9.1,True,Органическое,C
Пекинская,2024-10-30,45,1.05,9.4,6.59,8.5,False,Без удобрений,B
Краснокочанная,2025-03-10,132,2.75,14.1,6.98,18.0,False,Комплексное,B
Краснокочанная,2025-02-01,147,2.6,13.1,6.65,19.6,False,Минеральное,B
Брокколи,2026-03-31,68,1.25,12.3,5.22,11.6,False,Минеральное,B
Кольраби,2026-01-20,69,0.81,13.1,6.23,13.1,True,Комплексное,B
Краснокочанная,2026-02-12,105,2.2,20.7,6.18,8.5,False,Органическое,B
Цветная,2025-08-31,98,1.53,21.1,5.89,7.0,False,Комплексное,B
Белокочанная,2025-12-19,120,3.68,25.8,6.01,14.2,False,Комплексное,A
Кольраби,2026-06-14,65,0.59,12.7,6.14,11.9,False,Комплексное,A
Савойская,2026-03-04,113,0.95,22.5,5.73,19.5,False,Органическое,B
Кольраби,2025-10-09,88,1.12,11.6,6.49,7.7,False,Биоудобрение,A
Брокколи,2025-07-19,89,0.8,13.8,7.05,20.0,True,Минеральное,C
Цветная,2024-06-11,116,0.9,16.4,5.21,14.7,False,Органическое,B
Краснокочанная,2025-07-10,123,2.4,16.5,6.68,10.9,False,Комплексное,A
Савойская,2026-06-14,126,2.5,16.5,5.32,9.3,False,Комплексное,B
Белокочанная,2024-04-23,140,3.24,20.4,6.27,22.9,False,Органическое,B
Кольраби,2024-08-05,62,0.48,9.7,6.91,14.9,False,Без удобрений,B
Брокколи,2025-09-14,64,1.25,12.3,5.33,13.3,False,Комплексное,B
Савойская,2024-05-13,125,1.67,21.4,6.29,17.0,False,Минеральное,A
Белокочанная,2025-03-27,108,2.24,24.6,5.49,8.2,False,Органическое,B
Кольраби,2026-05-02,71,1.12,8.0,7.46,13.5,False,Минеральное,A
Брюссельская,2024-09-25,130,0.69,4.8,7.27,15.8,True,Органическое,C
Брюссельская,2026-04-24,112,0.5,5.7,6.6,10.8,True,Комплексное,B
Брюссельская,2026-01-21,129,0.46,6.0,6.54,16.4,False,Без удобрений,B
Брокколи,2024-08-24,100,1.13,17.2,7.34,13.5,False,Без удобрений,C
Савойская,2024-12-03,132,2.69,22.5,6.95,16.4,False,Комплексное,A
Краснокочанная,2024-11-16,113,2.21,18.6,5.65,19.9,False,Без удобрений,C
Брюссельская,2025-05-26,97,0.57,7.6,5.97,10.4,False,Биоудобрение,A
Брюссельская,2024-03-26,105,0.54,6.3,7.15,20.7,True,Биоудобрение,D
Кольраби,2024-12-29,57,0.59,11.9,7.55,16.1,False,Органическое,C
Кольраби,2025-06-07,72,0.32,11.9,5.79,18.8,False,Органическое,C
Пекинская,2024-12-25,59,0.68,12.8,6.05,13.3,True,Без удобрений,C
Цветная,2025-06-04,89,0.91,15.7,6.81,10.3,False,Органическое,A
Белокочанная,2025-02-25,117,2.34,24.0,5.3,11.5,False,Минеральное,C
Краснокочанная,2024-09-26,128,2.02,17.7,5.35,12.6,False,Комплексное,B
Кольраби,2025-08-30,77,0.63,12.3,6.08,13.1,False,Органическое,A
Савойская,2024-04-12,139,1.89,14.7,6.43,9.5,True,Органическое,C
Краснокочанная,2026-04-13,139,1.75,19.6,5.98,15.3,False,Органическое,A
Савойская,2024-10-05,101,2.17,21.7,6.36,19.2,False,Без удобрений,B
Пекинская,2026-02-24,83,1.26,13.1,7.41,7.2,True,Органическое,C
Цветная,2025-07-19,100,2.17,19.0,7.4,11.1,False,Комплексное,B
Белокочанная,2026-05-06,97,2.04,19.6,7.43,14.4,True,Органическое,C
Пекинская,2026-03-10,48,1.1,12.3,7.24,11.2,False,Без удобрений,B
Белокочанная,2025-09-25,107,2.67,22.4,7.59,11.8,False,Комплексное,A
Пекинская,2026-04-12,51,0.65,9.8,5.29,14.1,False,Без удобрений,B
Краснокочанная,2025-06-28,103,2.99,20.1,6.53,15.5,False,Биоудобрение,A
Пекинская,2024-08-21,58,1.88,14.8,6.05,12.1,False,Комплексное,A
Пекинская,2024-12-18,51,1.08,8.9,6.24,16.8,True,Без удобрений,C
Цветная,2025-11-22,86,1.95,12.4,5.44,9.1,False,Органическое,C
Брокколи,2024-08-14,97,0.89,14.4,6.96,12.9,False,Биоудобрение,A
Брюссельская,2025-12-10,96,0.38,4.5,5.95,9.9,False,Минеральное,B
Брокколи,2025-09-05,99,0.54,20.3,6.36,11.0,False,Минеральное,A
Пекинская,2026-03-31,75,1.7,16.1,6.42,5.6,False,Комплексное,B
Савойская,2026-03-02,108,1.22,23.5,6.5,17.6,False,Минеральное,A
Краснокочанная,2026-04-22,137,1.2,20.7,5.68,13.7,False,Без удобрений,B
Савойская,2024-08-10,112,1.86,22.2,7.57,14.8,False,Биоудобрение,B
Савойская,2025-03-24,107,1.02,20.8,6.19,16.7,False,Минеральное,A
Брюссельская,2026-06-14,109,0.81,8.0,5.85,7.4,False,Комплексное,A
Брокколи,2025-10-08,95,0.79,20.8,6.79,13.3,False,Комплексное,A
Белокочанная,2025-09-15,104,1.57,20.5,5.4,10.5,False,Без удобрений,B
Савойская,2025-05-12,137,1.17,20.9,7.49,13.8,True,Органическое,D
Цветная,2025-06-09,123,1.78,15.5,5.53,11.5,True,Биоудобрение,D
Брокколи,2025-06-02,67,1.17,13.3,5.39,9.2,False,Комплексное,B
Пекинская,2024-07-03,68,1.63,13.3,5.93,15.6,False,Биоудобрение,A
Савойская,2024-04-17,106,1.59,21.4,6.15,11.2,False,Комплексное,A
Белокочанная,2025-02-23,111,3.3,21.0,5.72,14.6,False,Органическое,A
Савойская,2025-02-17,98,1.17,20.7,6.19,10.4,False,Минеральное,A
Кольраби,2025-08-27,71,0.8,11.8,7.36,8.6,False,Минеральное,C
Брокколи,2025-06-23,64,0.75,14.1,6.06,12.5,False,Минеральное,A
Кольраби,2024-06-18,72,1.19,10.5,5.78,11.6,False,Минеральное,B
Цветная,2025-04-09,116,0.86,13.6,6.32,17.4,True,Минеральное,C
Краснокочанная,2025-06-26,125,1.96,16.0,7.32,17.9,True,Минеральное,D
Белокочанная,2024-12-12,109,1.5,16.9,5.43,11.8,True,Минеральное,C
Брокколи,2025-12-16,90,0.83,18.8,6.49,6.9,False,Комплексное,A
Белокочанная,2025-07-09,125,2.07,23.3,5.7,6.5,False,Минеральное,B
Белокочанная,2026-02-26,140,2.65,20.1,6.81,7.7,False,Органическое,B
Цветная,2024-09-12,84,2.18,19.6,6.97,7.8,False,Органическое,A
Краснокочанная,2025-12-09,113,2.39,18.8,5.46,8.8,False,Органическое,B
Краснокочанная,2024-10-03,146,1.84,18.2,6.85,13.9,False,Биоудобрение,A
Цветная,2025-01-19,78,1.81,11.5,5.91,13.6,False,Органическое,A
Брокколи,2025-08-31,95,0.86,16.7,7.05,15.8,False,Комплексное,A
Брюссельская,2026-03-30,115,0.48,4.3,6.51,5.3,False,Без удобрений,B
Краснокочанная,2025-01-09,123,1.53,14.1,5.72,15.3,True,Органическое,C
Краснокочанная,2024-04-23,131,1.99,17.3,5.49,16.2,False,Органическое,B
Савойская,2025-11-27,123,1.35,14.7,6.33,14.0,False,Минеральное,A
Савойская,2026-03-20,134,1.67,17.8,7.58,15.3,False,Органическое,B
Брюссельская,2025-07-24,101,0.83,5.4,6.95,18.1,False,Без удобрений,B
Пекинская,2026-01-01,69,0.65,13.9,7.47,15.2,False,Комплексное,A
Цветная,2025-02-20,95,2.11,18.2,6.54,11.6,False,Органическое,A
Кольраби,2025-02-14,91,0.68,7.5,7.38,11.9,False,Минеральное,B
Цветная,2025-04-12,114,1.51,22.0,6.82,16.2,False,Комплексное,A
Краснокочанная,2024-12-16,140,1.6,14.9,6.24,16.8,False,Комплексное,A
Брюссельская,2024-03-17,103,0.96,7.7,7.28,7.3,False,Минеральное,B
Савойская,2025-09-18,103,1.9,19.2,6.64,11.5,False,Минеральное,A
Брокколи,2025-08-17,94,0.75,17.6,6.56,11.0,False,Без удобрений,A
Савойская,2025-10-30,96,2.6,18.7,6.09,9.3,False,Комплексное,B
Брокколи,2024-10-04,102,1.36,8.3,5.34,11.7,True,Органическое,D
Краснокочанная,2024-08-26,104,1.34,12.8,6.24,13.0,False,Без удобрений,A
Брюссельская,2026-06-06,101,0.81,7.6,6.77,12.1,False,Комплексное,A
Брокколи,2024-11-04,78,0.88,13.3,7.41,8.7,False,Комплексное,A
Белокочанная,2025-04-30,98,3.29,19.7,7.35,9.8,False,Без удобрений,C
Кольраби,2025-10-02,94,0.48,7.0,5.22,18.5,True,Биоудобрение,D
Пекинская,2026-03-30,66,0.78,11.4,5.8,11.1,False,Комплексное,A
Краснокочанная,2024-09-06,138,1.32,19.9,6.84,19.2,False,Минеральное,B
Краснокочанная,2024-06-04,114,2.58,14.6,5.51,12.8,True,Комплексное,C
Кольраби,2025-07-12,80,0.77,12.6,6.71,10.8,False,Органическое,B
Белокочанная,2025-08-27,111,1.89,15.9,7.37,17.6,False,Минеральное,A
Брокколи,2025-11-14,66,1.03,16.2,7.4,7.1,False,Комплексное,B
Белокочанная,2025-12-26,126,1.91,20.0,5.24,16.7,True,Минеральное,D
Брюссельская,2025-06-28,123,0.78,4.0,6.71,5.1,True,Биоудобрение,C
Цветная,2025-03-10,113,0.87,12.0,5.22,7.7,False,Комплексное,B
Савойская,2025-08-18,135,1.09,18.8,6.99,8.9,True,Органическое,C
Белокочанная,2024-12-22,103,2.83,21.8,5.57,9.8,False,Органическое,B
Кольраби,2025-09-20,75,0.8,12.8,5.29,10.7,False,Биоудобрение,B
Брюссельская,2025-01-23,125,0.85,7.0,7.11,13.7,False,Комплексное,A
Кольраби,2024-08-19,81,0.5,6.8,5.85,7.3,False,Минеральное,B
Брокколи,2025-10-08,77,1.44,17.1,6.22,12.2,False,Минеральное,A
Краснокочанная,2026-04-28,103,2.19,19.7,7.36,12.1,False,Без удобрений,B
Цветная,2025-06-25,95,1.9,18.3,7.45,9.1,False,Органическое,B
Брокколи,2025-03-27,93,0.56,9.9,5.58,6.6,True,Комплексное,D
Цветная,2024-09-09,110,1.01,18.0,6.25,12.0,False,Без удобрений,A
Брокколи,2026-04-06,72,0.62,12.1,6.54,17.2,True,Органическое,C
Брокколи,2024-11-17,96,1.16,10.0,7.36,6.4,False,Без удобрений,C
Краснокочанная,2026-03-11,136,1.73,14.4,5.9,13.8,True,Комплексное,C
Краснокочанная,2026-04-21,155,1.22,19.2,5.78,7.3,True,Биоудобрение,D
Краснокочанная,2026-05-14,148,2.53,22.2,6.58,13.1,False,Комплексное,A
Брокколи,2024-11-25,71,0.6,9.6,5.77,23.9,True,Комплексное,D
Савойская,2024-11-19,118,1.25,16.7,6.92,16.4,False,Биоудобрение,B
Брюссельская,2024-03-31,116,1.37,7.1,6.64,8.2,False,Комплексное,A
Краснокочанная,2024-10-15,118,1.43,22.5,6.73,13.7,False,Минеральное,A
Краснокочанная,2025-11-13,119,2.62,15.1,7.03,14.1,False,Органическое,A
Савойская,2024-10-24,128,1.66,16.1,5.34,9.3,False,Минеральное,B
Пекинская,2026-03-22,64,1.35,14.7,6.72,9.9,False,Минеральное,A
Краснокочанная,2025-11-27,100,1.8,16.6,6.64,4.3,False,Минеральное,B
Савойская,2024-12-19,112,1.93,20.7,5.96,14.2,True,Комплексное,C
Брокколи,2024-04-15,87,0.37,14.6,7.08,7.8,True,Без удобрений,D
Кольраби,2024-09-16,81,0.31,9.1,7.49,2.9,False,Органическое,C
Пекинская,2024-12-18,65,1.69,15.5,6.69,13.6,False,Минеральное,A
Краснокочанная,2024-03-01,112,2.0,24.1,6.67,8.1,False,Минеральное,A
Кольраби,2025-08-25,85,0.68,6.2,6.56,7.9,True,Без удобрений,C
Краснокочанная,2024-06-10,102,1.64,14.8,7.59,14.4,False,Биоудобрение,B
Кольраби,2024-07-11,75,0.72,13.0,7.02,17.4,False,Биоудобрение,B
Кольраби,2025-10-09,77,0.46,7.2,7.07,11.9,False,Органическое,A
Пекинская,2024-10-06,75,1.59,12.4,6.59,5.1,False,Минеральное,B
Кольраби,2026-05-08,61,0.27,11.2,6.21,18.2,False,Органическое,A
Брюссельская,2024-05-26,92,0.73,8.3,6.43,18.2,False,Комплексное,A
Белокочанная,2024-05-22,133,2.8,23.3,5.42,9.4,False,Комплексное,B
Кольраби,2024-10-13,58,0.7,8.6,5.37,18.1,False,Без удобрений,C
Белокочанная,2025-04-03,96,2.03,22.9,5.48,14.9,False,Минеральное,B
Савойская,2025-05-06,125,1.78,19.6,6.24,13.7,False,Без удобрений,B
Цветная,2025-05-02,98,2.12,19.7,6.57,13.0,False,Органическое,A
Пекинская,2025-02-26,55,0.94,10.4,5.38,16.2,False,Комплексное,B
Брокколи,2025-02-01,99,0.99,15.0,6.24,9.2,False,Биоудобрение,A
Савойская,2025-06-06,122,1.11,17.9,6.43,14.5,False,Органическое,A
Брюссельская,2024-04-08,124,0.49,8.4,5.84,14.1,False,Минеральное,A
Савойская,2024-05-14,99,2.25,21.6,5.88,4.3,False,Комплексное,B
Пекинская,2025-11-21,74,1.09,12.5,7.25,15.1,False,Комплексное,B
Кольраби,2024-11-26,81,0.71,8.2,7.12,11.4,False,Комплексное,A
Кольраби,2026-04-06,89,0.73,6.4,6.75,11.6,True,Органическое,B
Краснокочанная,2026-05-15,112,1.83,14.6,6.25,7.2,False,Органическое,B
Белокочанная,2024-07-13,102,2.27,18.7,6.51,11.4,False,Без удобрений,B
Цветная,2024-08-02,101,1.04,15.0,5.51,14.7,False,Органическое,B
Савойская,2025-05-08,101,1.61,18.6,6.83,16.7,False,Биоудобрение,A
Белокочанная,2024-05-21,117,1.52,19.4,6.91,19.3,False,Комплексное,A
Краснокочанная,2025-02-22,130,2.0,17.3,7.11,9.5,False,Минеральное,B
Краснокочанная,2026-05-29,121,1.68,14.8,5.31,16.8,True,Комплексное,D
Краснокочанная,2024-10-20,123,1.07,22.4,5.78,17.7,False,Минеральное,B
Брюссельская,2024-12-01,119,0.64,3.5,7.14,15.4,True,Без удобрений,D
Савойская,2024-06-15,133,1.67,20.0,6.68,9.8,False,Органическое,B
Савойская,2025-03-12,119,1.15,16.1,6.21,12.9,False,Органическое,A
Пекинская,2025-12-28,52,0.72,9.5,5.9,19.3,False,Без удобрений,B
Брюссельская,2024-06-01,114,0.69,7.1,7.12,6.9,False,Минеральное,A
Цветная,2024-11-10,91,1.54,14.6,7.01,17.2,True,Комплексное,D
Савойская,2025-01-02,101,1.78,17.8,7.17,16.0,False,Минеральное,A
Савойская,2025-08-12,123,0.84,18.0,5.5,21.5,True,Органическое,D
Брокколи,2025-06-02,89,0.5,9.7,5.51,6.9,False,Минеральное,C
Брокколи,2026-05-29,86,1.64,16.2,6.77,12.3,False,Комплексное,A
Белокочанная,2025-03-12,104,3.86,21.9,6.0,10.1,False,Минеральное,B
Савойская,2024-06-25,118,1.55,20.5,7.4,6.5,False,Комплексное,B
Брюссельская,2026-04-22,119,1.32,6.1,6.24,10.9,False,Минеральное,A
Кольраби,2026-03-24,85,0.56,12.2,6.23,14.9,False,Без удобрений,B
Брокколи,2025-03-10,63,1.54,18.7,6.97,16.2,False,Биоудобрение,A
Брюссельская,2024-04-13,132,0.85,6.6,7.58,17.3,False,Минеральное,B
Савойская,2024-04-29,131,2.34,20.5,7.44,12.3,False,Органическое,B
Белокочанная,2025-12-16,124,1.44,22.9,7.4,12.8,False,Комплексное,A
Пекинская,2024-08-03,45,1.33,9.6,5.9,20.8,False,Минеральное,B
Брюссельская,2026-04-04,128,1.02,8.2,6.74,13.9,False,Комплексное,A
Пекинская,2025-07-27,76,1.58,11.6,6.61,12.1,False,Комплексное,A
Брюссельская,2025-07-14,125,0.72,5.3,6.26,11.8,False,Комплексное,A
Белокочанная,2024-05-26,96,2.04,14.3,6.21,15.3,False,Минеральное,B
Пекинская,2024-03-20,66,0.57,15.2,5.23,13.1,False,Минеральное,B
Краснокочанная,2026-03-14,128,1.9,21.7,6.57,12.1,False,Без удобрений,B
Цветная,2024-12-05,73,1.29,17.8,5.81,15.1,False,Органическое,B
Краснокочанная,2024-09-11,117,1.23,20.1,5.98,14.9,False,Комплексное,A
Кольраби,2025-02-23,58,0.59,8.8,5.97,18.0,False,Биоудобрение,B
Брокколи,2025-06-04,89,1.19,11.7,5.67,11.9,False,Биоудобрение,B
Краснокочанная,2025-09-14,133,1.76,19.1,5.91,17.0,False,Органическое,B
Краснокочанная,2025-05-04,111,1.48,13.6,6.11,7.2,False,Минеральное,B
Краснокочанная,2025-03-03,111,1.88,12.2,7.3,18.2,True,Биоудобрение,D
Пекинская,2024-12-17,59,1.43,10.4,6.66,9.4,False,Без удобрений,A
Краснокочанная,2025-09-26,106,2.28,18.6,6.67,7.8,True,Биоудобрение,C
Пекинская,2024-05-16,51,0.58,8.8,6.83,16.7,False,Без удобрений,A
Цветная,2025-10-23,83,1.99,13.9,6.86,10.6,False,Органическое,A
Цветная,2025-09-06,81,0.66,17.4,6.87,20.9,True,Минеральное,D
Цветная,2024-07-31,87,1.19,12.1,7.07,16.0,False,Минеральное,B
Белокочанная,2025-07-22,93,2.42,22.7,7.35,15.8,False,Комплексное,B
Цветная,2025-09-22,71,1.5,20.8,6.1,11.8,False,Минеральное,A
Пекинская,2024-12-05,64,1.27,12.4,5.46,16.5,False,Минеральное,B
Пекинская,2026-02-12,54,0.5,9.3,5.36,10.9,False,Без удобрений,B
Пекинская,2024-09-29,48,0.5,9.1,5.54,20.0,False,Органическое,C
Брюссельская,2025-05-31,125,0.92,6.7,5.7,10.2,False,Без удобрений,B
Брюссельская,2025-01-07,94,1.31,7.7,5.37,14.0,False,Комплексное,B
Брюссельская,2025-04-17,122,0.9,5.4,6.17,15.7,False,Минеральное,A
Брюссельская,2025-12-10,106,0.62,5.7,5.42,6.4,True,Минеральное,D
Савойская,2025-06-20,114,2.21,21.1,5.36,11.6,False,Биоудобрение,B
Брюссельская,2025-12-09,97,0.49,4.9,7.19,9.1,True,Органическое,D
Савойская,2025-09-29,101,1.69,16.9,6.09,11.6,False,Органическое,A
Цветная,2026-06-15,80,2.14,17.2,6.45,11.9,False,Без удобрений,B
Краснокочанная,2024-05-09,149,2.87,17.5,6.19,14.6,False,Комплексное,A
Брюссельская,2024-07-14,120,1.09,7.1,6.67,10.6,False,Биоудобрение,B
Пекинская,2024-03-11,65,1.47,13.4,5.47,11.9,False,Комплексное,B
Цветная,2025-04-26,96,1.02,18.6,6.33,20.3,False,Минеральное,B
Краснокочанная,2025-09-02,126,2.92,15.7,5.94,12.5,False,Комплексное,A
Брокколи,2024-11-10,86,0.53,17.9,5.72,17.4,False,Минеральное,B
Пекинская,2025-03-16,53,0.94,9.8,6.5,7.2,False,Органическое,A
Краснокочанная,2026-05-29,141,2.38,21.3,7.3,5.5,False,Минеральное,B
Брюссельская,2025-05-17,107,1.04,6.3,6.88,12.7,False,Без удобрений,A
Брюссельская,2025-06-21,111,0.34,5.0,7.42,19.6,True,Комплексное,D
Кольраби,2024-12-21,81,0.48,11.0,7.59,14.2,False,Биоудобрение,B
Брокколи,2026-05-30,104,0.87,14.6,6.69,12.2,True,Комплексное,B
Кольраби,2024-04-02,72,0.62,8.9,5.4,9.7,True,Без удобрений,D
Савойская,2025-08-02,110,2.36,17.1,6.68,17.0,False,Органическое,A
Кольраби,2026-04-22,61,0.92,8.4,7.14,7.7,False,Биоудобрение,B
Белокочанная,2024-03-19,99,2.03,14.6,7.01,15.3,False,Без удобрений,B
Белокочанная,2024-03-16,103,1.84,17.4,6.67,19.3,False,Биоудобрение,B
Брюссельская,2025-06-02,114,0.98,6.9,5.23,7.7,False,Органическое,C
Кольраби,2024-05-04,78,0.66,11.4,5.87,7.4,False,Минеральное,C
Савойская,2025-01-22,108,2.55,19.0,7.0,17.8,False,Органическое,B
Савойская,2024-08-17,124,1.24,19.2,7.26,15.8,False,Минеральное,B
Савойская,2025-02-10,114,1.65,20.8,6.19,18.0,False,Комплексное,B
Брюссельская,2025-12-09,129,0.54,4.2,5.29,11.1,False,Минеральное,B
Пекинская,2026-02-13,52,0.87,9.8,7.56,9.4,False,Минеральное,B
Белокочанная,2026-05-06,126,2.1,12.6,6.12,18.4,True,Биоудобрение,C
Белокочанная,2024-12-14,100,1.55,18.7,5.32,9.6,False,Биоудобрение,B
Пекинская,2024-10-20,64,0.98,13.7,7.25,10.7,False,Биоудобрение,B
Брюссельская,2024-08-23,104,0.58,5.5,5.74,13.7,False,Органическое,B
Цветная,2024-06-13,77,2.55,17.8,6.59,9.2,False,Минеральное,A
Цветная,2024-11-30,117,0.76,19.4,5.71,9.7,False,Биоудобрение,B
Брокколи,2025-05-17,87,1.54,18.3,6.29,7.2,False,Органическое,B
Пекинская,2024-12-31,72,0.69,12.4,6.3,12.5,False,Минеральное,A
Цветная,2024-07-28,107,1.24,14.2,6.41,10.3,False,Без удобрений,B
Цветная,2024-05-24,113,1.93,15.7,5.21,7.7,False,Минеральное,B
Савойская,2024-08-19,133,2.76,16.2,6.13,9.3,False,Минеральное,A
Пекинская,2024-07-02,47,1.09,10.7,7.34,12.8,False,Комплексное,A
Савойская,2026-06-15,125,1.57,19.6,5.7,12.2,False,Минеральное,A
Брокколи,2024-12-24,74,1.41,10.6,6.84,10.5,False,Органическое,A
Белокочанная,2024-11-01,126,3.84,23.8,5.81,15.9,False,Комплексное,A
Белокочанная,2026-01-20,116,1.7,24.3,7.52,12.1,True,Комплексное,C
Брокколи,2025-06-08,87,1.12,9.8,5.89,16.2,True,Органическое,C
Кольраби,2024-12-02,89,0.4,7.9,7.06,20.4,False,Минеральное,B
Цветная,2024-09-19,118,1.62,13.9,6.97,6.0,False,Органическое,B
Кольраби,2024-08-23,78,0.58,12.4,7.4,13.3,False,Биоудобрение,A
Краснокочанная,2024-09-10,121,2.12,19.3,6.53,11.0,False,Минеральное,B
Цветная,2026-05-01,79,1.2,15.4,7.11,7.1,False,Без удобрений,B
Кольраби,2025-03-22,61,0.6,11.5,7.16,9.5,False,Минеральное,B
Краснокочанная,2024-12-06,146,2.18,12.1,7.11,10.0,False,Без удобрений,B
Цветная,2024-07-24,98,1.49,12.0,5.26,13.6,False,Органическое,B
Брюссельская,2025-01-12,123,0.98,8.4,6.61,11.5,False,Минеральное,A
Кольраби,2026-02-02,67,0.66,6.6,5.21,9.7,False,Без удобрений,C
Кольраби,2025-03-26,90,0.38,8.8,5.63,9.9,False,Комплексное,B
Кольраби,2025-07-07,65,0.33,13.4,5.85,12.5,False,Комплексное,A
Пекинская,2024-08-21,69,1.39,16.1,5.73,16.1,False,Биоудобрение,B
Брокколи,2025-07-05,86,1.12,8.4,6.73,16.6,True,Органическое,C
Брюссельская,2025-02-05,100,1.16,8.3,7.12,9.2,False,Минеральное,B
Пекинская,2026-03-16,80,0.6,14.9,5.76,19.1,False,Органическое,B
Краснокочанная,2024-07-24,115,2.94,16.9,5.71,9.1,False,Минеральное,B
Брокколи,2026-03-10,76,0.68,16.9,5.2,12.0,False,Биоудобрение,B
Брокколи,2024-09-17,68,1.39,17.1,5.45,14.7,False,Комплексное,B
Пекинская,2026-01-16,80,1.24,16.2,6.18,11.0,False,Минеральное,A
Савойская,2024-12-08,125,1.01,12.0,5.3,17.6,True,Органическое,D
Кольраби,2024-04-22,71,0.44,9.0,6.17,18.5,False,Биоудобрение,B
Краснокочанная,2024-12-28,123,2.16,13.1,6.44,5.1,False,Без удобрений,B
Цветная,2024-06-03,91,0.99,13.6,7.46,12.3,True,Комплексное,C
Пекинская,2025-06-01,65,0.83,10.3,7.09,20.1,True,Органическое,C
Белокочанная,2025-05-16,93,1.83,17.3,5.68,11.2,False,Минеральное,B
Кольраби,2026-03-09,95,0.78,11.8,7.49,13.3,True,Комплексное,C
Брюссельская,2025-01-18,103,0.55,6.9,6.69,19.1,True,Комплексное,C
Брюссельская,2024-12-15,108,0.86,6.5,5.43,17.9,False,Комплексное,B
Кольраби,2026-01-16,61,0.31,6.5,5.3,10.1,False,Органическое,B
Кольраби,2024-11-04,73,0.43,12.1,6.08,15.7,False,Органическое,B
Брюссельская,2025-09-27,95,0.5,4.5,6.6,5.6,True,Без удобрений,D
Белокочанная,2026-01-24,99,1.23,18.6,5.48,16.1,False,Без удобрений,C
Пекинская,2025-06-18,76,0.71,17.3,6.37,15.9,False,Комплексное,A
Цветная,2025-04-21,104,0.98,18.4,6.52,18.8,False,Без удобрений,B
Цветная,2024-09-30,93,1.25,17.8,6.83,15.1,True,Комплексное,C
Пекинская,2026-04-28,63,0.61,12.7,6.5,8.0,False,Органическое,A
Брокколи,2026-05-28,95,0.46,9.9,5.21,16.0,False,Органическое,B
Брокколи,2024-05-06,92,1.24,15.1,5.89,17.5,False,Без удобрений,B
Белокочанная,2025-03-06,123,2.8,18.4,6.07,9.4,False,Органическое,A
Цветная,2025-04-03,116,0.96,13.4,6.31,11.0,False,Органическое,A
Кольраби,2026-05-07,68,0.71,9.2,5.64,15.2,False,Органическое,B
Краснокочанная,2024-12-27,138,1.87,25.2,6.63,16.2,False,Комплексное,B
Кольраби,2026-01-16,86,0.74,8.1,7.16,11.9,False,Без удобрений,A
Савойская,2025-05-21,132,1.84,14.0,7.52,11.4,False,Комплексное,A
Брюссельская,2024-08-17,105,0.72,6.3,6.76,12.8,False,Минеральное,A
Пекинская,2025-08-25,45,1.82,15.5,5.82,17.3,False,Комплексное,B
Белокочанная,2024-10-27,131,2.25,23.3,5.26,12.8,False,Органическое,B
Цветная,2025-07-23,80,2.11,12.4,7.43,11.7,False,Биоудобрение,B
Брюссельская,2025-04-04,118,0.97,3.5,6.32,13.8,True,Биоудобрение,B
Белокочанная,2026-02-07,126,2.86,27.7,5.52,12.5,False,Органическое,B
Брюссельская,2024-07-05,120,1.04,4.1,6.1,11.1,False,Комплексное,A
Краснокочанная,2024-10-21,123,1.64,13.3,5.25,13.0,False,Без удобрений,C
Брюссельская,2026-03-17,118,0.76,7.7,7.37,10.9,False,Органическое,B
Пекинская,2024-05-12,52,0.62,12.2,5.73,14.4,True,Минеральное,C
Цветная,2026-03-20,105,2.24,12.3,6.04,10.7,False,Комплексное,A
Белокочанная,2024-09-05,115,3.25,23.4,7.14,12.7,False,Органическое,A
Савойская,2025-08-20,105,2.61,21.4,5.71,12.5,False,Органическое,B
Цветная,2024-05-23,123,1.48,11.6,6.96,14.8,True,Комплексное,C
Цветная,2025-08-13,116,1.5,14.7,7.46,10.2,False,Биоудобрение,B
Краснокочанная,2024-06-23,111,1.66,15.9,7.04,7.9,False,Минеральное,B
Пекинская,2025-01-02,63,1.34,12.1,5.91,11.2,False,Без удобрений,B
Брюссельская,2026-04-03,115,0.66,4.0,6.29,10.8,False,Без удобрений,A
Пекинская,2025-05-04,55,0.59,16.6,6.93,12.3,False,Минеральное,B
Белокочанная,2024-08-02,104,3.77,24.2,7.56,13.4,False,Минеральное,B
Брюссельская,2024-03-19,114,0.72,6.6,6.61,15.2,False,Комплексное,A
Брюссельская,2026-01-09,123,0.76,7.0,6.24,10.4,False,Биоудобрение,A
Савойская,2024-08-12,139,1.1,15.6,6.8,14.5,True,Органическое,C
Пекинская,2025-11-02,61,0.59,13.4,5.76,15.6,True,Комплексное,B
Кольраби,2025-12-22,86,0.41,10.4,6.94,15.0,False,Органическое,A
Белокочанная,2025-01-16,123,2.06,14.9,7.47,18.8,False,Биоудобрение,B
Брюссельская,2024-11-07,111,0.86,7.0,5.73,9.3,True,Минеральное,C
Брюссельская,2024-09-08,113,1.02,4.9,7.29,8.3,False,Без удобрений,B
Пекинская,2025-03-25,72,1.59,15.0,7.44,7.4,False,Комплексное,B
Брокколи,2025-12-31,67,1.03,10.6,5.75,17.6,False,Биоудобрение,B
Цветная,2026-04-22,110,1.16,18.0,5.75,17.7,True,Минеральное,C
Брюссельская,2026-01-12,110,0.55,5.3,7.13,16.4,False,Минеральное,A
Цветная,2025-08-11,116,1.56,18.0,7.58,12.1,False,Комплексное,B
Белокочанная,2025-09-25,134,1.95,26.0,6.27,18.0,False,Минеральное,A
Краснокочанная,2025-06-19,117,2.54,21.2,7.41,12.3,False,Органическое,B
Брокколи,2025-05-15,101,0.39,13.8,6.59,20.9,True,Без удобрений,C
Пекинская,2024-04-01,46,0.75,9.8,6.05,9.9,False,Без удобрений,B
Брокколи,2024-04-12,72,0.61,9.8,5.89,13.1,True,Комплексное,C
Белокочанная,2024-03-12,123,1.8,21.0,6.17,11.0,False,Комплексное,A
Краснокочанная,2026-04-19,108,1.8,15.2,5.55,16.5,False,Органическое,A
Цветная,2024-09-16,88,1.75,11.7,6.45,14.7,False,Биоудобрение,A
Краснокочанная,2024-10-11,140,1.74,20.7,5.59,9.4,False,Комплексное,B
Цветная,2025-11-09,117,2.28,20.2,7.12,11.2,False,Комплексное,A
Пекинская,2025-03-26,55,1.49,11.3,7.34,14.9,False,Минеральное,A
Савойская,2025-08-10,111,1.88,12.3,5.23,7.8,False,Без удобрений,D
Белокочанная,2024-04-20,107,2.27,16.5,5.44,17.6,False,Минеральное,B
Савойская,2026-01-18,101,2.22,18.8,6.17,14.5,False,Минеральное,A
Брокколи,2024-09-19,64,0.58,9.2,6.04,3.5,True,Органическое,D
Белокочанная,2024-07-12,131,2.78,15.7,6.73,11.8,True,Органическое,B
Краснокочанная,2024-03-24,110,2.98,21.5,6.9,7.3,False,Органическое,B
Брокколи,2024-11-13,73,0.74,11.6,5.62,10.7,False,Комплексное,A
Брокколи,2025-08-08,97,0.8,13.9,5.72,11.7,False,Биоудобрение,B
Пекинская,2025-05-09,49,1.4,13.9,5.41,20.5,False,Органическое,C
Цветная,2025-03-25,73,1.36,15.0,6.98,10.9,False,Без удобрений,B
Брюссельская,2025-06-09,128,0.46,5.2,5.74,15.9,True,Биоудобрение,C
Цветная,2024-12-04,74,1.46,15.0,6.24,17.4,False,Биоудобрение,B
Савойская,2026-05-20,101,1.5,20.9,7.31,13.0,False,Органическое,B
Пекинская,2024-06-22,59,1.8,14.2,6.76,16.5,False,Комплексное,A
Брокколи,2026-01-01,81,0.93,16.9,7.57,13.2,False,Минеральное,B
Савойская,2025-03-10,122,1.28,13.7,7.1,10.4,True,Комплексное,C
Пекинская,2025-03-18,58,1.28,9.8,5.63,6.3,False,Комплексное,B
Савойская,2025-08-07,113,1.21,23.3,7.55,14.9,False,Комплексное,A
Краснокочанная,2025-12-26,130,1.87,22.3,5.41,16.3,False,Органическое,A
Кольраби,2024-04-22,73,0.49,11.3,7.28,20.7,False,Минеральное,C
Кольраби,2026-04-26,78,0.56,7.7,6.64,17.8,False,Комплексное,A
Цветная,2025-08-12,76,1.28,17.4,5.46,18.0,False,Без удобрений,C
Цветная,2025-10-08,103,1.51,20.0,5.98,14.9,False,Биоудобрение,A
Белокочанная,2025-02-13,98,3.15,17.6,6.65,11.8,False,Минеральное,A
Брокколи,2024-09-21,64,0.56,14.6,6.03,16.6,False,Органическое,B
Кольраби,2025-04-02,65,0.71,13.7,6.51,16.7,False,Минеральное,A
Цветная,2024-05-24,118,1.65,16.4,6.05,9.4,False,Минеральное,B
Савойская,2026-04-21,119,2.11,12.5,5.67,13.0,True,Органическое,C
Савойская,2024-04-27,112,1.96,14.6,7.5,21.0,False,Без удобрений,C
Краснокочанная,2025-08-23,145,2.3,22.0,5.45,20.4,False,Комплексное,C
Краснокочанная,2026-05-17,108,1.23,17.6,6.1,5.6,False,Органическое,B
Брюссельская,2024-09-26,93,0.52,5.6,7.18,9.0,False,Комплексное,B
Брокколи,2024-03-04,61,0.82,16.2,6.38,8.1,False,Комплексное,A
Цветная,2026-03-26,72,1.13,12.0,5.78,18.7,False,Минеральное,B
Брокколи,2025-04-02,89,0.82,16.1,6.55,12.4,False,Биоудобрение,A
Савойская,2024-11-12,108,1.36,12.6,6.19,8.9,True,Комплексное,B
Кольраби,2025-09-15,79,0.37,7.0,5.94,13.1,True,Органическое,C
Брюссельская,2024-04-04,111,0.85,8.0,6.96,15.6,False,Органическое,A
Брюссельская,2025-03-06,122,0.43,7.1,5.4,14.5,False,Органическое,B
Белокочанная,2025-08-06,101,3.83,19.2,7.49,12.8,False,Биоудобрение,B
Брюссельская,2024-05-04,95,0.65,7.5,5.86,16.4,False,Минеральное,A
Белокочанная,2024-11-30,112,3.09,16.7,7.26,19.5,True,Минеральное,C
Брокколи,2025-02-22,90,1.1,13.7,6.69,13.5,False,Комплексное,A
Белокочанная,2024-06-07,105,3.35,16.5,5.72,13.3,False,Без удобрений,B
Краснокочанная,2026-05-22,151,1.96,15.5,5.55,20.1,False,Биоудобрение,B
Брокколи,2025-11-28,61,0.63,14.0,7.25,12.1,False,Комплексное,A
Пекинская,2025-02-23,73,1.42,12.5,5.69,5.5,False,Комплексное,B
Краснокочанная,2025-05-29,122,2.75,14.9,6.71,14.9,False,Комплексное,A
Савойская,2026-05-05,125,1.47,12.8,7.09,13.7,True,Комплексное,C
Кольраби,2025-02-04,74,0.56,11.2,7.43,8.5,False,Комплексное,A
Цветная,2024-09-07,93,1.98,20.5,6.99,16.5,False,Органическое,A
Белокочанная,2025-04-23,99,4.26,18.8,5.87,11.7,False,Органическое,A
Белокочанная,2025-03-04,135,3.38,21.8,5.37,18.6,False,Органическое,B
Кольраби,2026-03-12,59,0.47,11.6,6.12,16.7,False,Органическое,B
Белокочанная,2024-04-02,92,2.22,19.2,5.63,15.5,False,Органическое,B
Брюссельская,2025-02-09,128,0.88,6.7,6.66,15.2,False,Комплексное,A
Брокколи,2024-05-10,86,1.68,10.6,6.91,17.3,False,Органическое,A
Пекинская,2024-06-24,70,0.66,12.3,7.32,12.9,False,Комплексное,B
Пекинская,2024-11-04,46,1.73,9.7,6.69,9.9,False,Минеральное,A
Цветная,2025-01-09,121,1.87,18.6,6.43,12.0,True,Биоудобрение,B
Краснокочанная,2024-11-21,139,1.5,14.4,5.34,10.3,False,Органическое,B
Цветная,2026-05-01,77,1.03,11.7,5.91,21.3,False,Биоудобрение,C
Цветная,2025-06-16,99,1.02,14.2,5.86,7.1,False,Комплексное,B
Краснокочанная,2026-03-09,135,1.88,18.3,5.38,10.4,True,Органическое,C
Брюссельская,2025-10-24,113,0.92,6.4,7.59,11.0,True,Минеральное,D
Краснокочанная,2024-11-17,139,2.61,14.8,6.8,9.1,False,Без удобрений,A
Краснокочанная,2026-03-12,121,2.53,21.7,5.54,15.7,False,Органическое,B
Брокколи,2025-07-02,75,0.75,11.3,7.57,15.6,False,Комплексное,B
Брюссельская,2025-03-15,124,1.01,4.7,6.72,10.6,True,Комплексное,C
Брокколи,2025-12-04,96,1.17,13.8,5.69,18.5,False,Минеральное,B
Пекинская,2025-11-05,45,1.96,17.1,6.24,13.7,False,Комплексное,A
Белокочанная,2024-03-31,135,1.11,15.8,7.55,13.6,True,Органическое,D
Краснокочанная,2025-10-21,107,2.31,17.4,7.15,15.0,False,Биоудобрение,A
Брокколи,2024-08-21,77,1.02,14.2,6.18,10.2,True,Минеральное,C
Кольраби,2025-05-03,73,0.31,8.0,6.64,18.0,True,Минеральное,C
Кольраби,2026-04-29,63,0.43,9.2,6.85,15.4,True,Минеральное,C
Брюссельская,2024-09-07,94,1.4,8.1,7.07,12.7,False,Минеральное,B
Белокочанная,2026-05-27,117,2.87,15.2,5.24,6.3,False,Комплексное,B
Брокколи,2024-11-01,79,0.62,16.3,6.58,14.2,True,Органическое,C
Савойская,2025-07-31,123,0.76,18.6,6.16,12.9,True,Без удобрений,C
Савойская,2025-01-07,104,1.52,20.1,7.3,5.6,False,Минеральное,C
Брюссельская,2025-02-26,108,1.05,7.2,6.64,9.6,False,Органическое,A
Цветная,2025-02-05,78,2.21,20.5,7.38,12.8,False,Комплексное,A
Краснокочанная,2025-09-19,132,1.4,12.4,7.25,19.7,True,Минеральное,D
Белокочанная,2025-05-30,141,1.51,17.1,7.58,11.2,True,Комплексное,C
Брокколи,2025-10-05,80,1.23,10.0,5.23,12.4,False,Комплексное,A
Пекинская,2024-11-11,68,0.76,15.4,5.5,12.5,False,Органическое,A
Кольраби,2025-12-20,61,0.67,6.6,5.43,9.6,False,Органическое,C
Савойская,2025-01-04,108,1.21,23.3,5.75,17.6,False,Комплексное,B
Пекинская,2026-01-31,72,1.13,10.6,5.47,17.6,False,Биоудобрение,B
Кольраби,2024-08-20,56,1.03,11.7,6.99,9.2,False,Комплексное,A
Цветная,2024-05-06,115,1.61,19.1,6.86,13.7,False,Без удобрений,A
Пекинская,2025-09-17,61,0.96,18.0,6.51,10.2,False,Комплексное,A
Савойская,2026-03-22,98,1.83,20.5,6.94,7.8,False,Органическое,B
Брокколи,2025-07-03,79,1.73,13.6,6.11,10.4,False,Комплексное,A
Брокколи,2026-03-31,99,1.81,16.9,6.94,12.6,False,Комплексное,A
Кольраби,2024-04-20,84,0.47,11.6,6.97,11.7,False,Органическое,A
Краснокочанная,2025-01-09,102,1.44,19.9,6.79,12.7,False,Органическое,B
Брокколи,2025-12-29,60,1.58,13.3,6.93,17.0,False,Комплексное,A
Кольраби,2026-04-07,57,0.32,8.3,6.84,14.5,False,Комплексное,A
Брокколи,2025-01-30,93,0.85,17.7,7.35,10.0,False,Комплексное,B
Кольраби,2024-08-07,96,0.32,6.0,5.22,5.9,True,Биоудобрение,D
Пекинская,2025-11-10,70,1.18,12.2,6.51,12.8,True,Биоудобрение,B
Савойская,2026-02-12,97,1.69,12.7,6.8,8.3,False,Без удобрений,C
Цветная,2024-11-02,82,1.33,16.9,7.48,11.3,False,Органическое,B
Савойская,2025-04-05,125,1.89,22.5,7.33,12.6,False,Органическое,A
Савойская,2025-03-26,105,1.09,16.2,7.59,18.8,False,Органическое,B
Белокочанная,2025-08-09,130,2.31,15.0,7.06,15.6,True,Органическое,C
Краснокочанная,2026-01-18,129,1.85,16.0,6.36,12.1,False,Биоудобрение,A
Краснокочанная,2025-08-11,117,1.34,20.2,7.52,14.2,False,Минеральное,B
Кольраби,2025-02-22,85,0.28,12.6,7.01,19.6,False,Минеральное,B
Кольраби,2025-05-05,64,0.36,12.9,5.71,10.6,False,Органическое,A
Цветная,2025-11-17,106,1.14,10.1,5.74,17.0,True,Биоудобрение,D
Кольраби,2026-01-20,85,0.99,6.4,7.52,16.7,False,Органическое,A
Кольраби,2026-02-24,87,0.85,7.4,5.35,11.8,False,Без удобрений,B
Брюссельская,2025-02-21,111,1.06,7.1,5.65,11.7,False,Минеральное,A
Белокочанная,2025-02-20,124,2.15,17.8,5.31,15.2,False,Минеральное,B
Пекинская,2024-03-29,77,1.04,10.1,5.79,10.5,True,Биоудобрение,C
Брюссельская,2024-04-26,120,0.63,6.1,5.76,17.6,False,Минеральное,B
Цветная,2024-05-29,104,1.65,13.9,6.25,9.2,False,Комплексное,A
Краснокочанная,2025-04-02,132,2.65,17.4,5.99,12.6,False,Органическое,A
Цветная,2024-06-02,101,1.41,15.5,6.25,10.7,False,Комплексное,A
Савойская,2025-12-09,99,2.69,19.2,6.78,10.7,False,Биоудобрение,A
Савойская,2025-04-07,125,0.97,20.8,6.2,13.2,False,Комплексное,A
Кольраби,2025-07-29,69,0.47,8.3,6.72,8.3,False,Минеральное,A
Пекинская,2025-03-01,50,1.41,13.8,6.25,6.7,False,Без удобрений,B
Брокколи,2024-03-03,92,0.76,11.4,5.91,12.7,False,Комплексное,A
Краснокочанная,2024-09-29,134,2.55,18.9,5.88,16.6,False,Без удобрений,B
Пекинская,2024-12-10,70,0.75,11.8,6.42,17.7,False,Без удобрений,B
Цветная,2026-05-28,75,0.72,14.4,6.95,9.9,True,Минеральное,C
Пекинская,2024-08-21,52,1.57,10.7,6.6,8.9,False,Без удобрений,B
Пекинская,2025-03-26,73,1.23,10.9,6.04,4.6,False,Комплексное,B
Брюссельская,2025-02-28,98,0.37,4.4,5.74,11.4,True,Комплексное,C
Кольраби,2024-05-21,85,0.57,7.5,5.44,14.3,False,Органическое,B
Кольраби,2025-01-15,87,0.89,7.0,6.18,9.8,True,Минеральное,B
Брюссельская,2025-08-03,125,0.93,6.1,7.11,14.4,False,Комплексное,A
Брюссельская,2026-02-14,100,1.14,7.5,6.83,14.8,False,Комплексное,A
Пекинская,2025-12-03,54,1.15,13.1,6.2,7.5,False,Биоудобрение,B
Кольраби,2024-09-23,73,0.48,13.3,5.5,14.3,False,Биоудобрение,A
Белокочанная,2025-12-26,117,2.09,25.8,7.46,15.0,False,Минеральное,A
Краснокочанная,2025-10-30,146,2.01,17.2,6.41,4.7,False,Органическое,B
Пекинская,2026-01-16,47,1.94,15.7,7.11,16.2,False,Минеральное,B
Белокочанная,2025-12-15,135,1.84,24.4,6.2,18.0,False,Органическое,A
Белокочанная,2026-05-12,119,3.17,14.1,5.79,12.8,False,Без удобрений,B
Савойская,2024-08-21,110,1.02,13.1,7.46,8.5,False,Органическое,B
Белокочанная,2025-09-25,100,3.28,17.6,6.84,16.0,False,Комплексное,A
Савойская,2025-04-16,108,2.4,17.2,6.21,10.8,False,Органическое,A
Кольраби,2026-01-18,71,0.85,11.0,7.3,12.4,False,Минеральное,B
Савойская,2024-06-25,135,2.07,19.0,7.59,13.5,False,Комплексное,B
Белокочанная,2026-04-29,137,1.66,21.1,5.79,17.9,False,Органическое,B
Брюссельская,2026-05-11,114,0.72,6.3,5.53,15.3,False,Биоудобрение,B
Брюссельская,2026-06-08,91,0.55,4.3,7.33,12.8,False,Комплексное,B
Краснокочанная,2024-11-16,137,2.64,13.6,5.29,6.8,False,Минеральное,C
Кольраби,2026-01-17,73,0.65,8.6,5.26,14.1,False,Комплексное,B
Кольраби,2024-06-10,74,0.67,10.8,5.87,18.6,True,Минеральное,C
Пекинская,2024-08-12,77,1.58,14.5,7.38,16.0,False,Органическое,B
Пекинская,2024-06-10,70,1.08,14.8,7.2,12.4,False,Органическое,B
Кольраби,2025-11-04,73,0.84,8.6,7.04,14.1,False,Органическое,B
Кольраби,2025-04-03,70,0.61,13.6,5.47,13.5,False,Биоудобрение,B
Белокочанная,2024-12-02,100,3.71,22.4,6.37,19.2,False,Органическое,B
Брюссельская,2024-06-15,125,1.14,5.4,6.45,8.1,False,Минеральное,A
Брокколи,2025-12-30,93,0.49,9.5,6.44,12.7,False,Без удобрений,A
Белокочанная,2025-01-20,127,3.3,16.0,5.59,13.0,False,Минеральное,B
Савойская,2025-11-19,133,1.92,20.6,6.84,11.4,False,Минеральное,A
Цветная,2024-03-19,116,1.62,19.5,6.28,12.0,False,Комплексное,A
Брокколи,2025-09-30,68,0.45,17.1,6.98,14.3,False,Без удобрений,B
Савойская,2025-06-25,121,2.95,19.4,5.83,14.4,False,Комплексное,A
Брокколи,2026-05-05,89,1.51,17.5,5.92,16.5,False,Органическое,B
Пекинская,2024-06-18,50,0.8,9.4,6.79,15.9,False,Комплексное,A
Брокколи,2024-07-29,61,0.69,13.7,6.12,16.4,False,Биоудобрение,A
Кольраби,2024-08-12,59,0.67,12.1,5.58,11.9,False,Органическое,B
Савойская,2025-07-15,112,1.82,22.5,5.65,14.0,False,Комплексное,A
Цветная,2024-12-09,116,1.67,16.2,5.77,13.0,False,Комплексное,A
Краснокочанная,2025-09-23,130,1.72,13.3,6.4,19.8,False,Без удобрений,B
Кольраби,2024-09-13,71,0.92,11.9,5.52,16.6,False,Комплексное,B
Брюссельская,2026-02-07,103,0.44,6.6,5.79,11.9,False,Органическое,A
Савойская,2025-06-28,118,2.45,20.9,7.05,17.8,False,Комплексное,B
Брокколи,2024-04-19,65,1.54,14.4,6.4,14.1,False,Комплексное,A
Кольраби,2024-11-21,90,0.69,7.8,5.88,16.6,False,Без удобрений,C
Брюссельская,2024-08-20,131,0.92,6.2,7.48,14.6,True,Без удобрений,D
Кольраби,2025-05-13,73,0.5,6.7,5.44,21.4,False,Минеральное,C
Цветная,2025-01-29,90,0.97,20.7,5.8,16.9,False,Комплексное,B
Савойская,2025-03-26,122,1.29,14.0,6.43,14.1,False,Комплексное,A
Брокколи,2024-04-22,74,0.92,16.0,5.6,9.7,False,Органическое,A
Савойская,2025-11-13,123,2.34,17.7,5.33,23.4,False,Минеральное,C
Савойская,2025-05-18,97,2.69,18.5,6.41,6.0,False,Комплексное,A
Пекинская,2024-10-11,50,1.07,11.8,6.12,13.8,False,Минеральное,A
Краснокочанная,2025-10-17,146,2.55,22.2,6.77,8.4,False,Минеральное,A
Краснокочанная,2026-05-08,147,3.02,14.9,5.23,12.6,False,Органическое,B
Пекинская,2025-04-10,63,1.22,13.8,5.77,17.0,False,Без удобрений,C
Цветная,2024-09-03,79,1.81,17.9,6.19,20.5,False,Без удобрений,C
Краснокочанная,2025-01-13,114,1.88,13.2,7.35,12.4,True,Органическое,C
Цветная,2025-03-27,100,1.92,14.8,6.88,7.3,False,Органическое,A
Савойская,2026-01-31,133,2.36,18.4,6.68,10.4,False,Комплексное,A
Брюссельская,2024-11-07,96,1.08,6.4,5.98,10.0,False,Биоудобрение,B
Брюссельская,2024-10-22,104,0.74,7.2,5.85,9.7,False,Минеральное,A
Пекинская,2024-10-14,77,1.76,10.0,7.56,12.2,False,Органическое,B
Пекинская,2025-01-28,49,0.82,13.1,6.73,10.3,False,Комплексное,A
Пекинская,2024-11-04,47,0.57,13.2,5.49,13.0,False,Биоудобрение,B
Белокочанная,2024-08-29,127,1.93,13.7,6.79,12.6,True,Без удобрений,C
Пекинская,2024-05-03,68,0.87,12.9,6.12,15.6,False,Органическое,B
Белокочанная,2025-12-21,112,2.7,27.8,7.54,12.2,False,Минеральное,B
Пекинская,2024-03-25,51,1.89,16.2,6.94,10.4,False,Биоудобрение,A
Цветная,2025-01-20,101,1.14,16.1,6.77,10.6,False,Без удобрений,B
Цветная,2026-02-05,93,1.88,14.2,6.24,15.3,False,Минеральное,A
Белокочанная,2025-06-19,95,2.44,18.0,6.04,9.1,True,Без удобрений,D
Кольраби,2025-07-17,91,0.57,7.6,5.66,14.4,True,Органическое,D
Савойская,2025-11-21,102,1.13,18.6,5.26,9.3,False,Органическое,B
Брюссельская,2024-10-03,101,0.6,6.7,7.26,13.6,False,Без удобрений,B
Брюссельская,2024-09-02,129,0.54,8.4,5.97,21.7,False,Органическое,B
Пекинская,2024-07-07,61,1.22,14.3,6.14,12.2,False,Биоудобрение,A
Брокколи,2025-12-05,87,0.81,10.8,6.88,15.3,True,Комплексное,B
Пекинская,2025-03-27,52,1.51,11.0,6.15,10.3,False,Комплексное,A
Брюссельская,2025-12-31,118,0.9,5.6,6.41,9.7,False,Комплексное,A
Краснокочанная,2025-08-19,136,2.49,15.0,5.26,7.3,False,Органическое,B
Кольраби,2024-09-22,80,0.77,7.6,7.56,12.2,False,Без удобрений,C
Савойская,2025-12-15,131,2.22,20.0,5.99,10.6,False,Без удобрений,B
Брокколи,2025-03-09,94,0.51,16.6,7.48,6.4,False,Органическое,B
Пекинская,2024-09-05,48,1.08,16.8,6.53,13.7,False,Минеральное,A
Цветная,2025-12-24,116,1.42,17.1,5.48,14.4,True,Минеральное,D
Белокочанная,2024-03-14,140,4.13,15.4,7.2,11.2,False,Комплексное,A
Брокколи,2025-08-01,77,1.42,14.6,6.59,12.2,False,Биоудобрение,A
Белокочанная,2025-09-09,107,3.4,19.6,5.5,12.8,False,Минеральное,B
Брокколи,2024-10-03,66,0.84,15.5,6.35,11.8,False,Комплексное,A
Цветная,2026-05-20,98,0.78,21.3,5.4,9.4,False,Комплексное,B
Кольраби,2025-10-14,83,0.36,7.6,7.35,17.0,False,Комплексное,B
Белокочанная,2025-07-06,134,3.78,27.3,6.52,16.0,False,Комплексное,A
Кольраби,2025-10-09,62,0.61,6.3,6.07,7.4,False,Без удобрений,B
Кольраби,2026-02-05,83,0.93,11.7,6.69,18.3,False,Без удобрений,B
Савойская,2026-01-10,124,1.07,20.5,6.77,16.1,False,Без удобрений,B
Пекинская,2025-05-06,72,1.0,12.2,6.04,18.6,False,Без удобрений,C
Савойская,2025-05-12,102,1.02,21.2,7.21,13.0,True,Комплексное,B
Савойская,2025-05-25,123,1.21,14.4,5.43,13.6,False,Органическое,A
Пекинская,2025-01-30,72,0.98,12.4,5.69,7.8,True,Минеральное,D
Савойская,2025-01-03,125,2.17,18.7,5.22,5.2,False,Минеральное,C
Кольраби,2026-03-27,59,0.88,7.3,7.01,17.3,False,Минеральное,B
Белокочанная,2024-07-06,104,3.28,23.5,6.05,7.3,False,Комплексное,B
Краснокочанная,2025-12-04,102,2.93,16.8,7.14,18.1,False,Комплексное,A
Краснокочанная,2026-03-21,136,2.86,18.5,6.86,10.9,False,Комплексное,A
Брюссельская,2024-08-18,116,0.75,5.0,5.41,2.0,False,Без удобрений,D
Пекинская,2025-03-21,73,1.12,11.7,6.0,11.9,False,Органическое,A
Пекинская,2024-12-30,62,0.7,16.1,6.94,10.3,False,Комплексное,A
Белокочанная,2026-04-15,122,1.82,18.3,7.28,12.6,False,Без удобрений,B
Краснокочанная,2025-09-12,154,1.24,16.3,7.34,19.3,True,Без удобрений,D
Пекинская,2024-05-26,81,1.24,10.0,7.0,12.9,True,Комплексное,B
Кольраби,2026-02-22,62,0.75,10.6,6.27,18.1,False,Биоудобрение,A
Савойская,2025-08-05,117,1.48,18.7,7.22,18.7,False,Минеральное,B
Брокколи,2025-03-24,89,0.58,17.5,6.18,17.3,False,Без удобрений,B
Цветная,2025-01-27,99,1.07,11.8,5.55,19.6,True,Комплексное,D
Белокочанная,2024-11-30,119,2.17,18.5,5.98,6.3,False,Комплексное,A
Савойская,2026-03-12,138,2.15,15.8,5.59,15.2,True,Минеральное,C
Цветная,2025-12-03,82,1.04,15.9,6.44,13.6,False,Без удобрений,A
Брокколи,2024-12-24,99,1.06,10.3,6.73,21.2,False,Минеральное,A
Белокочанная,2025-09-18,135,1.52,14.4,6.95,18.2,False,Минеральное,B
Цветная,2025-03-28,97,1.0,19.9,5.55,11.8,False,Без удобрений,B
Цветная,2025-08-28,117,0.86,18.9,6.33,14.5,False,Органическое,A
Краснокочанная,2026-06-05,110,1.6,14.5,7.43,19.5,False,Органическое,B
Пекинская,2025-10-11,70,0.97,9.3,6.67,10.5,True,Органическое,B
Брюссельская,2024-04-08,91,1.03,4.4,7.35,11.8,False,Биоудобрение,A
Брокколи,2025-02-03,65,0.49,13.6,5.25,10.3,False,Биоудобрение,B
Кольраби,2025-07-14,69,0.9,6.8,5.51,13.7,False,Без удобрений,B
Краснокочанная,2024-03-06,146,2.59,19.6,7.29,9.6,False,Биоудобрение,B
Брюссельская,2025-05-08,92,0.92,6.7,6.77,16.2,False,Без удобрений,B
Краснокочанная,2024-03-07,126,2.05,18.2,5.64,13.9,False,Без удобрений,B
Пекинская,2024-06-26,82,1.22,11.9,5.65,17.7,True,Органическое,D
Краснокочанная,2026-01-19,147,1.1,13.4,5.35,14.7,True,Минеральное,C
Краснокочанная,2024-12-20,147,2.85,16.5,6.96,13.0,False,Органическое,A
Брюссельская,2024-08-16,118,0.99,5.3,6.54,4.9,False,Без удобрений,B
Брюссельская,2025-06-20,112,0.81,6.4,5.87,12.6,False,Без удобрений,B
Савойская,2025-08-15,100,1.07,18.1,7.36,10.2,False,Минеральное,A
Краснокочанная,2024-12-13,117,1.56,20.5,5.32,13.6,False,Без удобрений,B
Белокочанная,2025-12-11,136,3.09,19.6,5.65,20.0,False,Минеральное,B
Белокочанная,2025-10-06,110,1.76,26.5,7.48,8.7,False,Органическое,B
Цветная,2026-02-13,101,2.11,17.4,6.41,9.3,False,Комплексное,A
Краснокочанная,2025-12-08,151,0.96,16.3,6.98,18.8,True,Минеральное,D
Савойская,2025-06-10,98,1.83,20.2,6.63,9.3,False,Без удобрений,A
Кольраби,2024-05-18,82,0.94,10.7,5.23,13.0,False,Комплексное,B
Кольраби,2025-12-27,81,1.02,9.5,5.82,12.2,False,Минеральное,A
Белокочанная,2024-04-27,124,1.71,19.4,6.92,20.1,False,Биоудобрение,B
Савойская,2024-04-02,137,1.0,15.5,5.54,10.7,False,Минеральное,C
Белокочанная,2024-04-28,135,2.24,14.2,6.0,21.7,False,Минеральное,B
Савойская,2024-07-29,133,1.1,22.2,6.79,16.3,False,Органическое,B
Краснокочанная,2024-07-21,140,2.86,13.6,6.68,13.7,True,Минеральное,C
Краснокочанная,2025-04-30,107,1.5,18.5,5.51,7.9,False,Биоудобрение,B
Кольраби,2025-01-30,64,0.73,8.7,5.29,14.8,False,Минеральное,B
Кольраби,2024-05-10,90,0.95,12.4,6.39,8.9,False,Биоудобрение,B
Брюссельская,2024-11-13,127,0.69,4.5,7.55,9.8,False,Органическое,B
Краснокочанная,2025-07-04,145,2.58,18.4,6.65,9.0,True,Минеральное,C
Белокочанная,2026-01-16,96,2.07,16.1,5.64,9.7,True,Органическое,D
Савойская,2024-06-25,109,2.9,16.9,5.23,13.1,False,Комплексное,B
Брокколи,2025-01-01,100,0.59,16.2,6.44,7.8,True,Органическое,C
Брокколи,2025-01-11,71,0.6,15.2,5.76,6.5,False,Комплексное,B
Кольраби,2026-04-27,67,1.16,12.1,7.06,14.4,False,Комплексное,A
Цветная,2024-05-06,93,1.76,13.8,5.59,5.4,False,Комплексное,C
Брюссельская,2024-04-20,91,0.61,9.2,5.76,10.4,False,Комплексное,A
Краснокочанная,2024-10-17,132,1.73,24.2,6.11,14.8,False,Комплексное,A
Савойская,2024-05-01,112,1.3,18.8,5.2,10.5,True,Минеральное,D
Краснокочанная,2024-03-18,142,0.97,16.4,6.52,22.5,True,Биоудобрение,C
Брюссельская,2024-06-29,98,0.44,6.3,5.32,11.3,False,Комплексное,B
Савойская,2024-08-04,128,1.37,23.4,7.24,9.4,False,Минеральное,B
Белокочанная,2026-02-06,107,3.69,16.1,6.73,11.0,False,Без удобрений,A
Брокколи,2025-05-06,62,1.87,18.0,5.87,12.7,False,Минеральное,A
Савойская,2024-07-24,124,1.84,19.1,5.56,15.2,False,Комплексное,B
Краснокочанная,2025-08-04,136,1.22,20.3,5.94,11.7,True,Минеральное,C
Брюссельская,2026-03-25,111,0.37,6.9,5.28,14.7,False,Минеральное,B
Кольраби,2026-01-24,68,0.54,11.4,5.72,8.6,False,Без удобрений,B
Кольраби,2026-02-07,61,0.88,12.3,6.07,16.5,False,Минеральное,A
Савойская,2025-08-06,97,1.99,14.1,5.81,13.2,False,Минеральное,A
Краснокочанная,2026-02-09,132,2.68,15.0,6.82,16.8,False,Органическое,A
Брокколи,2024-04-11,93,0.89,18.2,5.93,11.7,False,Минеральное,A
Брюссельская,2025-10-20,119,0.4,5.0,6.11,2.2,False,Органическое,C
Пекинская,2024-10-21,61,1.54,14.3,5.66,13.8,True,Комплексное,C
Брюссельская,2025-08-29,110,0.85,4.4,6.16,12.6,True,Биоудобрение,C
Савойская,2024-03-09,134,2.71,16.6,6.97,10.6,False,Комплексное,A
Савойская,2024-06-29,131,2.23,19.6,5.77,16.6,False,Биоудобрение,B
Белокочанная,2025-09-29,94,4.01,23.5,6.53,10.0,False,Биоудобрение,A
Савойская,2025-02-05,117,1.54,14.7,5.5,17.7,False,Без удобрений,C
Брюссельская,2024-08-20,96,0.99,7.9,6.16,12.6,False,Биоудобрение,B
Цветная,2024-08-16,73,1.55,14.3,5.27,8.8,False,Комплексное,B
Савойская,2024-12-19,116,1.92,15.8,6.91,7.9,False,Без удобрений,B
Цветная,2024-09-12,96,1.53,19.4,5.63,11.9,True,Комплексное,C
Краснокочанная,2024-07-15,141,1.74,19.7,6.54,11.9,False,Комплексное,A
Брокколи,2026-03-01,86,0.74,12.6,6.94,11.4,False,Комплексное,A
Краснокочанная,2026-06-15,112,1.27,20.1,5.44,14.8,False,Комплексное,A
Кольраби,2025-05-18,70,0.88,13.0,5.3,13.5,False,Комплексное,B
Брокколи,2025-03-30,81,1.3,15.2,6.15,18.7,False,Комплексное,A
Кольраби,2024-06-30,87,0.73,10.2,7.3,14.5,False,Органическое,A
Кольраби,2025-01-12,65,0.33,6.8,5.22,3.8,False,Органическое,C
Кольраби,2024-03-29,75,0.89,11.3,7.12,15.1,True,Минеральное,B
Белокочанная,2024-04-22,117,2.45,19.8,7.14,16.2,False,Комплексное,B
Брюссельская,2025-12-26,101,0.88,5.2,7.38,7.8,True,Комплексное,D
Брокколи,2025-11-02,85,0.49,10.1,5.76,9.6,True,Без удобрений,D
Брокколи,2025-12-27,79,0.81,8.7,7.58,11.3,False,Без удобрений,B
Краснокочанная,2024-09-08,143,1.65,17.8,6.4,11.2,False,Органическое,A
Брокколи,2025-06-17,85,1.13,16.1,7.19,14.5,False,Минеральное,B
Пекинская,2024-06-05,83,0.56,10.9,5.25,20.7,False,Без удобрений,C
Белокочанная,2024-04-05,131,2.78,14.6,5.7,14.8,True,Комплексное,C
Савойская,2024-12-10,118,1.91,17.2,5.4,3.4,True,Комплексное,D
Брюссельская,2026-03-24,101,1.02,3.9,7.47,16.5,False,Минеральное,B
Пекинская,2024-05-15,52,1.1,13.7,5.51,12.6,False,Комплексное,A
Кольраби,2025-09-01,68,0.69,11.7,5.8,15.0,False,Минеральное,B
Пекинская,2025-02-21,64,0.75,16.4,6.03,11.4,False,Комплексное,B
Брокколи,2024-09-29,85,0.53,11.2,5.76,13.7,True,Биоудобрение,C
Брюссельская,2024-07-13,98,0.67,4.6,6.32,7.9,False,Без удобрений,B
Брюссельская,2025-02-01,114,0.9,4.2,7.21,2.6,False,Комплексное,B
Кольраби,2024-04-19,63,0.91,6.5,5.41,10.5,True,Минеральное,D
Кольраби,2025-01-02,74,0.35,6.3,5.38,6.9,True,Органическое,D
Пекинская,2024-04-06,60,0.69,11.9,6.61,7.2,True,Без удобрений,D
Пекинская,2024-11-30,73,1.58,10.4,5.51,14.1,False,Комплексное,A
Савойская,2025-07-08,128,1.96,21.6,5.33,11.3,False,Комплексное,B
Пекинская,2024-12-28,54,0.87,13.6,6.95,16.1,False,Комплексное,A
Кольраби,2024-07-03,84,0.74,7.1,5.88,11.6,False,Органическое,B
Белокочанная,2024-11-30,124,3.18,28.3,7.03,9.6,False,Комплексное,A
Савойская,2024-05-03,102,2.82,19.8,6.51,11.0,False,Комплексное,B
Краснокочанная,2025-12-08,144,1.24,14.7,6.53,15.4,True,Без удобрений,C
Белокочанная,2024-11-20,122,2.34,18.9,6.74,7.5,True,Комплексное,C
Цветная,2026-05-04,122,1.62,17.3,7.09,11.5,True,Минеральное,C
Краснокочанная,2024-10-22,133,1.52,18.0,5.75,6.5,False,Комплексное,A
Цветная,2025-07-06,114,1.48,13.0,7.21,23.5,False,Минеральное,B
Кольраби,2026-05-08,75,0.6,7.9,6.69,9.7,False,Органическое,B
Кольраби,2025-05-01,76,0.42,7.9,5.45,13.0,True,Минеральное,C
Савойская,2025-09-22,117,2.59,17.4,6.94,16.4,False,Минеральное,A
Краснокочанная,2026-04-30,117,1.91,13.6,5.96,13.4,False,Без удобрений,B
Кольраби,2026-06-14,69,1.01,7.3,6.78,7.7,False,Комплексное,B
Цветная,2025-11-06,123,2.23,20.4,5.32,17.6,False,Комплексное,B
Белокочанная,2025-11-24,121,2.66,21.5,5.82,25.0,False,Комплексное,C
Брокколи,2025-08-05,79,0.51,10.1,7.28,15.0,False,Органическое,A
Кольраби,2024-08-27,72,1.04,11.0,6.26,19.8,False,Минеральное,B
Цветная,2024-09-23,98,1.0,19.2,5.75,16.5,False,Органическое,A
Пекинская,2026-04-10,48,0.94,10.5,7.31,11.5,False,Минеральное,B
Цветная,2025-08-02,94,1.52,15.7,6.99,12.6,False,Органическое,A
Краснокочанная,2025-12-26,127,1.61,14.1,5.84,14.1,False,Без удобрений,B
Цветная,2024-07-24,92,1.46,12.0,6.72,18.4,True,Органическое,C
Брокколи,2024-12-21,92,0.73,13.6,6.03,12.1,True,Без удобрений,C
Цветная,2024-07-21,114,1.97,19.4,7.31,16.4,False,Органическое,B
Савойская,2025-04-17,133,1.19,15.7,5.9,18.4,True,Биоудобрение,C
Белокочанная,2025-02-05,123,2.92,19.4,6.86,10.5,False,Комплексное,A
Брокколи,2025-07-26,87,0.75,14.7,5.95,15.6,False,Минеральное,A
Савойская,2025-11-08,112,1.11,20.6,6.54,8.8,False,Минеральное,B
Кольраби,2024-03-05,90,0.58,8.6,6.41,13.6,False,Минеральное,A
Брюссельская,2024-11-09,97,0.86,7.0,6.12,4.8,False,Комплексное,B
Пекинская,2024-03-20,78,1.1,11.0,5.92,20.9,False,Органическое,B
Краснокочанная,2026-05-04,144,0.86,18.6,7.1,7.6,True,Комплексное,C
Брокколи,2026-05-12,69,1.23,15.5,6.22,11.9,False,Комплексное,A
Савойская,2025-11-29,105,2.09,18.9,6.81,16.1,False,Органическое,A
Цветная,2024-07-10,106,0.87,16.3,5.7,12.1,False,Органическое,B
Брюссельская,2026-04-26,93,0.47,3.7,5.23,8.3,False,Без удобрений,C
Белокочанная,2025-02-20,117,1.56,17.3,6.17,13.1,True,Органическое,B
Брокколи,2024-04-27,75,0.87,13.2,6.17,9.8,False,Биоудобрение,B
Брокколи,2024-11-02,76,0.91,18.5,5.2,11.4,False,Органическое,B
Брюссельская,2026-03-27,92,0.29,4.7,7.51,3.5,False,Органическое,C
Краснокочанная,2024-07-04,116,3.15,18.6,5.33,12.8,False,Комплексное,B
Пекинская,2024-06-17,49,0.95,16.1,7.33,17.9,False,Биоудобрение,B
Белокочанная,2026-02-07,143,2.89,19.7,5.81,12.8,True,Органическое,C
Белокочанная,2025-01-15,101,1.54,26.1,6.28,10.4,False,Биоудобрение,A
Цветная,2024-05-29,92,1.34,11.8,5.85,15.7,False,Минеральное,B
Краснокочанная,2026-04-20,103,2.6,21.0,5.49,10.6,False,Органическое,B
Пекинская,2024-08-14,53,1.15,16.8,5.53,11.4,False,Комплексное,A
Брюссельская,2025-12-28,128,0.55,7.4,5.81,13.8,False,Органическое,A
Пекинская,2026-03-02,65,1.79,16.5,5.82,10.4,False,Биоудобрение,B
Кольраби,2026-04-03,75,1.06,7.5,5.95,15.1,False,Органическое,A
Цветная,2026-03-08,119,1.89,17.1,5.62,12.7,True,Комплексное,D
Брокколи,2025-04-15,62,1.56,12.3,6.09,19.6,False,Минеральное,B
Савойская,2025-04-22,97,1.6,18.2,7.25,11.9,False,Биоудобрение,A
Белокочанная,2025-03-05,142,2.83,23.2,6.55,12.2,True,Минеральное,B
Брокколи,2025-02-15,66,0.48,10.7,7.51,10.6,True,Биоудобрение,C
Брокколи,2025-06-03,83,1.13,11.4,6.21,9.5,True,Комплексное,C
Брокколи,2024-09-06,76,1.13,9.2,7.39,10.4,True,Минеральное,D
Цветная,2025-01-06,110,2.46,13.3,6.24,11.0,False,Минеральное,A
Пекинская,2026-04-18,73,1.05,12.4,5.35,11.5,False,Комплексное,B
Цветная,2024-09-28,77,2.12,18.3,6.87,13.4,False,Комплексное,A
Брокколи,2026-01-03,70,1.01,9.7,5.26,6.9,False,Органическое,C
Кольраби,2025-07-01,72,0.29,11.4,5.62,2.0,False,Биоудобрение,C
Брокколи,2026-01-23,89,0.53,16.1,5.37,9.0,False,Органическое,B
Савойская,2025-12-17,101,2.03,21.2,6.5,13.1,False,Органическое,A
Брюссельская,2024-05-30,129,0.5,4.2,7.55,15.4,False,Минеральное,B
Брюссельская,2024-05-01,130,0.67,8.3,5.83,8.3,False,Биоудобрение,B
Брокколи,2025-12-13,89,0.5,9.8,7.26,9.8,False,Без удобрений,C
Кольраби,2024-06-30,88,0.86,6.8,7.06,17.3,True,Органическое,D
Брюссельская,2025-07-27,94,0.88,7.3,7.58,3.9,False,Комплексное,B
Кольраби,2025-12-07,80,0.94,9.7,5.41,11.9,False,Органическое,B
Белокочанная,2026-04-23,104,2.09,18.3,5.3,12.8,False,Органическое,B
Белокочанная,2025-02-13,101,4.11,22.8,6.31,12.9,False,Органическое,A
Кольраби,2024-11-20,55,1.09,9.0,7.07,8.9,False,Минеральное,B
Краснокочанная,2024-12-19,145,2.73,15.2,6.52,2.1,False,Минеральное,B
Краснокочанная,2024-12-31,139,2.98,16.5,6.15,13.5,False,Минеральное,B
Краснокочанная,2025-08-17,138,1.16,14.5,5.41,16.8,True,Органическое,D
Краснокочанная,2025-10-11,136,1.77,17.9,7.03,7.6,True,Биоудобрение,C
Брюссельская,2025-02-28,132,0.3,5.0,7.38,13.8,True,Биоудобрение,C
Кольраби,2025-01-12,85,0.88,13.3,5.49,18.3,False,Минеральное,C
Кольраби,2025-09-28,87,0.88,11.7,6.51,11.5,True,Органическое,B
Савойская,2024-05-16,107,1.34,16.6,5.28,9.4,False,Органическое,B
Брокколи,2024-03-31,101,1.53,16.4,5.56,14.3,False,Органическое,B
Кольраби,2024-07-22,68,0.29,6.9,5.93,11.1,False,Комплексное,A
Цветная,2025-01-04,101,1.54,18.9,5.48,10.6,False,Комплексное,B
Краснокочанная,2026-04-19,100,3.32,17.2,6.07,12.3,False,Комплексное,A
Кольраби,2025-04-09,73,0.4,8.6,5.35,7.3,False,Минеральное,C
Савойская,2024-06-03,106,2.08,18.8,5.54,16.7,False,Без удобрений,B
Пекинская,2025-02-19,72,1.21,15.1,6.31,20.5,False,Без удобрений,B
Краснокочанная,2025-09-26,154,1.32,15.6,6.25,6.1,True,Комплексное,C
Брокколи,2026-06-10,67,1.39,15.2,5.21,17.1,False,Минеральное,B
Краснокочанная,2025-06-24,108,1.96,17.6,7.02,16.1,False,Минеральное,A
Кольраби,2026-05-17,63,0.65,6.8,7.04,4.7,False,Без удобрений,C
Кольраби,2024-04-29,72,1.08,9.0,6.94,12.1,False,Минеральное,A
Пекинская,2025-12-27,73,1.26,8.9,7.07,11.0,False,Без удобрений,B
Кольраби,2025-05-29,79,0.39,13.4,7.03,12.6,False,Минеральное,A
Краснокочанная,2024-10-06,120,1.86,15.7,6.63,6.4,False,Минеральное,B
Краснокочанная,2025-12-07,115,2.33,14.8,7.19,14.5,False,Без удобрений,C
Брокколи,2024-03-05,74,1.0,10.1,7.53,12.5,False,Комплексное,B
Кольраби,2026-06-09,71,0.75,9.2,6.3,10.0,False,Без удобрений,B
Белокочанная,2026-02-08,101,2.0,15.7,6.57,14.2,True,Без удобрений,C
Цветная,2024-12-16,116,0.82,11.4,6.21,14.6,True,Без удобрений,C
Пекинская,2025-10-10,57,1.52,12.5,7.27,3.8,False,Комплексное,B
Кольраби,2026-01-06,67,0.53,6.7,5.47,8.2,True,Комплексное,D
Пекинская,2025-08-20,64,1.69,15.8,6.82,14.1,False,Биоудобрение,A
Кольраби,2024-06-19,87,0.42,10.8,7.35,13.4,True,Без удобрений,D
Цветная,2025-04-12,91,0.79,21.6,6.02,12.6,False,Минеральное,A
Савойская,2024-10-09,103,1.75,16.1,6.11,12.1,False,Без удобрений,A
Брюссельская,2026-02-12,127,0.41,6.8,7.34,10.5,True,Комплексное,C
Брюссельская,2026-05-19,101,1.25,6.3,6.02,18.0,False,Комплексное,A
Краснокочанная,2025-02-19,151,1.67,13.0,5.49,8.6,False,Органическое,B
Цветная,2025-10-26,104,0.7,18.0,5.53,9.5,False,Без удобрений,B
Кольраби,2025-08-05,90,0.54,10.5,5.95,9.8,False,Минеральное,B
Брюссельская,2025-12-19,119,0.95,5.1,6.31,9.9,False,Минеральное,B
Цветная,2026-03-16,72,1.57,13.0,6.11,14.7,False,Минеральное,A
Цветная,2025-08-11,80,1.55,20.8,5.34,15.0,False,Минеральное,B
Брюссельская,2025-10-06,122,0.56,3.9,6.01,7.8,False,Минеральное,B
Брокколи,2024-07-15,63,0.87,13.2,5.56,14.5,False,Органическое,B
Брюссельская,2026-03-15,132,1.26,7.2,7.49,8.9,False,Комплексное,A
Цветная,2026-05-19,116,0.77,17.5,7.6,21.1,False,Комплексное,B
Кольраби,2024-08-01,88,0.48,10.8,5.7,9.8,False,Комплексное,A
Савойская,2024-09-02,107,1.18,16.2,5.27,14.8,True,Комплексное,C
Кольраби,2026-05-28,83,0.57,12.4,6.36,17.5,False,Комплексное,A
Цветная,2025-06-22,75,1.33,13.7,5.81,21.8,False,Минеральное,C
Цветная,2025-11-16,74,1.17,15.6,7.23,10.8,False,Комплексное,A
Брюссельская,2024-12-31,93,0.4,5.7,6.03,8.5,False,Комплексное,A
Брюссельская,2024-03-12,113,0.92,4.6,6.86,15.0,False,Комплексное,A
Цветная,2026-02-01,87,2.05,13.2,5.39,14.8,False,Минеральное,B
Кольраби,2026-01-29,90,0.47,11.3,5.27,14.5,True,Минеральное,D
Цветная,2026-01-17,92,1.11,19.0,5.57,12.5,False,Биоудобрение,B
Кольраби,2026-05-01,90,0.4,8.1,5.88,13.4,False,Биоудобрение,A
Брюссельская,2024-06-21,115,0.77,5.2,7.56,6.0,False,Органическое,B
Брокколи,2026-05-01,80,0.94,15.4,6.86,14.3,False,Комплексное,A
Кольраби,2024-06-24,83,0.96,7.2,5.57,15.1,False,Органическое,C
Брюссельская,2024-04-01,95,1.38,8.1,6.42,16.6,False,Органическое,B
Краснокочанная,2025-01-26,110,1.56,19.6,7.07,11.0,True,Органическое,B
Белокочанная,2024-10-05,109,3.61,23.6,5.3,18.2,False,Комплексное,C
Пекинская,2026-05-22,68,1.47,15.2,5.43,14.5,False,Биоудобрение,A
Брокколи,2025-08-24,66,0.86,11.6,5.4,9.8,False,Органическое,C
Брокколи,2024-09-22,64,0.51,9.6,6.05,11.8,True,Органическое,D
Цветная,2024-10-06,98,0.95,16.7,6.69,13.1,False,Органическое,A
Брокколи,2025-02-10,98,0.59,10.2,5.98,14.5,False,Органическое,A
Савойская,2026-03-19,109,2.14,14.6,6.8,15.3,True,Комплексное,B
Краснокочанная,2024-08-06,144,2.51,19.4,7.2,13.0,False,Органическое,A
Брюссельская,2026-01-16,124,0.36,5.8,6.9,12.4,True,Биоудобрение,C
Цветная,2025-09-25,115,1.02,23.7,6.6,15.8,False,Комплексное,A
Краснокочанная,2025-10-14,131,1.4,14.9,5.51,11.8,True,Органическое,D
Брюссельская,2024-05-08,134,0.65,6.2,6.32,13.9,True,Без удобрений,B
Брокколи,2024-06-09,80,1.54,13.9,6.53,12.1,False,Комплексное,A
Белокочанная,2024-05-22,127,2.76,14.6,6.37,18.0,False,Биоудобрение,A
Цветная,2024-09-16,114,1.35,15.4,5.63,12.8,False,Органическое,B
Савойская,2024-09-17,104,0.75,18.8,5.45,18.2,False,Без удобрений,C
Брюссельская,2025-04-19,100,0.73,6.4,5.87,10.4,False,Комплексное,A
Пекинская,2024-08-24,50,1.38,15.0,7.4,13.5,False,Органическое,B
Брокколи,2025-12-28,67,0.51,10.4,5.78,15.1,False,Биоудобрение,B
Пекинская,2024-05-10,80,1.64,15.9,6.65,12.1,True,Органическое,B
Краснокочанная,2025-09-06,147,1.24,17.6,7.26,10.3,False,Минеральное,A
Брюссельская,2024-08-08,123,1.13,3.7,7.52,18.2,False,Комплексное,B
Белокочанная,2025-06-11,124,2.92,15.6,5.25,15.2,True,Комплексное,C
Белокочанная,2025-07-14,112,3.08,16.4,5.25,10.2,False,Минеральное,C
Пекинская,2024-07-04,47,1.2,9.7,5.96,13.7,False,Органическое,A
Кольраби,2026-05-04,60,0.44,12.3,6.85,10.3,False,Органическое,B
Савойская,2024-10-19,118,1.06,11.9,6.81,21.2,False,Без удобрений,B
Пекинская,2024-07-03,47,0.56,12.0,6.69,13.4,False,Без удобрений,B
Цветная,2026-02-25,83,1.35,17.7,5.64,11.5,True,Органическое,C
Краснокочанная,2025-05-23,106,1.47,20.7,6.6,13.9,False,Органическое,A
Краснокочанная,2026-05-12,113,1.89,18.9,5.63,9.6,False,Комплексное,B
Савойская,2026-01-03,117,2.79,18.9,5.66,8.8,False,Комплексное,B
Брюссельская,2025-07-12,115,1.26,7.7,7.0,9.2,False,Минеральное,B
Брокколи,2026-04-29,76,1.35,12.8,7.45,17.6,False,Органическое,B
Белокочанная,2025-06-02,99,3.27,18.2,6.85,17.2,False,Без удобрений,B
Краснокочанная,2026-05-24,112,1.81,16.4,5.54,16.1,False,Комплексное,B
Савойская,2024-07-01,136,0.86,16.1,6.89,7.5,True,Без удобрений,D
Белокочанная,2025-04-09,91,3.37,19.8,6.86,4.0,False,Комплексное,B
Брокколи,2024-08-31,79,0.67,10.5,7.36,12.5,False,Комплексное,A
Кольраби,2025-02-10,68,0.47,6.8,7.31,8.3,False,Минеральное,B
Пекинская,2026-05-23,57,1.4,12.6,6.5,14.3,False,Минеральное,A
Савойская,2024-04-30,126,1.28,20.2,6.78,15.7,False,Без удобрений,B
Брокколи,2024-04-09,77,0.81,16.0,5.77,15.1,False,Минеральное,A
Белокочанная,2026-02-05,127,2.61,13.3,6.14,15.3,True,Органическое,C
Брюссельская,2025-03-08,119,0.56,4.0,6.0,10.2,False,Минеральное,A
Белокочанная,2026-01-10,111,2.08,16.5,6.44,12.7,False,Органическое,A
Пекинская,2026-01-19,81,1.05,11.9,5.52,12.3,False,Минеральное,B
Белокочанная,2025-06-23,116,1.78,21.9,6.69,11.4,True,Комплексное,C
Цветная,2025-04-20,100,1.02,19.5,7.11,17.8,False,Биоудобрение,B
Брюссельская,2024-03-06,115,0.7,4.9,7.06,11.3,False,Комплексное,B
Белокочанная,2025-01-25,123,3.07,19.9,5.68,13.8,False,Комплексное,A
Цветная,2024-03-14,112,1.08,13.4,7.06,2.0,True,Без удобрений,D
Цветная,2025-09-05,95,1.37,16.2,5.53,7.4,False,Минеральное,B
Цветная,2025-08-17,106,2.03,18.9,6.46,9.7,False,Органическое,A
Савойская,2025-08-29,127,2.05,19.7,5.77,12.1,True,Биоудобрение,C
Цветная,2026-02-03,86,1.19,13.0,6.51,18.3,False,Комплексное,A
Брюссельская,2026-05-04,124,1.07,8.3,6.87,15.1,False,Минеральное,A
Савойская,2025-07-05,99,1.67,21.5,7.42,12.4,False,Минеральное,B
Белокочанная,2024-10-19,119,4.33,17.0,6.68,14.0,False,Комплексное,A
Савойская,2024-08-09,121,1.8,15.7,5.29,10.1,False,Без удобрений,C
Брокколи,2024-04-11,93,1.09,10.2,6.33,13.6,True,Минеральное,C
Краснокочанная,2025-04-13,138,2.1,19.0,5.26,17.4,False,Органическое,C
Цветная,2024-04-23,89,1.65,11.0,5.29,18.0,True,Минеральное,D
Краснокочанная,2024-09-29,138,1.42,17.6,5.96,17.1,False,Биоудобрение,A
Краснокочанная,2025-05-07,147,1.44,22.3,5.56,15.7,False,Биоудобрение,B
Брюссельская,2024-03-22,99,0.57,4.3,6.17,16.3,False,Органическое,A
Кольраби,2026-05-28,69,1.18,9.6,5.57,13.5,False,Комплексное,B
Краснокочанная,2026-03-10,138,1.88,17.0,5.69,16.6,False,Без удобрений,B
Брюссельская,2024-05-10,124,1.34,5.3,6.28,8.4,False,Минеральное,A
Брокколи,2024-03-29,74,0.93,16.2,5.4,11.9,False,Комплексное,B
Белокочанная,2025-03-06,140,1.55,17.6,5.89,10.6,False,Биоудобрение,B
Брокколи,2024-11-03,72,1.16,17.8,7.5,9.2,False,Минеральное,B
Брокколи,2025-08-21,93,1.6,14.5,6.03,15.6,False,Минеральное,A
Брюссельская,2026-01-12,114,1.07,4.7,5.75,10.4,False,Комплексное,A
Брюссельская,2026-02-20,116,0.52,4.1,5.28,18.4,False,Биоудобрение,C
Брокколи,2025-07-26,85,0.48,13.6,6.48,12.7,False,Без удобрений,B
Кольраби,2024-09-13,79,0.64,10.2,7.11,4.1,False,Комплексное,B
Краснокочанная,2026-03-10,112,2.96,20.3,5.66,18.8,False,Комплексное,B
Савойская,2024-08-13,105,2.68,21.6,6.35,9.2,False,Органическое,A
Брокколи,2025-08-24,92,0.93,17.8,5.48,15.6,False,Органическое,C
Брокколи,2024-06-12,103,0.91,9.2,6.98,17.0,True,Без удобрений,D
Савойская,2024-12-22,127,2.18,19.0,7.26,7.4,False,Минеральное,A
Брокколи,2026-02-04,106,0.41,14.5,5.44,15.3,True,Минеральное,D
Цветная,2024-10-06,90,1.09,10.7,7.03,14.0,True,Минеральное,B
Цветная,2024-06-29,111,1.38,18.5,6.16,15.5,False,Комплексное,A
Пекинская,2025-05-21,50,1.34,13.6,6.21,10.3,True,Минеральное,B
Пекинская,2025-09-02,65,0.78,9.5,7.51,10.7,False,Без удобрений,B
Краснокочанная,2025-12-21,136,2.64,15.9,6.93,18.9,False,Комплексное,B
Брюссельская,2024-11-22,106,0.57,6.0,5.45,6.4,False,Биоудобрение,C
Белокочанная,2024-04-19,127,2.1,27.4,7.08,11.4,False,Комплексное,A
Пекинская,2025-07-11,75,1.23,13.1,6.65,15.7,True,Комплексное,B
Брокколи,2024-12-02,70,1.08,11.3,5.77,9.7,False,Биоудобрение,B
Краснокочанная,2025-04-18,148,1.86,17.2,7.28,19.2,False,Минеральное,C
Брокколи,2025-07-28,85,0.89,18.4,5.68,16.0,False,Комплексное,B
Цветная,2026-05-23,110,1.71,19.7,7.4,11.7,False,Органическое,A
Цветная,2026-01-21,101,1.19,12.3,5.77,16.0,False,Органическое,B
Краснокочанная,2025-02-27,121,3.23,21.9,6.43,11.5,False,Минеральное,A
Савойская,2026-06-07,103,1.75,17.3,7.55,15.9,False,Комплексное,B
Кольраби,2024-12-02,79,0.8,12.7,5.55,17.4,False,Биоудобрение,B
Савойская,2026-04-16,105,1.83,17.2,6.68,11.8,False,Комплексное,A
Савойская,2024-09-15,110,1.29,13.7,7.13,9.5,False,Комплексное,B
Цветная,2026-02-13,91,0.95,18.6,7.01,8.9,False,Минеральное,B
Цветная,2026-06-06,96,1.12,16.8,7.26,9.0,False,Биоудобрение,B
Цветная,2024-11-02,92,1.97,18.4,6.83,15.1,False,Комплексное,A
Савойская,2025-06-28,126,1.4,17.8,7.53,16.8,True,Биоудобрение,D
Пекинская,2025-01-14,61,1.91,14.9,5.51,13.0,False,Биоудобрение,A
Брюссельская,2026-01-16,95,0.62,7.1,7.33,14.3,True,Комплексное,C
Савойская,2025-11-15,104,2.28,23.6,7.47,16.6,False,Комплексное,B
Цветная,2025-03-25,92,1.02,16.7,6.87,14.4,False,Комплексное,A
Цветная,2024-10-16,86,0.72,21.6,6.76,20.6,False,Органическое,A
Кольраби,2026-02-25,81,0.42,9.6,7.56,10.7,False,Биоудобрение,B
Пекинская,2026-04-27,48,0.88,12.9,5.31,16.0,False,Минеральное,B
Пекинская,2025-11-14,51,0.72,14.0,5.33,6.8,False,Комплексное,B
Брюссельская,2025-11-20,118,0.35,5.8,5.32,17.3,False,Без удобрений,B
Савойская,2024-07-08,122,1.62,18.5,5.71,9.1,False,Органическое,B
Краснокочанная,2025-04-02,107,2.64,19.7,6.2,16.4,False,Комплексное,A
Пекинская,2026-03-12,80,1.11,10.7,5.56,12.8,True,Органическое,D
Пекинская,2025-03-15,72,1.24,15.1,6.48,11.9,False,Органическое,A
Брокколи,2026-02-19,78,0.69,10.9,6.21,13.2,False,Органическое,A
Брокколи,2025-08-26,76,0.85,19.0,6.69,15.8,False,Минеральное,A
Брокколи,2025-01-18,66,0.45,14.9,6.59,7.6,False,Без удобрений,B
Брюссельская,2024-10-17,114,0.86,7.5,6.55,17.2,False,Биоудобрение,A
Брюссельская,2025-06-03,97,0.83,4.9,7.58,15.6,False,Органическое,B
Брокколи,2026-04-10,86,0.5,12.4,5.96,15.3,True,Органическое,C
Цветная,2025-11-17,93,1.35,11.0,7.0,6.1,False,Без удобрений,B
Краснокочанная,2024-08-21,120,1.83,19.0,5.67,12.7,True,Комплексное,C
Брюссельская,2026-03-20,105,1.1,6.4,7.11,15.5,False,Минеральное,B
Пекинская,2026-05-06,81,1.14,10.8,5.5,7.0,True,Комплексное,C
Савойская,2026-05-10,119,1.95,23.2,6.53,12.0,False,Биоудобрение,A
Кольраби,2024-08-23,67,0.94,9.2,6.63,11.5,False,Органическое,B
Пекинская,2024-12-28,57,0.94,13.3,7.18,13.9,False,Минеральное,A
Пекинская,2024-09-16,48,1.35,9.4,6.17,21.9,False,Минеральное,B
Пекинская,2025-09-22,64,1.17,18.2,6.34,9.5,False,Комплексное,A
Савойская,2024-05-02,118,2.15,17.5,6.81,12.9,False,Минеральное,A
Брюссельская,2026-03-07,97,0.47,5.1,7.3,23.0,False,Органическое,C
Пекинская,2026-04-11,76,0.91,11.5,5.32,16.5,False,Без удобрений,B
Цветная,2025-03-13,121,0.9,20.7,5.29,12.2,False,Биоудобрение,B
Брокколи,2025-11-07,62,1.7,12.3,6.64,9.2,False,Комплексное,A
Краснокочанная,2026-03-09,114,1.08,14.4,7.09,11.5,True,Комплексное,C
Краснокочанная,2026-03-13,138,2.2,16.4,5.46,15.0,False,Органическое,B
Краснокочанная,2026-05-25,153,1.61,18.5,7.12,10.8,True,Минеральное,C
Цветная,2025-08-08,102,1.22,17.1,6.89,13.0,True,Комплексное,B
Белокочанная,2025-06-18,131,2.95,22.3,5.58,13.1,False,Без удобрений,C
Савойская,2025-02-13,136,2.21,13.8,7.29,9.2,True,Минеральное,D
Брюссельская,2024-09-09,99,1.32,6.0,7.04,15.4,False,Комплексное,A
Цветная,2024-08-28,78,2.23,19.4,6.55,11.3,False,Минеральное,A
Кольраби,2025-10-25,84,0.56,10.7,6.78,11.3,False,Комплексное,A
Брокколи,2025-03-29,73,0.87,13.9,6.52,14.4,False,Без удобрений,B
Брокколи,2025-02-09,92,0.94,13.0,5.81,11.2,False,Биоудобрение,B
Савойская,2025-10-17,113,0.95,22.1,6.92,14.0,True,Комплексное,B
Цветная,2025-03-08,80,1.26,19.1,7.42,17.4,False,Комплексное,B
Брюссельская,2024-05-18,125,1.02,6.3,6.46,20.0,False,Комплексное,A
Белокочанная,2025-04-07,134,3.53,21.6,6.45,12.7,False,Биоудобрение,A
Брюссельская,2025-12-14,123,1.1,7.6,6.61,15.6,False,Минеральное,A
Кольраби,2024-05-10,66,0.99,6.7,5.42,12.7,False,Минеральное,B
Брюссельская,2025-09-11,115,0.63,5.5,7.11,11.4,False,Без удобрений,B
Брокколи,2024-12-08,91,0.6,16.3,5.49,15.5,True,Комплексное,C
Кольраби,2026-04-25,82,0.28,8.0,6.58,14.1,False,Без удобрений,B
Белокочанная,2025-03-07,108,1.66,16.4,6.74,23.2,False,Комплексное,A
Краснокочанная,2025-01-16,135,3.15,18.8,5.67,12.5,False,Минеральное,A
Савойская,2026-06-01,97,0.92,17.6,6.27,10.9,False,Минеральное,A
Брюссельская,2026-04-12,101,0.87,4.0,5.92,16.7,True,Комплексное,B
Белокочанная,2025-03-09,123,3.47,24.1,5.7,14.0,False,Комплексное,A
Савойская,2026-03-06,132,2.57,22.2,6.65,18.7,False,Органическое,B
Брокколи,2024-05-19,92,0.52,12.0,5.61,14.3,False,Биоудобрение,B
Пекинская,2025-05-24,74,1.2,15.1,6.65,10.3,False,Минеральное,A
Пекинская,2026-05-31,51,0.47,12.3,7.24,21.5,True,Комплексное,D
Краснокочанная,2024-03-09,151,2.17,24.5,7.49,11.4,False,Комплексное,B
Цветная,2026-05-25,107,0.94,19.9,5.66,19.1,False,Комплексное,B
Брокколи,2025-08-03,78,1.27,12.8,5.82,14.7,False,Минеральное,B
Брюссельская,2024-11-28,118,1.08,6.7,6.64,13.8,True,Минеральное,C
Кольраби,2024-03-31,74,0.41,9.4,6.46,16.8,False,Комплексное,A
Краснокочанная,2025-07-29,120,2.25,13.2,6.74,10.8,True,Комплексное,B
Белокочанная,2025-10-24,124,3.94,22.7,6.49,10.7,False,Минеральное,A
Краснокочанная,2026-05-06,119,2.39,14.4,6.97,14.8,True,Биоудобрение,C
Кольраби,2026-06-13,79,0.55,10.7,7.46,11.6,True,Биоудобрение,D
Брюссельская,2024-07-24,106,0.79,4.2,6.89,18.2,True,Минеральное,C
Пекинская,2025-10-14,60,1.67,10.3,5.59,13.6,False,Минеральное,B
Брокколи,2024-08-07,82,1.02,17.1,5.41,7.9,False,Минеральное,C
Краснокочанная,2025-12-29,142,2.82,20.2,7.52,11.7,False,Комплексное,A
Брюссельская,2025-08-28,124,0.53,4.7,6.71,11.3,False,Минеральное,A
Краснокочанная,2025-12-05,120,2.31,21.4,6.16,15.6,False,Без удобрений,A
Савойская,2025-11-17,136,1.13,19.5,6.46,10.5,True,Минеральное,B
Брокколи,2024-06-12,90,0.46,9.5,5.97,25.9,False,Биоудобрение,B
Брокколи,2025-05-18,82,1.22,11.0,6.99,8.1,True,Минеральное,C
Савойская,2024-12-09,135,2.0,12.8,5.31,14.1,False,Без удобрений,C
Брокколи,2025-04-05,91,0.62,12.1,6.57,17.3,False,Без удобрений,A
Краснокочанная,2026-02-05,114,2.2,23.5,5.7,9.5,False,Комплексное,A
Цветная,2025-05-12,124,1.2,17.5,7.52,10.0,True,Без удобрений,D
Краснокочанная,2025-02-08,107,1.94,23.0,7.19,13.0,False,Комплексное,A
Савойская,2024-12-27,131,0.9,19.9,5.69,7.0,False,Минеральное,B
Кольраби,2024-05-27,74,0.69,10.8,6.86,14.9,True,Минеральное,C
Белокочанная,2024-06-30,96,3.31,24.0,7.07,19.4,False,Органическое,B
Пекинская,2026-05-11,78,1.12,14.0,7.43,13.0,False,Органическое,B
Пекинская,2026-01-10,59,1.14,13.5,5.45,10.2,False,Минеральное,B
Пекинская,2024-08-13,56,0.59,12.8,7.23,13.9,True,Биоудобрение,C
Цветная,2024-12-24,89,1.31,15.8,6.75,10.5,False,Биоудобрение,A
Белокочанная,2026-04-21,105,1.18,18.5,7.51,13.5,True,Минеральное,D
Цветная,2024-11-10,79,2.01,16.0,5.52,18.6,False,Органическое,B
Пекинская,2025-10-01,72,0.76,9.3,6.29,12.8,True,Биоудобрение,B
Кольраби,2025-09-20,61,0.44,12.3,6.73,14.5,False,Органическое,B
Белокочанная,2025-11-05,113,1.59,22.3,5.61,11.1,False,Органическое,A
Кольраби,2024-04-17,72,0.44,9.2,6.66,14.3,False,Органическое,A
Пекинская,2025-02-13,69,0.92,16.0,5.26,18.2,False,Комплексное,B
Кольраби,2026-06-07,72,0.66,11.9,5.83,10.0,True,Минеральное,C
Кольраби,2026-06-06,87,0.42,8.9,6.74,5.1,False,Органическое,A
Брюссельская,2024-12-28,107,0.98,7.0,6.82,8.4,False,Органическое,A
Савойская,2025-11-18,124,1.88,14.8,7.5,8.8,False,Биоудобрение,B
Краснокочанная,2024-06-19,118,2.4,22.6,6.39,4.5,False,Комплексное,A
Брокколи,2026-03-27,64,1.33,14.5,5.98,10.1,False,Комплексное,B
Брюссельская,2024-03-30,107,0.97,7.4,6.58,7.6,False,Органическое,B
Цветная,2026-05-29,96,0.98,19.8,7.11,11.6,False,Органическое,A
Брюссельская,2024-03-29,132,0.96,6.1,5.41,10.0,False,Минеральное,B
Белокочанная,2024-08-22,129,2.29,18.0,5.89,16.4,False,Органическое,B
Пекинская,2025-05-26,51,0.83,14.2,7.47,14.8,False,Биоудобрение,B
Брокколи,2024-03-13,72,0.97,15.8,5.65,13.9,False,Без удобрений,B
Пекинская,2024-07-09,61,1.57,10.5,5.25,15.1,False,Минеральное,B
Брюссельская,2025-06-15,121,0.5,7.8,6.25,13.1,False,Комплексное,A
Цветная,2026-05-14,81,0.69,18.9,6.95,12.5,True,Минеральное,C
Цветная,2024-07-06,113,1.92,13.7,6.44,19.9,False,Биоудобрение,B
Кольраби,2024-04-18,83,0.61,9.8,5.27,16.1,True,Комплексное,C
Савойская,2025-04-03,113,2.28,18.2,6.98,7.0,False,Минеральное,B
Цветная,2026-05-16,88,1.52,13.8,5.74,6.0,True,Минеральное,D
Краснокочанная,2026-04-13,142,2.28,18.4,7.23,7.9,False,Без удобрений,C
Пекинская,2024-03-25,61,0.82,10.7,7.49,13.7,True,Без удобрений,C
Цветная,2025-12-08,86,1.31,19.8,6.95,9.2,False,Минеральное,A
Кольраби,2025-11-12,77,0.35,10.3,7.03,6.0,True,Органическое,C
Белокочанная,2024-08-23,99,2.2,21.9,7.03,6.2,True,Комплексное,C
Брюссельская,2024-11-06,96,0.7,4.8,6.55,14.6,True,Без удобрений,C
Брюссельская,2026-04-04,129,1.02,6.2,6.82,10.3,False,Комплексное,B
Брюссельская,2025-08-19,104,0.75,5.0,7.58,10.9,False,Без удобрений,B
Краснокочанная,2025-04-24,124,2.06,13.8,6.53,20.8,False,Без удобрений,B
Кольраби,2024-11-10,63,0.69,10.3,7.09,10.9,False,Без удобрений,B
Пекинская,2025-12-08,81,1.55,15.6,5.37,8.9,False,Комплексное,B
Белокочанная,2026-02-22,116,2.06,14.1,6.33,12.2,True,Органическое,C
Брюссельская,2026-04-02,94,1.04,4.4,6.33,10.5,False,Минеральное,A
Брокколи,2025-09-01,68,0.66,16.9,5.49,20.0,False,Комплексное,B
Брюссельская,2024-10-17,95,0.86,6.8,5.98,11.4,True,Комплексное,C
Белокочанная,2024-12-13,123,3.92,24.1,6.33,16.4,False,Органическое,A
Пекинская,2025-05-31,57,1.58,16.5,5.52,18.0,False,Минеральное,B
Краснокочанная,2026-03-20,126,3.31,23.1,5.87,12.4,False,Биоудобрение,A
Савойская,2026-05-15,110,1.63,14.9,6.36,14.1,False,Органическое,A
Савойская,2025-02-23,109,1.06,15.5,5.92,16.9,False,Комплексное,A
Савойская,2026-03-30,113,2.51,20.6,7.09,5.7,False,Минеральное,B
Краснокочанная,2024-11-19,143,1.14,16.5,7.5,17.0,False,Комплексное,B
Белокочанная,2024-09-29,140,2.9,16.4,5.73,13.7,False,Минеральное,A
Цветная,2025-07-11,111,1.76,11.9,5.95,13.5,False,Без удобрений,A
Савойская,2025-10-21,107,1.1,18.5,6.41,12.7,True,Комплексное,B
Брокколи,2024-12-18,76,0.69,13.0,7.57,6.2,False,Комплексное,B
Савойская,2025-03-02,114,0.96,19.5,5.7,10.3,False,Органическое,A
Цветная,2026-01-27,109,0.71,11.3,7.49,9.0,True,Минеральное,C
Брюссельская,2024-05-31,102,0.88,5.3,6.69,13.3,False,Минеральное,A
Кольраби,2025-02-14,83,0.7,11.6,7.45,21.3,False,Минеральное,B
Краснокочанная,2025-10-24,131,3.11,15.8,5.71,12.5,False,Комплексное,A
Краснокочанная,2025-02-13,122,2.3,23.0,6.79,8.2,False,Органическое,B
Савойская,2026-02-19,139,1.17,14.5,6.23,16.9,True,Комплексное,B
Кольраби,2026-04-08,88,0.52,7.5,6.7,11.2,False,Органическое,A
Брокколи,2024-12-29,79,1.06,10.0,7.13,11.1,True,Органическое,C
Белокочанная,2026-02-21,127,2.52,15.7,6.67,16.1,False,Минеральное,B
Белокочанная,2025-10-29,141,1.48,21.6,5.63,14.5,False,Биоудобрение,B
Савойская,2025-03-17,113,1.9,20.0,7.53,14.7,False,Комплексное,B
Белокочанная,2024-03-14,95,1.87,15.1,5.77,7.9,False,Минеральное,C
Цветная,2024-11-03,118,0.84,20.0,7.24,13.8,False,Минеральное,A
Брокколи,2024-04-04,62,1.14,18.3,5.94,13.8,False,Комплексное,A
Белокочанная,2024-12-28,107,3.4,21.0,6.73,12.0,False,Комплексное,A
Пекинская,2025-07-08,62,1.03,11.6,6.94,13.6,False,Минеральное,A
Краснокочанная,2024-12-01,106,1.76,21.8,6.45,18.7,False,Органическое,A
Краснокочанная,2024-08-27,104,1.3,18.0,6.22,12.3,False,Минеральное,A
Савойская,2026-04-24,133,1.66,13.9,7.28,9.9,False,Органическое,B
Брокколи,2025-10-14,63,0.71,19.3,5.67,14.7,False,Органическое,A
Белокочанная,2024-09-07,133,2.41,21.1,7.38,12.4,False,Биоудобрение,A
Брокколи,2024-07-25,71,0.83,16.7,5.76,14.6,False,Минеральное,B
Пекинская,2024-07-19,65,0.64,9.9,6.54,17.2,True,Биоудобрение,D
Пекинская,2025-05-07,69,1.93,10.7,5.98,15.0,False,Биоудобрение,B
Белокочанная,2025-07-24,92,3.84,14.2,6.43,9.0,False,Минеральное,B
Савойская,2024-11-19,123,1.07,18.7,7.08,8.3,True,Комплексное,C
Кольраби,2024-10-16,66,0.84,8.1,6.64,15.5,False,Комплексное,A
Пекинская,2024-11-02,76,0.54,15.1,7.08,18.0,False,Без удобрений,C
Краснокочанная,2024-04-15,135,1.14,22.1,6.18,18.7,False,Органическое,A
Краснокочанная,2025-05-08,141,1.19,12.3,5.88,9.6,True,Биоудобрение,C
Брокколи,2024-04-27,93,1.34,11.4,6.72,14.4,True,Минеральное,C
Краснокочанная,2025-05-06,125,2.39,14.9,6.29,20.4,False,Органическое,B
Краснокочанная,2026-05-08,152,1.14,22.3,5.6,7.1,False,Органическое,B
Кольраби,2024-07-26,79,0.4,7.6,6.85,8.3,False,Органическое,A
Брюссельская,2025-09-04,98,1.31,4.3,6.32,13.4,False,Комплексное,A
Цветная,2025-10-25,79,1.3,13.9,6.92,12.1,False,Комплексное,A
Белокочанная,2025-02-22,138,1.61,18.1,6.6,11.3,False,Без удобрений,B
Савойская,2024-09-21,126,2.1,18.1,6.82,11.6,False,Органическое,A
Пекинская,2024-08-12,78,1.31,18.0,6.59,14.5,False,Комплексное,A
Белокочанная,2025-09-30,122,2.81,22.0,5.94,10.0,False,Без удобрений,B
Савойская,2026-02-24,112,2.22,20.2,5.58,8.6,False,Биоудобрение,B
Белокочанная,2024-03-10,138,3.33,16.6,7.17,10.2,True,Минеральное,C
Пекинская,2024-10-19,74,1.46,14.9,7.21,9.5,False,Органическое,A
Цветная,2024-03-13,90,1.46,22.0,5.86,10.4,False,Комплексное,A
Краснокочанная,2024-03-12,115,2.58,19.2,6.9,9.8,False,Органическое,A
Кольраби,2024-05-01,73,0.48,6.9,5.44,11.2,False,Комплексное,B
Савойская,2025-05-05,118,2.04,18.4,5.9,8.1,False,Минеральное,A
Савойская,2024-04-17,133,1.81,21.6,5.45,16.3,False,Органическое,B
Краснокочанная,2025-10-29,133,1.99,18.2,6.77,16.6,False,Минеральное,B
Савойская,2025-05-25,118,2.08,12.2,7.48,10.6,False,Без удобрений,B
Кольраби,2025-10-22,81,0.89,9.5,6.98,12.9,False,Органическое,A
Кольраби,2024-10-11,87,0.43,8.4,5.36,12.8,True,Минеральное,C
Брокколи,2026-06-03,65,0.57,12.0,6.71,8.1,True,Биоудобрение,C
Пекинская,2026-05-30,61,0.61,14.9,6.14,11.2,True,Биоудобрение,C
Цветная,2024-04-10,119,1.63,12.1,5.49,11.3,False,Комплексное,A
Белокочанная,2025-12-11,142,1.96,16.9,5.36,17.6,False,Биоудобрение,C
Савойская,2024-08-07,99,1.56,20.4,6.23,20.0,False,Без удобрений,B
Белокочанная,2025-11-29,113,1.94,18.8,7.26,7.2,False,Без удобрений,C
Кольраби,2026-06-15,81,0.32,8.1,6.89,9.3,False,Минеральное,A
Савойская,2025-08-27,103,0.78,15.3,5.23,12.3,True,Минеральное,D
Брокколи,2024-07-10,69,1.34,12.0,6.96,13.1,False,Минеральное,A
Белокочанная,2024-10-15,130,2.01,12.7,5.8,24.0,False,Минеральное,B
Пекинская,2024-09-27,85,0.5,8.6,7.39,10.1,True,Минеральное,D
Савойская,2026-05-18,130,0.93,14.8,6.85,18.3,False,Без удобрений,B
Савойская,2025-05-14,129,2.31,17.2,5.56,11.8,False,Минеральное,A
Цветная,2024-07-05,123,1.4,11.9,5.35,17.2,True,Без удобрений,D
Савойская,2024-05-29,117,1.21,21.1,5.99,12.1,False,Минеральное,A
Краснокочанная,2026-01-04,125,2.09,22.2,5.68,17.3,False,Комплексное,B
Краснокочанная,2024-09-04,150,2.25,19.3,7.3,15.3,False,Комплексное,A
Пекинская,2025-02-28,45,0.54,9.9,7.07,18.4,False,Органическое,B
Краснокочанная,2026-04-06,116,1.99,21.4,7.6,11.0,False,Органическое,B
Брюссельская,2025-07-10,105,0.87,7.5,6.31,13.6,True,Органическое,B
Брокколи,2025-05-09,82,1.25,17.6,6.97,9.4,False,Органическое,A
Брюссельская,2024-03-21,122,0.92,6.7,7.17,7.8,False,Органическое,B
Цветная,2025-12-16,99,1.45,11.7,5.98,17.8,True,Биоудобрение,D
Кольраби,2025-11-23,86,0.74,10.8,7.17,15.1,False,Биоудобрение,B
Краснокочанная,2026-03-01,135,2.72,22.7,7.23,16.1,False,Комплексное,A
Кольраби,2024-05-29,86,0.4,8.9,5.83,14.3,True,Комплексное,C
Брюссельская,2025-02-06,105,0.74,8.1,5.79,14.8,False,Комплексное,A
Брюссельская,2025-06-09,121,0.37,5.6,7.05,17.7,False,Органическое,A
Пекинская,2025-01-07,65,1.77,12.9,6.04,19.2,False,Органическое,B
Савойская,2025-05-11,117,1.85,17.9,7.11,16.0,False,Органическое,A
Цветная,2025-04-07,105,2.19,13.4,6.78,12.6,False,Комплексное,A
Пекинская,2024-12-07,65,0.76,13.0,5.39,6.7,False,Минеральное,C
Савойская,2024-11-12,125,2.57,16.6,7.31,11.9,False,Минеральное,A
Брюссельская,2026-04-06,106,0.65,6.0,6.49,22.8,False,Комплексное,A
Брюссельская,2025-12-19,97,1.31,6.1,6.04,11.1,False,Органическое,A
Брюссельская,2024-10-12,128,0.93,3.8,5.76,9.3,True,Органическое,C
Кольраби,2025-10-08,90,0.99,8.4,5.38,15.5,False,Комплексное,B
Цветная,2024-09-06,81,2.08,13.5,7.19,16.4,False,Комплексное,B
Пекинская,2024-03-07,56,1.06,14.8,6.03,15.8,False,Минеральное,B
Савойская,2024-10-25,134,0.99,12.3,5.3,6.0,False,Минеральное,C
Цветная,2025-11-05,99,1.61,15.2,6.84,9.7,False,Минеральное,A
Краснокочанная,2026-04-05,104,2.49,16.1,7.54,17.3,False,Комплексное,B
Брюссельская,2024-07-23,121,0.34,4.9,5.28,16.7,True,Органическое,D
Пекинская,2025-08-08,47,1.77,12.7,6.19,13.2,False,Органическое,A
Краснокочанная,2024-04-10,149,1.89,20.7,5.3,12.1,False,Органическое,B
Кольраби,2024-07-25,67,0.96,11.8,6.6,13.8,False,Комплексное,A
Цветная,2025-09-03,112,1.43,15.5,6.89,13.5,False,Минеральное,A
Цветная,2026-02-22,89,0.82,11.0,5.74,17.1,False,Органическое,B
Брюссельская,2024-07-29,95,0.98,7.2,6.62,13.8,False,Без удобрений,B
Пекинская,2025-09-09,77,0.73,15.8,6.14,19.7,False,Комплексное,B
Савойская,2026-05-19,129,1.06,17.9,6.45,15.5,False,Без удобрений,A
Брюссельская,2026-01-02,122,0.77,5.2,5.47,22.0,False,Комплексное,C
Краснокочанная,2025-01-30,139,1.03,12.2,6.92,12.4,False,Без удобрений,B
Брокколи,2025-11-07,91,1.26,15.7,5.61,12.1,False,Минеральное,B
Кольраби,2025-08-08,90,0.4,7.8,6.25,8.2,False,Комплексное,A
Белокочанная,2025-02-26,139,1.63,16.8,5.55,13.5,False,Без удобрений,B
Брюссельская,2025-07-08,98,0.86,5.7,7.44,15.2,True,Органическое,D
Кольраби,2026-01-14,76,0.45,10.1,7.53,11.3,True,Органическое,C
Кольраби,2025-08-03,92,0.74,6.2,5.22,14.9,True,Биоудобрение,D
Кольраби,2025-02-10,60,0.45,9.0,5.95,20.7,False,Органическое,B
Белокочанная,2025-09-04,105,1.6,20.8,6.53,20.1,True,Биоудобрение,C
Цветная,2024-07-25,76,1.89,20.6,6.94,21.2,False,Комплексное,B
Белокочанная,2025-12-20,98,1.4,21.1,5.31,15.4,False,Минеральное,C
Кольраби,2025-04-12,70,0.7,6.4,5.37,18.0,False,Органическое,B
Краснокочанная,2024-03-15,114,1.11,21.5,7.26,16.4,False,Без удобрений,B
Белокочанная,2025-07-12,126,3.79,21.6,5.74,14.4,False,Комплексное,A
Краснокочанная,2026-03-17,137,1.63,13.0,5.3,15.9,False,Комплексное,B
Пекинская,2025-04-16,57,0.9,15.9,7.05,10.4,False,Органическое,B
Брокколи,2026-01-14,71,1.18,10.1,5.46,11.6,False,Биоудобрение,B
Брокколи,2025-12-27,61,1.47,15.9,5.71,15.0,False,Органическое,A
Брокколи,2025-04-08,63,1.36,18.5,5.29,14.9,False,Минеральное,A
Краснокочанная,2026-06-10,108,1.29,16.0,7.4,9.7,False,Органическое,A
Цветная,2026-04-01,115,1.22,21.3,7.28,14.3,False,Комплексное,B
Пекинская,2024-04-09,58,0.64,10.3,7.2,15.7,False,Без удобрений,B
Савойская,2024-12-05,126,1.16,13.4,7.22,7.3,False,Органическое,B
Краснокочанная,2025-01-27,127,2.79,16.6,6.07,14.3,False,Комплексное,A
Брокколи,2025-05-24,65,1.12,9.0,6.37,16.9,True,Комплексное,C
Кольраби,2024-06-08,79,0.3,8.5,6.11,16.1,False,Органическое,A
Савойская,2024-10-05,110,0.88,17.2,5.21,8.7,False,Минеральное,B
Брюссельская,2025-04-08,118,0.47,6.3,7.49,19.4,False,Минеральное,B
Кольраби,2025-09-04,78,0.82,9.2,6.95,12.4,False,Органическое,A
Брюссельская,2024-05-14,121,0.5,4.6,6.12,7.3,False,Органическое,A
Брюссельская,2025-01-21,117,0.81,8.2,6.7,13.8,False,Органическое,A
Краснокочанная,2025-05-05,125,1.85,23.8,6.5,5.9,False,Комплексное,A
Кольраби,2026-05-23,67,1.06,7.7,6.6,17.3,False,Органическое,A
Пекинская,2025-06-07,63,1.11,13.0,5.79,12.6,True,Без удобрений,D
Краснокочанная,2026-03-06,122,1.92,15.3,6.35,14.1,False,Органическое,A
Цветная,2024-08-05,91,1.04,23.3,6.51,16.2,False,Минеральное,B
Брокколи,2024-03-01,67,1.68,11.2,5.43,15.0,False,Органическое,B
Брокколи,2026-05-15,75,0.9,9.6,5.3,7.8,False,Органическое,B
Краснокочанная,2026-02-07,115,1.61,22.9,5.25,19.0,False,Комплексное,B
Савойская,2025-02-24,121,0.97,15.9,6.0,16.5,False,Без удобрений,B
Пекинская,2026-03-11,56,0.81,9.6,6.7,6.7,False,Без удобрений,C
Белокочанная,2024-08-02,110,2.6,23.2,7.6,12.3,False,Органическое,B
Белокочанная,2024-10-02,110,2.73,23.8,5.2,17.9,False,Минеральное,C
Савойская,2024-11-26,120,1.69,15.7,5.52,7.6,False,Без удобрений,C
Краснокочанная,2026-01-28,144,2.2,15.5,6.5,10.5,True,Минеральное,C
Пекинская,2024-03-01,78,0.66,12.0,6.09,8.6,True,Комплексное,B
Белокочанная,2024-12-10,125,2.2,25.9,5.82,13.4,False,Минеральное,A
Пекинская,2024-10-06,71,1.31,14.6,5.36,10.6,False,Без удобрений,C
Брюссельская,2025-03-07,127,0.4,5.6,5.82,19.3,False,Комплексное,C
Пекинская,2026-02-03,64,1.41,9.9,5.46,14.7,True,Комплексное,C
Краснокочанная,2024-09-05,120,3.38,15.9,5.94,11.4,False,Минеральное,B
Краснокочанная,2025-09-26,117,1.85,18.1,5.41,7.7,False,Органическое,C
Пекинская,2025-07-21,59,1.09,12.9,6.52,15.9,False,Без удобрений,A
Белокочанная,2024-10-31,126,2.44,22.1,5.79,10.3,True,Органическое,C
Савойская,2025-02-11,103,0.89,16.5,6.83,14.7,True,Комплексное,B
Цветная,2025-08-04,100,1.81,17.4,7.43,14.5,True,Комплексное,C
Савойская,2025-05-31,101,1.39,19.2,6.35,10.7,False,Органическое,A
Савойская,2025-10-01,103,2.64,16.4,6.83,9.3,False,Комплексное,B
Кольраби,2026-02-21,85,0.61,9.8,7.02,15.4,True,Комплексное,C
Краснокочанная,2025-06-25,124,1.19,19.2,7.41,16.0,False,Комплексное,B
Краснокочанная,2024-09-18,145,1.04,16.4,5.77,13.3,True,Комплексное,C
Цветная,2025-02-13,89,1.37,12.0,6.78,10.6,True,Комплексное,B
Брюссельская,2024-08-19,114,0.84,6.1,5.42,14.6,False,Комплексное,A
Кольраби,2026-04-02,69,0.47,11.9,6.83,12.6,False,Биоудобрение,A
Савойская,2024-07-08,122,2.35,17.4,5.28,13.0,False,Комплексное,A
Брюссельская,2025-10-21,119,0.66,6.7,5.45,8.0,True,Без удобрений,D
Савойская,2024-12-14,106,1.57,16.4,6.3,11.0,True,Комплексное,B
Цветная,2025-12-02,117,0.84,11.2,6.22,15.7,False,Без удобрений,B
Брокколи,2025-08-28,60,1.04,9.6,5.82,6.5,False,Без удобрений,B
Брокколи,2024-06-01,62,0.76,16.7,5.78,13.7,False,Комплексное,A
Цветная,2024-04-18,116,1.77,14.9,6.17,3.5,False,Комплексное,B
Белокочанная,2024-09-30,121,2.26,16.0,6.25,10.0,True,Без удобрений,C
Цветная,2026-05-20,74,1.69,19.4,6.38,6.8,False,Комплексное,A
Кольраби,2024-07-03,65,1.04,11.8,6.18,9.6,False,Комплексное,A
Брюссельская,2024-12-26,115,0.84,4.2,5.68,16.3,False,Комплексное,A
Кольраби,2025-03-22,89,0.88,6.8,6.86,11.1,False,Без удобрений,B
Цветная,2025-12-03,79,1.78,15.3,5.21,4.9,False,Минеральное,C
Брокколи,2025-03-24,76,0.9,16.8,7.17,14.0,True,Органическое,C
Цветная,2024-09-01,121,0.96,11.5,7.38,6.1,True,Комплексное,D
Пекинская,2026-01-08,78,0.55,12.7,6.99,22.4,True,Биоудобрение,D
Савойская,2026-05-18,97,2.9,15.5,6.39,11.3,False,Органическое,A
Краснокочанная,2024-03-09,104,1.71,18.3,7.12,19.4,False,Органическое,A
Краснокочанная,2025-03-28,141,1.68,19.1,7.59,12.9,False,Биоудобрение,B
Брюссельская,2024-04-27,112,0.41,3.5,5.29,8.5,False,Без удобрений,C
Брокколи,2026-03-07,72,1.31,8.6,7.03,15.2,False,Без удобрений,B
Белокочанная,2025-10-03,127,1.38,17.4,6.66,16.3,False,Органическое,B
Белокочанная,2024-06-30,132,4.0,20.2,6.79,13.3,False,Органическое,A
Брокколи,2024-12-06,74,0.53,15.4,7.06,18.2,False,Без удобрений,B
Кольраби,2025-02-10,81,1.02,7.4,7.48,13.4,False,Минеральное,A
Брюссельская,2026-02-18,125,0.66,6.2,5.82,10.5,False,Без удобрений,B
Цветная,2024-06-11,93,1.75,15.7,5.58,12.3,False,Без удобрений,B
Брокколи,2025-05-20,96,1.53,11.7,6.86,16.4,False,Органическое,A
Цветная,2025-04-13,108,0.74,13.6,6.2,15.0,True,Органическое,C
Пекинская,2025-06-01,64,1.59,11.6,6.19,6.7,False,Минеральное,A
Брюссельская,2026-04-05,125,1.07,5.4,7.19,12.8,False,Органическое,A
Брюссельская,2026-03-14,108,1.2,7.4,5.78,21.1,False,Минеральное,B
Савойская,2025-08-07,138,2.25,15.7,5.39,8.5,False,Минеральное,C
Савойская,2026-02-28,110,1.8,17.3,6.84,20.8,False,Без удобрений,B
Кольраби,2025-03-07,89,0.67,12.0,5.65,17.5,False,Биоудобрение,B
Цветная,2025-08-21,101,1.85,18.6,6.62,10.0,False,Биоудобрение,A
Савойская,2024-06-10,106,2.37,15.7,5.71,12.3,False,Минеральное,A
Брюссельская,2025-04-22,95,0.94,4.6,6.25,10.1,False,Биоудобрение,A
Савойская,2025-12-31,112,1.18,18.8,6.33,16.7,False,Комплексное,A
Краснокочанная,2025-12-06,107,1.59,19.8,7.22,8.3,False,Органическое,B
Брюссельская,2025-03-11,112,0.6,4.0,6.79,14.8,False,Органическое,A
Кольраби,2024-12-11,60,0.62,8.9,7.02,11.3,True,Комплексное,C
Цветная,2025-05-03,116,1.2,16.7,6.06,15.3,False,Биоудобрение,A
Брюссельская,2025-06-14,98,1.11,4.5,6.86,10.0,False,Без удобрений,B
Пекинская,2025-07-29,57,0.84,12.9,6.07,17.0,False,Комплексное,A
Пекинская,2026-05-16,45,0.53,12.2,7.06,20.0,False,Без удобрений,B
Брюссельская,2025-05-20,95,0.76,5.5,6.5,13.9,False,Комплексное,A
Савойская,2025-05-20,136,1.17,13.2,6.38,12.0,True,Комплексное,B
Брюссельская,2025-06-13,102,0.78,4.1,5.86,12.2,False,Без удобрений,B
Брокколи,2024-05-15,98,1.15,18.0,7.07,14.9,False,Органическое,B
Кольраби,2026-05-27,70,0.71,9.4,5.94,8.4,False,Биоудобрение,B
Брюссельская,2024-11-23,122,0.99,7.0,5.85,7.6,True,Комплексное,C
Цветная,2025-03-23,110,2.02,16.3,7.01,13.3,True,Биоудобрение,C
Брюссельская,2025-12-21,113,0.64,5.4,5.9,9.9,False,Органическое,A
Краснокочанная,2025-07-17,144,1.17,18.6,5.43,14.7,False,Органическое,B
Цветная,2026-02-15,82,0.95,18.8,5.53,8.3,False,Комплексное,B
Цветная,2024-12-10,109,1.5,16.6,5.34,16.1,True,Комплексное,C
Савойская,2024-06-17,114,2.54,19.1,6.55,19.4,False,Биоудобрение,B
Цветная,2026-01-19,105,1.89,17.5,5.71,14.3,False,Органическое,B
Брокколи,2025-06-29,96,1.1,10.1,5.47,9.0,True,Комплексное,C
Савойская,2026-02-07,116,0.95,19.7,6.9,13.2,False,Биоудобрение,B
Белокочанная,2025-06-06,134,1.33,17.2,7.46,12.3,True,Органическое,D
Брюссельская,2024-03-01,105,0.62,6.2,6.48,8.9,False,Минеральное,A
Брокколи,2025-01-06,64,1.49,17.0,6.86,16.6,False,Минеральное,A
Брюссельская,2025-06-20,125,0.55,6.3,5.3,14.2,False,Комплексное,B
Брюссельская,2025-04-17,128,1.26,7.2,5.58,15.9,False,Минеральное,C
Брюссельская,2026-01-07,133,0.66,6.2,7.16,13.0,True,Комплексное,C
Савойская,2024-06-08,108,2.15,16.8,5.92,19.5,False,Комплексное,A
Савойская,2026-02-06,115,1.3,21.1,7.33,11.1,False,Органическое,B
Брюссельская,2024-06-23,126,0.82,6.0,5.86,14.6,False,Комплексное,B
Брюссельская,2025-05-11,95,0.77,9.1,5.9,15.4,False,Комплексное,A
Савойская,2025-07-22,105,1.12,19.8,6.12,10.6,True,Комплексное,B
Брокколи,2025-02-27,71,0.62,15.3,6.41,8.8,True,Минеральное,C
Брокколи,2025-01-10,80,0.7,15.4,5.56,11.9,False,Комплексное,A
Белокочанная,2025-09-02,133,1.23,16.9,6.89,12.5,True,Без удобрений,D
Цветная,2026-06-03,106,1.41,18.4,7.56,17.4,False,Минеральное,B
Брюссельская,2024-11-21,100,1.16,5.7,5.66,9.3,False,Минеральное,B
Пекинская,2024-07-29,53,1.52,10.2,5.59,10.6,False,Комплексное,A
Пекинская,2024-07-24,78,0.92,13.7,5.9,18.6,False,Комплексное,B
Кольраби,2024-12-31,68,0.35,9.7,6.65,8.2,False,Минеральное,A
Цветная,2025-09-25,107,0.78,19.3,6.98,12.3,True,Биоудобрение,C
Савойская,2024-09-18,119,1.33,23.7,5.74,11.4,False,Минеральное,A
Брокколи,2025-05-28,73,0.51,14.1,5.61,17.3,False,Комплексное,B
Краснокочанная,2026-04-05,135,2.23,19.4,7.48,10.7,False,Комплексное,A
Пекинская,2025-05-19,64,1.17,10.8,6.56,18.7,False,Биоудобрение,B
Цветная,2026-04-13,100,0.87,18.0,5.21,10.1,True,Минеральное,D
Савойская,2026-03-30,100,1.46,22.5,6.89,13.5,False,Минеральное,A
Кольраби,2024-08-14,69,0.97,13.5,6.08,13.5,False,Органическое,A
Савойская,2026-05-24,132,2.03,21.8,6.14,11.5,False,Минеральное,A
Белокочанная,2025-12-12,140,2.87,22.4,6.87,18.3,False,Минеральное,A
Краснокочанная,2025-01-11,150,2.77,19.8,6.6,7.8,False,Органическое,A
Краснокочанная,2025-10-15,143,2.14,17.4,7.19,6.4,False,Органическое,B
Белокочанная,2026-01-03,101,2.21,14.6,7.54,2.4,False,Комплексное,C
Белокочанная,2025-07-20,110,3.1,15.7,7.27,14.4,False,Комплексное,A
Краснокочанная,2025-05-19,140,2.56,19.4,5.35,13.5,False,Органическое,B
Брокколи,2025-10-08,70,0.57,9.8,7.21,13.6,True,Минеральное,C
Кольраби,2024-03-27,66,1.19,12.4,6.47,15.5,False,Комплексное,A
Брокколи,2024-05-09,71,0.9,17.0,5.24,8.3,False,Минеральное,C
Пекинская,2025-10-26,64,1.46,14.9,7.2,6.7,False,Комплексное,B
Савойская,2024-09-20,122,1.05,14.6,5.68,13.4,False,Органическое,B
Савойская,2025-01-28,108,1.86,13.6,6.18,10.5,False,Минеральное,A
Краснокочанная,2024-07-08,129,3.05,23.5,6.58,13.3,False,Биоудобрение,A
Цветная,2025-07-16,97,0.83,13.7,6.0,14.4,False,Минеральное,B
Краснокочанная,2024-03-09,104,1.4,21.6,6.36,14.7,False,Органическое,A
Савойская,2025-06-30,141,1.89,11.6,5.48,5.9,True,Комплексное,D
Белокочанная,2025-07-07,125,2.8,28.6,6.67,13.0,False,Комплексное,A
Кольраби,2025-06-19,76,0.63,12.5,6.36,7.3,False,Комплексное,A
Цветная,2024-07-12,81,1.24,17.2,6.38,11.6,False,Органическое,A
Брокколи,2024-09-11,96,1.59,11.1,6.33,20.5,False,Биоудобрение,B
Савойская,2025-12-10,95,2.53,14.9,5.95,15.7,False,Минеральное,B
Пекинская,2025-10-07,60,1.0,9.0,5.8,15.8,True,Минеральное,D
Белокочанная,2025-04-08,124,1.66,26.4,6.97,15.9,False,Минеральное,B
Краснокочанная,2024-11-19,129,2.28,18.0,7.53,13.1,False,Биоудобрение,B
Краснокочанная,2026-03-29,151,2.45,19.7,5.75,15.6,False,Минеральное,B
Кольраби,2024-05-05,73,0.84,12.9,6.77,13.2,False,Комплексное,A
Краснокочанная,2025-08-16,104,2.71,19.5,5.27,13.2,False,Комплексное,A
Брюссельская,2026-04-04,91,0.66,6.3,6.85,9.3,False,Органическое,A
Кольраби,2025-01-10,83,0.46,12.4,5.58,11.0,False,Комплексное,B
Кольраби,2025-10-13,65,0.87,9.0,6.02,13.7,False,Без удобрений,B
Савойская,2025-01-17,130,0.95,19.5,6.66,17.4,True,Минеральное,C
Савойская,2025-07-29,115,1.25,14.1,7.23,9.8,False,Комплексное,A
Кольраби,2025-02-17,81,0.82,6.5,6.71,16.2,False,Без удобрений,B
Краснокочанная,2024-10-03,151,1.79,17.2,7.38,15.7,False,Минеральное,B
Брюссельская,2025-07-26,119,1.15,7.6,6.59,11.5,False,Минеральное,A
Краснокочанная,2025-01-13,138,1.81,15.1,5.38,18.6,False,Минеральное,C
Кольраби,2024-07-20,61,0.41,7.5,6.7,11.5,False,Комплексное,A
Пекинская,2025-01-27,80,1.11,15.7,7.07,17.6,False,Комплексное,A
Цветная,2024-10-14,112,2.0,12.2,6.71,9.6,True,Комплексное,B
Пекинская,2025-05-02,80,1.49,15.1,6.29,17.9,False,Минеральное,A
Брокколи,2026-01-30,73,0.83,15.7,6.89,16.2,False,Биоудобрение,B
Кольраби,2024-10-18,80,1.12,9.8,6.82,7.3,False,Комплексное,B
Кольраби,2024-10-20,62,0.72,7.8,5.51,6.8,False,Органическое,B
Пекинская,2024-12-19,61,1.83,15.1,5.98,13.8,False,Минеральное,A
Цветная,2024-10-28,82,1.47,14.1,7.44,18.3,False,Биоудобрение,B
Брокколи,2024-09-05,88,1.17,13.4,7.55,13.4,False,Без удобрений,B
Брокколи,2024-10-20,78,1.01,13.7,6.56,20.0,False,Органическое,A
Савойская,2024-12-06,118,1.81,19.8,7.31,14.3,False,Органическое,B
Кольраби,2024-03-29,60,0.81,11.0,7.57,12.0,False,Комплексное,B
Белокочанная,2025-06-09,122,3.66,25.3,7.43,14.7,False,Комплексное,A
Белокочанная,2026-06-05,101,2.77,22.6,7.0,2.7,False,Минеральное,C
Цветная,2025-08-03,109,1.66,20.7,6.63,13.0,False,Биоудобрение,A
Брюссельская,2025-06-02,107,1.02,6.9,7.34,7.4,False,Органическое,B
Савойская,2026-02-25,126,2.6,17.3,5.65,12.8,False,Органическое,A
Брокколи,2024-08-29,99,0.75,15.1,6.05,11.2,False,Минеральное,A
Краснокочанная,2025-01-13,125,2.81,12.7,6.61,11.0,False,Без удобрений,B
Брюссельская,2024-06-18,118,0.75,4.8,6.0,4.5,True,Комплексное,C
Брюссельская,2025-01-10,103,0.88,7.2,5.35,21.7,False,Минеральное,C
Брокколи,2025-02-13,94,0.59,17.0,5.9,9.0,False,Минеральное,B
Брокколи,2025-04-12,88,0.87,10.3,7.21,12.5,True,Комплексное,B
Кольраби,2026-04-17,76,1.07,12.4,7.35,10.9,False,Минеральное,B
Брокколи,2025-05-05,69,1.53,10.1,6.81,16.6,False,Органическое,A
Белокочанная,2025-07-31,142,2.76,18.6,6.99,10.9,True,Органическое,C
Цветная,2024-06-14,99,1.55,20.9,6.68,20.0,False,Органическое,B
Цветная,2025-09-04,87,1.51,13.9,7.55,17.2,False,Комплексное,B
Пекинская,2024-06-19,52,0.46,11.2,7.08,19.9,False,Без удобрений,B
Пекинская,2024-05-14,77,0.57,15.4,5.48,9.1,False,Минеральное,B
Савойская,2024-04-29,119,2.7,15.0,5.82,12.5,False,Биоудобрение,A
Цветная,2024-07-27,91,0.91,21.2,6.08,18.5,False,Комплексное,A
Савойская,2025-08-07,133,1.47,12.3,5.34,10.9,False,Без удобрений,C
Цветная,2026-01-12,79,1.79,16.7,6.09,12.4,False,Без удобрений,B
Савойская,2026-05-05,101,1.53,19.0,5.84,13.6,False,Минеральное,B
Кольраби,2025-01-15,64,0.64,12.6,5.75,13.1,False,Комплексное,A
Белокочанная,2025-08-06,119,3.18,16.2,6.43,7.1,False,Без удобрений,B
Брокколи,2024-06-12,90,0.62,12.5,6.53,10.8,False,Биоудобрение,A
Цветная,2025-08-11,109,0.83,11.8,6.07,14.8,True,Без удобрений,D
Белокочанная,2024-04-03,91,2.75,14.6,6.01,9.9,False,Без удобрений,B
Брюссельская,2025-11-15,100,0.57,6.5,6.98,15.4,True,Минеральное,C
Краснокочанная,2025-07-10,137,2.3,12.8,6.02,11.6,True,Комплексное,B
Белокочанная,2026-04-22,129,3.96,25.4,6.8,14.4,False,Биоудобрение,A
Савойская,2025-12-20,111,1.49,21.2,5.43,11.9,False,Органическое,A
Брокколи,2024-06-27,82,1.41,16.9,6.18,12.4,False,Без удобрений,B
Кольраби,2024-07-01,69,0.74,10.8,6.55,14.3,False,Комплексное,A
Брокколи,2024-05-27,80,1.38,14.1,7.33,10.8,False,Минеральное,B
Цветная,2024-06-26,80,0.93,17.8,6.5,11.5,False,Минеральное,A
Краснокочанная,2024-06-08,126,1.83,20.0,6.38,14.6,False,Органическое,B
Брюссельская,2024-11-12,117,0.4,4.3,5.32,14.0,False,Без удобрений,B
Белокочанная,2024-10-16,138,1.2,18.7,5.97,16.2,True,Без удобрений,C
Пекинская,2026-04-24,60,1.01,12.3,6.79,21.0,False,Минеральное,B
Краснокочанная,2025-11-11,139,1.16,19.0,6.87,15.5,True,Комплексное,B
Цветная,2024-06-19,89,1.57,15.5,6.44,9.0,False,Биоудобрение,A
Цветная,2026-05-25,83,1.55,16.8,6.7,15.6,False,Органическое,A
Савойская,2026-02-03,116,1.26,19.0,6.17,9.2,True,Минеральное,C
Цветная,2024-03-10,113,1.52,16.3,6.75,10.7,False,Минеральное,B
Цветная,2025-05-04,70,1.08,19.7,5.97,6.0,False,Минеральное,B
Пекинская,2026-04-09,56,0.92,13.1,5.8,14.4,False,Комплексное,A
Краснокочанная,2025-06-01,132,2.47,19.3,7.22,7.3,False,Комплексное,A
Брокколи,2025-11-20,65,0.82,12.2,5.43,17.8,False,Биоудобрение,C
Белокочанная,2025-12-17,93,3.24,22.7,7.17,6.1,False,Комплексное,B
Краснокочанная,2024-06-05,133,2.16,16.6,5.26,8.4,False,Биоудобрение,B
Цветная,2024-07-26,113,2.15,20.1,5.63,13.6,False,Комплексное,B
Савойская,2026-06-15,112,2.59,18.3,6.06,16.1,False,Органическое,A
Брюссельская,2024-07-10,128,0.79,7.2,7.23,6.8,False,Минеральное,A
Белокочанная,2025-02-27,118,2.05,20.0,5.6,21.2,False,Комплексное,B
Белокочанная,2024-07-07,104,3.41,19.9,7.07,11.5,True,Органическое,C
Брокколи,2025-10-10,70,0.58,15.5,7.59,8.3,True,Минеральное,D
Кольраби,2024-03-06,79,0.85,10.0,6.57,16.6,False,Без удобрений,B
Белокочанная,2025-08-26,123,3.01,21.7,6.06,3.8,False,Комплексное,B
Савойская,2024-07-26,103,1.86,20.7,7.45,17.2,False,Биоудобрение,B
Краснокочанная,2025-08-17,106,2.15,16.9,5.96,17.4,False,Минеральное,A
Брюссельская,2024-09-01,122,1.27,8.8,7.05,10.7,False,Комплексное,A
Цветная,2024-10-13,92,1.99,16.8,5.6,9.6,False,Минеральное,B
Белокочанная,2024-06-30,116,2.4,26.5,6.78,13.9,False,Органическое,A
Цветная,2024-08-11,72,0.94,13.9,6.9,11.1,False,Без удобрений,C
Савойская,2025-09-05,118,1.75,17.2,6.5,11.9,False,Комплексное,A
Савойская,2025-07-26,109,1.29,13.2,6.16,10.5,True,Комплексное,C
Белокочанная,2025-07-21,138,3.6,21.2,6.4,19.6,False,Минеральное,A
Брюссельская,2025-07-29,112,1.12,8.1,6.8,15.1,True,Комплексное,B
Краснокочанная,2024-04-05,106,3.27,18.3,6.4,17.3,False,Органическое,A
Брюссельская,2025-04-11,113,1.28,7.9,6.03,10.6,False,Органическое,B
Краснокочанная,2024-09-29,109,1.92,19.5,7.12,13.8,False,Органическое,B
Пекинская,2025-02-26,79,0.47,10.4,6.56,10.7,True,Без удобрений,C
Цветная,2026-03-16,117,1.4,18.1,6.33,13.9,False,Без удобрений,A
Цветная,2026-01-31,97,1.16,14.7,5.22,11.6,False,Комплексное,A
Кольраби,2025-01-08,74,0.96,6.9,7.55,6.2,False,Органическое,C
Краснокочанная,2025-02-03,133,2.34,17.4,5.48,12.6,False,Без удобрений,B
Брокколи,2026-02-21,97,1.15,17.5,5.21,8.8,False,Органическое,C
Брюссельская,2025-10-29,123,0.45,8.7,6.06,12.4,False,Биоудобрение,A
Белокочанная,2024-11-25,121,1.67,19.1,5.54,18.2,False,Без удобрений,B
Пекинская,2025-05-10,65,1.18,12.6,5.41,9.0,False,Минеральное,C
Белокочанная,2024-12-16,103,2.1,17.7,7.27,10.5,False,Минеральное,C
Белокочанная,2025-03-16,132,1.91,20.3,5.83,13.3,True,Минеральное,C
Пекинская,2025-08-15,65,1.8,11.4,7.05,11.5,False,Органическое,B
Кольраби,2024-12-14,76,0.93,9.4,7.13,18.2,False,Минеральное,B
Цветная,2026-04-17,100,1.17,19.2,5.44,10.9,True,Минеральное,C
Брокколи,2025-04-25,78,0.87,10.7,5.34,16.2,False,Комплексное,B
Белокочанная,2024-07-20,96,2.85,16.8,5.73,15.1,False,Минеральное,B
Кольраби,2025-02-26,67,0.73,6.4,7.18,8.2,False,Без удобрений,C
Савойская,2024-05-21,132,2.07,13.2,6.0,16.8,False,Без удобрений,B
Пекинская,2024-09-01,52,0.92,11.4,6.5,14.0,False,Органическое,A
Брюссельская,2025-04-17,109,0.83,4.3,6.23,9.9,False,Без удобрений,A
Брюссельская,2024-09-11,113,0.36,4.5,6.52,7.0,False,Органическое,B
Пекинская,2026-04-15,82,1.7,14.7,5.26,13.1,False,Комплексное,A
Брюссельская,2024-11-27,92,0.65,6.3,7.04,10.6,False,Без удобрений,C
Цветная,2024-11-08,120,1.98,11.4,7.24,10.3,False,Комплексное,A
Брюссельская,2025-10-06,122,0.7,4.1,6.04,9.3,False,Комплексное,A
Белокочанная,2026-01-31,102,2.23,14.6,6.34,15.4,True,Минеральное,C
Белокочанная,2024-03-17,134,2.99,17.1,6.98,18.6,False,Органическое,B
Савойская,2025-06-04,128,1.92,12.6,5.98,15.6,True,Комплексное,B
Пекинская,2025-05-16,69,1.16,12.8,6.67,9.7,True,Комплексное,C
Брокколи,2024-05-16,99,0.65,17.2,6.03,13.6,True,Органическое,C
Пекинская,2024-03-25,71,1.26,11.1,7.41,12.2,False,Комплексное,A
Брюссельская,2025-07-03,118,1.08,4.0,7.58,15.4,False,Органическое,B
Савойская,2024-07-27,106,1.54,23.6,5.71,16.0,False,Минеральное,B
Брюссельская,2025-07-24,132,0.6,4.2,5.97,3.8,True,Органическое,D
Пекинская,2026-05-18,53,1.24,14.9,5.7,13.3,False,Минеральное,A
Белокочанная,2025-03-31,117,1.75,18.0,6.08,17.4,False,Комплексное,B
Савойская,2026-03-03,122,0.9,15.3,5.22,10.8,False,Без удобрений,D
Краснокочанная,2025-06-27,142,1.39,17.9,6.16,4.2,False,Минеральное,B
Брюссельская,2026-04-27,121,0.79,6.0,5.28,15.9,False,Без удобрений,C
Савойская,2024-07-10,108,2.23,18.0,6.61,12.2,False,Комплексное,A
Пекинская,2024-03-23,71,0.85,8.6,7.45,8.5,False,Без удобрений,C
Белокочанная,2025-05-02,96,1.63,20.8,6.93,18.5,False,Комплексное,A
Кольраби,2026-01-13,78,0.97,12.4,5.61,11.0,False,Минеральное,B
Кольраби,2024-10-01,71,0.86,12.0,6.41,13.8,True,Минеральное,B
Савойская,2025-01-26,98,2.28,15.4,5.64,10.5,False,Минеральное,B
Кольраби,2026-02-18,72,0.69,8.1,7.34,14.3,False,Органическое,B
Цветная,2026-02-19,86,0.79,14.7,7.47,10.2,False,Органическое,B
Пекинская,2025-09-24,46,1.77,10.0,7.21,11.1,False,Комплексное,B
Брюссельская,2024-10-29,124,1.02,6.6,7.35,8.5,False,Комплексное,B
Цветная,2024-07-02,107,2.01,13.7,7.28,14.3,False,Комплексное,A
Пекинская,2024-04-18,56,1.07,11.8,7.18,6.0,False,Без удобрений,C
Брюссельская,2025-09-01,123,1.07,5.1,6.94,19.5,False,Комплексное,B
Савойская,2026-03-17,107,1.82,15.2,5.72,13.3,False,Комплексное,A
Белокочанная,2026-02-28,110,2.87,16.1,6.64,9.0,False,Биоудобрение,A
Брокколи,2025-02-17,72,0.71,17.0,5.39,12.4,True,Минеральное,D
Белокочанная,2024-09-11,117,3.03,17.8,7.46,13.9,False,Без удобрений,A
Кольраби,2025-02-25,84,1.15,12.5,5.9,12.2,False,Комплексное,A
Пекинская,2025-10-15,48,1.08,14.1,6.28,10.0,False,Органическое,A
Брюссельская,2024-03-12,111,0.92,5.0,7.48,8.5,False,Органическое,B
Савойская,2024-05-31,136,1.81,13.6,5.21,15.9,True,Биоудобрение,D
Савойская,2024-07-31,121,1.67,21.3,5.51,18.7,False,Биоудобрение,B
Брюссельская,2026-01-01,113,0.7,6.4,6.11,10.9,False,Комплексное,A
Савойская,2024-12-26,124,2.18,18.7,6.8,6.6,False,Комплексное,A
Цветная,2024-03-25,91,1.6,10.8,6.4,15.1,False,Без удобрений,A
Краснокочанная,2025-09-13,147,2.09,17.6,7.54,13.6,False,Биоудобрение,A
Пекинская,2024-12-15,72,1.63,14.4,6.53,3.8,False,Комплексное,A
Краснокочанная,2026-04-26,137,2.46,17.0,6.35,20.7,False,Биоудобрение,B
Пекинская,2025-04-06,69,0.51,15.7,7.35,11.6,False,Без удобрений,B
Краснокочанная,2026-06-06,124,2.76,21.7,7.05,10.6,False,Биоудобрение,A
Краснокочанная,2025-02-17,152,1.19,12.2,7.48,19.6,True,Биоудобрение,D
Белокочанная,2025-09-16,93,2.9,22.5,5.46,10.9,False,Минеральное,C
Брокколи,2024-03-11,74,0.76,16.9,7.42,18.8,False,Органическое,C
Белокочанная,2025-08-05,90,3.89,18.3,7.06,13.0,False,Биоудобрение,A
Белокочанная,2024-09-03,108,3.21,16.5,5.28,13.1,False,Органическое,B
Савойская,2024-07-05,110,1.67,17.7,6.73,19.0,False,Без удобрений,B
Брокколи,2025-11-08,79,0.98,15.8,5.36,14.1,True,Биоудобрение,C
Савойская,2024-05-01,105,1.52,19.6,6.42,7.5,False,Без удобрений,A
Савойская,2025-04-12,114,2.21,18.5,6.38,11.9,False,Минеральное,A
Брокколи,2024-07-05,87,1.07,12.0,7.52,5.3,False,Без удобрений,C
Брюссельская,2024-08-25,131,0.47,4.7,5.26,16.7,False,Минеральное,B
Краснокочанная,2025-10-11,110,2.86,22.2,7.1,13.6,False,Биоудобрение,A
Белокочанная,2025-05-14,102,1.7,24.2,5.44,7.5,False,Биоудобрение,B
Савойская,2024-04-22,122,1.11,22.9,5.39,16.7,False,Органическое,B
Брюссельская,2024-03-18,118,0.59,5.3,5.49,11.1,True,Комплексное,C
Брюссельская,2024-03-20,130,0.8,6.0,6.54,11.5,False,Органическое,A
Кольраби,2025-04-30,58,0.6,12.5,6.29,10.1,False,Минеральное,A
Краснокочанная,2024-12-24,122,2.27,16.5,6.07,14.5,True,Без удобрений,C
Савойская,2024-05-07,117,1.05,16.7,5.38,24.0,True,Биоудобрение,D
Пекинская,2026-02-11,46,1.51,10.4,6.1,10.4,False,Биоудобрение,A
Краснокочанная,2025-09-14,127,1.01,14.8,6.25,10.2,True,Минеральное,B
Кольраби,2025-01-11,67,0.55,9.9,5.43,13.1,True,Без удобрений,D
Савойская,2026-02-03,133,1.52,18.5,5.48,13.2,False,Без удобрений,B
Брокколи,2026-03-21,98,1.78,10.9,6.47,10.2,False,Биоудобрение,A
Кольраби,2025-12-18,91,0.96,8.4,6.15,13.6,True,Минеральное,C
Брокколи,2026-05-04,65,0.9,13.6,5.38,9.6,False,Органическое,B
Кольраби,2025-06-18,85,0.41,10.4,5.82,19.6,False,Минеральное,B
Кольраби,2025-09-07,57,0.66,11.4,5.86,9.0,False,Органическое,B
Белокочанная,2024-07-19,94,1.57,24.5,5.4,13.5,False,Комплексное,A
Пекинская,2026-03-05,64,1.45,9.2,7.13,17.1,False,Органическое,B
Кольраби,2024-08-06,59,0.64,10.6,5.34,5.3,False,Минеральное,C
Брокколи,2025-04-20,97,1.44,10.3,5.31,16.8,False,Комплексное,B
Кольраби,2026-04-14,83,0.96,8.0,6.96,6.4,False,Комплексное,B
Пекинская,2026-02-04,74,0.74,14.6,5.8,2.5,False,Органическое,C
Краснокочанная,2024-08-27,130,2.05,23.3,5.54,12.6,False,Минеральное,A
Брюссельская,2026-05-09,131,0.51,6.4,7.48,17.3,False,Органическое,C
Брокколи,2024-09-14,82,0.68,17.6,5.36,15.4,False,Комплексное,B
Савойская,2025-04-18,110,1.42,18.5,6.9,10.1,False,Минеральное,B
Краснокочанная,2024-05-04,126,1.85,19.0,6.2,16.0,False,Биоудобрение,A
Белокочанная,2025-07-17,108,1.41,23.5,7.46,19.2,False,Органическое,B
Брюссельская,2024-09-09,103,0.79,5.3,7.27,17.8,False,Без удобрений,C
Брюссельская,2024-05-06,115,0.76,7.5,7.25,6.8,False,Органическое,B
Краснокочанная,2025-12-14,135,1.54,21.2,7.31,15.0,False,Комплексное,B
Краснокочанная,2024-03-25,126,1.09,17.9,6.78,7.8,False,Минеральное,B
Кольраби,2024-03-09,79,0.96,7.9,6.56,17.4,False,Биоудобрение,A
Белокочанная,2025-03-10,114,3.73,21.1,5.62,11.1,False,Минеральное,A
Цветная,2025-08-25,88,0.74,17.9,6.97,14.7,True,Без удобрений,C
Цветная,2025-01-26,72,2.1,16.5,6.34,11.2,False,Комплексное,A
Цветная,2026-03-14,76,0.77,18.5,6.72,19.3,True,Органическое,C
Белокочанная,2026-05-26,112,2.61,17.5,6.84,13.8,False,Без удобрений,B
Цветная,2025-10-01,120,1.02,16.4,6.33,12.4,True,Комплексное,B
Брюссельская,2025-05-05,112,0.99,7.4,5.23,13.2,True,Биоудобрение,D
Цветная,2024-08-12,101,0.84,15.1,5.35,7.9,False,Минеральное,B
Краснокочанная,2025-10-07,109,1.14,15.9,7.18,7.5,True,Биоудобрение,D
Пекинская,2025-12-14,61,0.89,13.3,6.69,19.1,False,Комплексное,A
Брокколи,2024-10-07,96,1.22,16.6,6.39,17.2,True,Органическое,C
Кольраби,2025-05-10,68,0.55,6.6,5.45,8.5,False,Минеральное,B
Брокколи,2024-04-28,68,1.19,12.0,7.11,9.9,True,Органическое,C
Савойская,2025-08-24,104,1.13,21.6,6.72,14.3,False,Органическое,A
Цветная,2024-05-20,87,1.67,11.9,5.62,15.6,False,Без удобрений,B
Брюссельская,2025-04-09,119,0.81,7.5,5.43,12.1,False,Комплексное,A
Цветная,2025-05-12,80,1.57,14.4,6.61,5.8,False,Минеральное,A
Краснокочанная,2024-08-19,106,2.98,19.9,6.66,17.0,False,Минеральное,A
Кольраби,2026-01-13,80,0.7,12.2,6.62,15.4,False,Комплексное,A
Савойская,2024-09-14,123,1.94,23.3,7.07,16.3,False,Минеральное,B
Брюссельская,2024-07-10,107,0.5,6.6,6.32,14.7,False,Органическое,A
Брюссельская,2025-02-21,97,0.43,3.8,7.42,14.9,False,Без удобрений,B
Цветная,2024-06-23,78,1.17,15.6,6.12,13.1,False,Органическое,A
Брокколи,2024-12-06,89,0.49,12.6,5.59,11.4,False,Комплексное,B
Цветная,2024-03-05,88,1.1,16.0,6.31,15.2,False,Минеральное,A
Пекинская,2026-03-25,50,1.07,15.7,5.25,10.0,False,Комплексное,C
Брюссельская,2024-08-05,130,0.34,7.4,5.5,16.6,False,Без удобрений,C
Белокочанная,2025-12-15,136,1.93,19.5,5.78,9.8,False,Без удобрений,B
Пекинская,2026-04-06,71,1.37,15.2,6.04,9.7,True,Биоудобрение,C
Брюссельская,2025-09-20,132,0.51,7.2,6.3,10.3,True,Комплексное,C
Савойская,2025-03-02,128,1.69,13.0,5.23,13.6,True,Минеральное,D
Кольраби,2025-08-03,65,0.47,8.1,6.71,11.1,True,Минеральное,C
Брокколи,2025-11-11,101,1.04,17.0,5.51,16.2,False,Органическое,B
Белокочанная,2025-06-24,96,1.6,17.1,7.02,3.7,False,Минеральное,B
Цветная,2025-06-10,109,1.89,12.1,5.77,8.8,False,Органическое,A
Белокочанная,2024-07-28,108,3.77,23.3,5.9,10.6,False,Органическое,A
Цветная,2025-11-11,120,2.25,16.1,5.67,8.0,False,Комплексное,B
Савойская,2026-04-05,102,1.42,19.9,6.96,11.9,False,Органическое,B
Кольраби,2025-03-01,72,0.27,6.7,7.49,10.1,False,Без удобрений,B
Пекинская,2024-06-18,70,0.78,15.7,7.6,14.4,False,Комплексное,A
Краснокочанная,2025-10-29,149,1.2,17.4,6.31,9.4,False,Органическое,A
Пекинская,2025-03-11,62,1.23,14.1,7.18,5.9,False,Органическое,B
Краснокочанная,2024-10-19,129,1.58,17.7,6.94,15.3,False,Органическое,B
Пекинская,2025-04-05,46,0.97,17.0,6.27,15.0,False,Биоудобрение,B
Брюссельская,2026-03-26,121,0.71,5.7,6.9,17.3,False,Минеральное,A
Краснокочанная,2024-05-16,104,2.03,19.9,6.77,22.1,False,Биоудобрение,B
Брюссельская,2024-03-06,109,1.0,8.2,7.5,13.9,False,Комплексное,A
Краснокочанная,2024-09-03,113,2.5,18.8,6.09,9.8,False,Комплексное,A
Брюссельская,2024-05-31,95,1.27,5.6,7.0,10.1,False,Комплексное,A
Брокколи,2025-01-14,88,0.98,15.8,5.81,15.8,False,Без удобрений,B
Цветная,2026-02-10,110,1.23,18.9,6.67,23.8,False,Минеральное,B
Брокколи,2026-04-30,82,0.7,14.1,6.96,11.7,False,Биоудобрение,A
Пекинская,2026-03-07,65,1.31,13.3,5.57,18.7,False,Минеральное,B
Кольраби,2026-03-30,64,0.6,10.8,5.28,17.5,False,Комплексное,B
Кольраби,2025-08-20,63,0.92,8.4,6.01,17.5,False,Минеральное,A
Брокколи,2025-08-27,71,0.65,19.8,5.93,18.1,False,Комплексное,A
Кольраби,2025-03-02,68,0.69,6.6,6.8,8.3,False,Минеральное,A
Пекинская,2024-09-26,58,0.83,17.1,7.24,11.2,False,Минеральное,B
Савойская,2024-10-15,127,1.2,20.6,6.24,6.3,False,Органическое,B
Пекинская,2026-01-31,64,1.35,10.9,5.54,12.0,True,Комплексное,B
Брокколи,2025-09-18,70,0.85,17.2,5.74,16.5,False,Минеральное,B
Брюссельская,2025-08-01,108,0.68,8.9,6.53,13.8,False,Комплексное,A
Савойская,2026-06-04,95,1.07,17.9,6.98,10.4,False,Без удобрений,B
Брокколи,2024-04-27,81,0.63,13.5,5.99,11.4,True,Минеральное,C
Брюссельская,2025-05-06,94,0.74,5.6,7.28,10.7,False,Комплексное,A
Кольраби,2024-12-26,62,0.94,10.0,7.34,8.8,False,Комплексное,A
Цветная,2025-08-03,108,1.1,12.9,7.02,10.8,False,Комплексное,A
Савойская,2025-01-06,135,1.97,17.7,5.81,14.4,False,Минеральное,A
Белокочанная,2025-02-17,116,1.95,15.6,7.38,15.4,False,Комплексное,A
Цветная,2026-01-05,117,1.52,14.7,5.28,6.0,False,Без удобрений,D
Кольраби,2025-08-31,87,0.6,9.8,6.54,5.2,False,Минеральное,A
Белокочанная,2024-10-08,90,3.11,23.1,6.35,13.3,False,Без удобрений,B
Кольраби,2025-02-23,65,0.37,12.0,6.58,12.8,False,Органическое,A
Пекинская,2025-05-30,55,0.96,16.6,5.78,11.1,False,Биоудобрение,B
Брокколи,2026-05-06,81,1.34,11.2,5.65,22.7,False,Минеральное,C
Брюссельская,2026-03-24,104,0.81,7.2,7.51,10.0,False,Комплексное,B
Брокколи,2025-09-20,90,1.27,11.6,5.74,8.6,True,Комплексное,C
Пекинская,2025-01-04,45,1.94,16.6,7.14,12.9,False,Комплексное,A
Кольраби,2024-03-14,61,0.51,7.9,6.4,8.0,True,Биоудобрение,C
Кольраби,2025-04-06,83,0.55,11.1,5.44,13.6,False,Минеральное,B
Брокколи,2024-04-25,79,1.0,9.9,5.54,20.7,False,Органическое,B
Брюссельская,2025-06-29,112,0.9,8.0,5.21,12.1,False,Комплексное,A
Кольраби,2024-12-08,70,0.45,7.4,7.07,12.5,False,Минеральное,A
Брюссельская,2024-06-30,105,0.6,5.5,7.21,15.7,False,Минеральное,B
Цветная,2025-09-14,100,1.08,18.9,6.47,15.5,False,Минеральное,A
Цветная,2026-06-08,71,1.44,17.1,6.14,6.7,False,Органическое,A
Брокколи,2025-04-21,82,0.44,17.9,5.24,18.0,False,Биоудобрение,B
Краснокочанная,2024-12-16,118,1.51,15.9,6.07,12.5,False,Комплексное,A
Краснокочанная,2024-11-25,134,1.2,13.3,6.95,16.0,True,Биоудобрение,C
Савойская,2024-03-03,116,2.06,14.4,5.79,14.3,True,Минеральное,C
Белокочанная,2024-09-11,126,2.6,20.0,6.98,12.4,False,Органическое,A
Белокочанная,2025-12-28,133,2.3,25.6,6.01,17.9,False,Комплексное,A
Брокколи,2025-09-14,62,1.37,11.5,7.0,11.4,False,Без удобрений,B
Белокочанная,2024-10-28,139,2.66,25.5,6.18,10.1,False,Комплексное,A
Цветная,2025-10-12,110,2.29,19.1,5.79,14.2,False,Минеральное,B
Белокочанная,2024-07-10,135,1.61,16.7,7.14,17.8,True,Комплексное,D
Брюссельская,2025-06-14,123,1.14,4.9,6.63,11.6,False,Минеральное,A
Савойская,2024-11-14,107,2.02,20.5,5.38,6.2,False,Минеральное,C
Пекинская,2025-01-08,80,1.48,9.7,5.53,11.9,False,Органическое,A
Белокочанная,2025-01-15,113,3.14,18.5,6.35,13.4,False,Комплексное,A
Краснокочанная,2025-08-12,136,2.2,14.7,6.14,9.1,False,Комплексное,A
Брокколи,2025-11-17,70,0.51,16.6,5.61,9.1,False,Без удобрений,B
Цветная,2025-07-01,101,1.58,18.4,6.8,7.2,False,Органическое,A
Пекинская,2026-05-07,61,1.24,11.6,7.45,16.5,False,Биоудобрение,B
Савойская,2025-04-02,106,1.76,16.3,7.39,17.0,False,Минеральное,B
Брокколи,2024-03-04,90,0.61,15.1,5.39,7.2,False,Комплексное,B
Брокколи,2025-07-22,97,0.52,11.6,5.83,16.4,True,Без удобрений,D
Савойская,2024-06-08,117,1.95,18.9,6.77,16.2,False,Минеральное,A
Пекинская,2025-05-14,59,1.54,17.9,7.45,12.6,False,Комплексное,A
Пекинская,2024-07-29,50,1.37,14.5,6.98,9.7,False,Комплексное,A
Цветная,2024-05-13,103,1.75,13.7,5.85,16.3,True,Комплексное,C
Белокочанная,2024-10-13,128,2.64,14.6,6.89,5.7,False,Органическое,B
Брюссельская,2025-09-24,127,1.34,6.0,7.1,14.3,False,Органическое,A
Пекинская,2025-03-17,67,0.99,13.8,5.67,10.1,False,Органическое,A
Брюссельская,2025-04-13,121,1.08,7.1,5.68,18.4,False,Биоудобрение,B
Брокколи,2024-07-11,96,0.58,13.5,5.98,18.3,False,Комплексное,B
Савойская,2025-12-17,136,1.52,21.7,5.68,16.6,False,Комплексное,A
Брюссельская,2025-03-28,117,0.46,4.5,5.89,12.9,False,Органическое,A
Брокколи,2025-01-24,91,1.06,13.0,6.39,17.0,False,Минеральное,A
Белокочанная,2024-08-30,100,2.03,18.7,6.1,12.3,False,Биоудобрение,A
Кольраби,2025-02-23,85,1.04,10.9,6.75,10.1,False,Комплексное,A
Кольраби,2024-04-12,84,0.32,8.7,7.43,14.5,False,Комплексное,B
Цветная,2025-09-21,74,1.97,12.6,5.25,9.0,False,Органическое,C
Белокочанная,2025-06-20,125,2.93,16.0,6.83,10.7,False,Без удобрений,A
Савойская,2026-04-17,135,2.14,13.6,5.86,11.9,False,Комплексное,A
Белокочанная,2026-03-09,101,1.33,16.3,5.54,17.3,True,Биоудобрение,C
Брокколи,2025-08-19,91,1.57,16.6,6.77,5.3,False,Комплексное,A
Брюссельская,2025-09-05,131,0.51,5.0,5.72,11.4,False,Комплексное,A
Краснокочанная,2025-09-30,114,1.46,18.2,5.49,15.8,False,Минеральное,B
Пекинская,2025-06-05,52,1.25,13.5,6.32,14.0,False,Биоудобрение,A
Брюссельская,2025-05-31,101,0.77,6.7,6.32,21.8,False,Комплексное,B
Цветная,2024-04-25,70,1.36,12.3,6.69,9.7,False,Комплексное,A
Кольраби,2026-05-02,77,1.02,10.5,7.04,11.7,False,Комплексное,A
Савойская,2024-11-22,101,0.94,14.9,7.21,12.2,False,Комплексное,A
Брюссельская,2024-10-06,120,0.71,4.1,7.09,12.2,True,Минеральное,C
Краснокочанная,2025-04-22,153,2.6,15.2,5.32,7.1,False,Минеральное,C
Пекинская,2024-07-13,72,0.9,11.2,7.24,22.1,True,Минеральное,D
Брокколи,2025-07-07,67,1.62,17.6,6.23,5.4,False,Комплексное,B
Краснокочанная,2026-05-09,132,1.34,22.4,6.67,10.7,False,Минеральное,A
Кольраби,2026-04-20,93,0.31,6.0,5.7,12.2,True,Без удобрений,D
Савойская,2025-12-10,128,1.49,18.9,5.66,17.1,False,Биоудобрение,B
Кольраби,2026-01-08,80,1.02,10.4,7.12,10.8,False,Биоудобрение,B
Брюссельская,2025-06-18,101,1.18,8.5,6.64,16.0,False,Комплексное,A
Брокколи,2025-08-18,60,0.86,9.4,6.43,11.1,False,Без удобрений,B
Брюссельская,2025-08-13,96,1.31,8.2,6.04,13.4,False,Биоудобрение,A
Пекинская,2024-12-26,45,0.85,13.6,7.05,15.5,False,Комплексное,A
Брюссельская,2024-05-31,100,0.71,5.9,5.97,15.9,False,Минеральное,B
Савойская,2024-05-19,131,2.62,17.9,5.71,12.5,False,Органическое,A
Краснокочанная,2026-05-09,133,1.63,12.4,5.22,10.6,True,Биоудобрение,C
Брокколи,2025-02-18,73,1.01,18.1,6.02,12.2,False,Биоудобрение,A
Белокочанная,2025-05-10,143,2.43,16.3,7.01,8.9,True,Комплексное,C
Пекинская,2024-09-10,57,0.84,13.8,6.96,5.7,True,Комплексное,C
Краснокочанная,2025-05-08,135,2.93,19.2,5.53,16.1,False,Органическое,B
Кольраби,2026-03-10,59,0.49,10.5,5.39,23.9,False,Органическое,C
Брюссельская,2024-11-27,110,0.8,6.6,6.03,11.1,False,Комплексное,A
Белокочанная,2025-08-22,102,2.74,25.3,6.56,10.7,False,Минеральное,A
Краснокочанная,2024-03-21,140,1.89,12.9,6.85,15.4,True,Комплексное,C
Цветная,2024-12-28,88,1.1,20.4,7.49,6.2,False,Комплексное,B
Кольраби,2026-05-06,73,0.41,10.5,6.17,17.7,False,Биоудобрение,B
Пекинская,2025-01-05,73,1.52,14.0,6.3,9.7,False,Органическое,A
Белокочанная,2025-10-24,142,3.98,19.7,5.53,13.6,False,Органическое,A
Савойская,2026-05-13,119,1.75,20.7,5.92,15.0,False,Минеральное,A
Белокочанная,2024-12-18,120,1.71,14.1,6.05,5.9,False,Органическое,B
Пекинская,2026-06-04,78,1.03,10.5,7.28,7.7,False,Минеральное,B
Кольраби,2024-04-15,79,0.37,9.5,5.73,9.9,False,Без удобрений,B
Кольраби,2025-05-02,58,0.85,8.2,6.05,13.5,False,Минеральное,B
Кольраби,2024-03-09,55,0.52,10.5,5.91,21.7,False,Комплексное,B
Краснокочанная,2026-06-04,140,2.31,20.0,7.24,12.3,False,Комплексное,A
Белокочанная,2025-04-21,103,2.56,18.8,7.08,8.5,False,Комплексное,B
Краснокочанная,2024-10-22,128,1.96,20.1,5.3,16.6,False,Без удобрений,C
Кольраби,2024-10-22,63,0.46,10.4,6.0,16.3,True,Комплексное,B
Брюссельская,2025-07-29,117,1.13,7.5,5.87,17.0,False,Минеральное,A
Кольраби,2025-10-24,62,0.85,7.2,5.74,13.6,False,Минеральное,A
Брокколи,2024-11-14,68,0.56,8.9,6.1,18.1,False,Без удобрений,B
Кольраби,2025-11-18,86,0.32,7.5,7.38,19.7,True,Без удобрений,D
Кольраби,2024-10-23,90,1.09,8.3,5.97,15.2,False,Органическое,B
Белокочанная,2025-04-30,127,1.59,19.7,5.51,5.4,False,Минеральное,B
Цветная,2025-04-01,110,1.37,12.8,5.53,14.3,False,Минеральное,B
Брокколи,2026-05-20,84,1.18,11.1,6.71,7.0,False,Без удобрений,B
Кольраби,2024-06-05,65,0.61,8.4,5.41,9.8,False,Минеральное,B
Цветная,2025-11-21,89,1.1,18.6,5.73,17.3,True,Комплексное,D
Брюссельская,2025-10-14,118,0.71,4.3,5.38,11.5,False,Комплексное,B
Брюссельская,2025-02-26,101,1.09,4.2,6.31,11.4,False,Комплексное,A
Пекинская,2025-09-11,65,0.88,16.6,6.08,15.2,False,Органическое,A
Цветная,2025-03-02,109,1.31,12.7,6.01,19.5,True,Минеральное,D
Брюссельская,2024-06-27,120,1.05,7.9,5.79,15.5,False,Биоудобрение,B
Савойская,2025-12-20,105,2.48,22.2,6.54,11.9,False,Органическое,A
Краснокочанная,2024-09-08,122,2.03,22.4,5.28,10.6,False,Минеральное,B
Савойская,2025-01-07,127,1.25,19.0,6.03,9.0,False,Минеральное,B
Брюссельская,2024-07-28,121,1.1,6.1,6.8,13.6,False,Органическое,A
Белокочанная,2024-10-27,142,3.3,17.8,5.55,14.4,False,Органическое,B
Кольраби,2025-07-08,91,0.55,10.4,7.56,15.1,False,Минеральное,A
Цветная,2024-07-15,117,0.98,11.9,7.36,12.0,False,Минеральное,A
Краснокочанная,2025-01-26,143,2.18,16.7,5.81,7.6,True,Комплексное,C
Кольраби,2024-10-25,62,0.58,11.7,6.26,9.2,False,Комплексное,A
Цветная,2024-11-14,111,1.52,18.7,7.02,11.3,False,Без удобрений,A
Пекинская,2025-03-10,53,1.23,13.5,7.24,19.3,True,Органическое,D
Кольраби,2025-07-02,87,0.37,11.9,7.22,13.1,False,Органическое,B
Савойская,2025-06-10,100,1.24,20.3,6.03,17.3,True,Комплексное,C
Пекинская,2024-11-16,67,1.92,14.4,6.21,10.5,False,Минеральное,B
Цветная,2025-01-19,108,0.89,16.0,7.25,5.9,True,Без удобрений,D
Брокколи,2025-06-17,78,1.13,14.8,5.63,18.3,False,Без удобрений,B
Краснокочанная,2024-05-11,141,1.96,19.2,6.83,7.8,False,Органическое,B
Савойская,2025-02-05,135,2.24,20.1,6.97,7.2,False,Органическое,B
Брюссельская,2024-08-13,100,1.51,6.5,6.7,13.7,False,Комплексное,A
Цветная,2026-05-19,89,1.04,12.6,6.33,12.6,False,Без удобрений,A
Цветная,2025-11-07,117,1.53,12.4,5.88,14.3,True,Минеральное,C
Пекинская,2024-07-04,57,0.75,11.3,6.71,14.2,False,Органическое,B
Брюссельская,2026-03-29,99,0.65,4.3,7.47,10.8,False,Без удобрений,B
Пекинская,2025-11-20,51,1.22,10.6,6.61,12.3,False,Комплексное,A
Белокочанная,2026-05-21,124,1.62,17.9,5.66,6.8,True,Биоудобрение,C
Краснокочанная,2025-12-18,109,1.76,12.1,6.23,14.9,True,Без удобрений,C
Краснокочанная,2025-05-11,133,1.16,15.9,6.41,11.0,True,Органическое,C
Брокколи,2025-12-01,85,1.01,11.5,5.95,12.1,False,Без удобрений,B
Цветная,2024-09-12,93,1.02,16.0,5.52,17.7,False,Органическое,B
Брюссельская,2024-05-31,121,0.4,8.3,6.3,15.3,False,Без удобрений,B
Савойская,2024-05-11,132,0.97,13.9,5.25,14.8,False,Без удобрений,C
Брюссельская,2024-08-06,116,1.13,7.6,6.83,20.0,False,Биоудобрение,B
Кольраби,2026-05-13,82,0.58,13.4,7.11,13.3,False,Минеральное,A
Кольраби,2024-12-06,78,1.03,11.8,5.74,11.3,False,Органическое,A
Белокочанная,2025-04-18,139,3.47,27.3,7.42,10.4,False,Комплексное,B
Цветная,2025-06-11,119,1.26,9.9,5.66,10.4,True,Без удобрений,D
Краснокочанная,2025-05-14,120,1.33,20.9,7.55,15.6,True,Минеральное,D
Савойская,2025-07-10,129,0.99,20.2,5.51,17.8,False,Органическое,B
Цветная,2025-03-05,119,0.92,21.0,7.39,18.2,False,Биоудобрение,B
Пекинская,2025-01-05,70,1.54,16.2,6.43,11.1,False,Комплексное,A
Савойская,2024-06-18,95,0.98,19.0,6.65,10.5,False,Органическое,A
Брокколи,2024-11-13,89,1.3,17.6,5.5,13.0,False,Органическое,B
Савойская,2024-05-13,135,1.09,13.4,5.77,9.7,False,Без удобрений,B
Брюссельская,2024-05-15,98,0.94,6.8,6.17,16.5,True,Комплексное,C
Краснокочанная,2024-04-14,127,2.79,24.8,6.7,9.9,False,Минеральное,A
Брокколи,2025-07-04,69,0.58,14.1,5.49,13.2,True,Без удобрений,D
Кольраби,2025-12-15,76,0.43,12.0,5.92,13.5,False,Комплексное,A
Савойская,2025-05-17,133,0.97,20.5,7.07,15.2,False,Без удобрений,B
Савойская,2025-02-20,136,0.71,17.3,6.24,15.3,True,Без удобрений,C
Брокколи,2025-07-15,77,1.6,15.4,6.13,8.2,False,Минеральное,B
Брокколи,2025-08-08,70,1.23,9.8,7.52,11.4,False,Биоудобрение,B
Кольраби,2026-01-14,83,0.43,7.7,5.39,7.0,False,Органическое,C
Белокочанная,2024-03-15,126,1.31,22.6,5.65,13.2,False,Без удобрений,C
Цветная,2025-09-24,84,1.92,14.5,6.83,5.9,False,Комплексное,B
Кольраби,2025-12-15,57,1.06,11.8,5.63,12.1,False,Биоудобрение,A
Брокколи,2024-10-06,87,0.75,11.4,6.6,21.5,False,Комплексное,A
Савойская,2025-07-14,109,0.93,19.0,7.21,9.2,False,Комплексное,B
Пекинская,2024-11-28,60,1.33,9.3,6.07,2.0,False,Органическое,B
Цветная,2025-05-19,99,0.82,14.9,5.49,13.6,False,Комплексное,A
Цветная,2025-09-04,78,1.11,12.7,6.35,15.1,False,Минеральное,B
Кольраби,2024-12-04,81,0.79,8.1,7.24,15.0,False,Без удобрений,B
Белокочанная,2025-03-05,139,1.94,15.5,7.29,16.1,False,Органическое,B
Цветная,2024-10-19,101,2.01,15.5,6.43,16.9,False,Минеральное,A
Кольраби,2024-05-28,64,0.82,9.5,7.01,9.0,False,Комплексное,A
Краснокочанная,2025-07-16,111,1.64,19.0,6.98,14.7,False,Комплексное,B
Савойская,2025-07-30,122,1.45,19.1,7.15,9.2,False,Минеральное,B
Савойская,2024-10-01,100,1.32,16.3,6.36,16.1,False,Комплексное,A
Савойская,2024-08-01,130,2.59,21.9,5.76,13.9,False,Органическое,A
Пекинская,2024-12-20,60,0.69,16.2,6.57,11.7,False,Без удобрений,B
Белокочанная,2024-07-29,137,2.76,16.9,7.05,21.3,False,Органическое,B
Цветная,2026-03-23,88,1.02,17.5,6.09,14.8,True,Комплексное,C
Брокколи,2026-02-15,89,1.7,15.8,6.35,15.9,False,Органическое,A
Савойская,2025-04-10,112,0.88,12.3,5.24,10.8,False,Без удобрений,C
Брокколи,2025-02-01,98,0.64,13.5,6.03,9.5,False,Биоудобрение,B
Пекинская,2025-04-29,79,1.19,14.4,5.89,13.6,False,Комплексное,A
Брокколи,2026-05-03,94,1.29,16.1,5.85,12.8,False,Комплексное,A
Белокочанная,2024-10-27,139,2.32,26.8,6.57,15.9,False,Минеральное,A
Брюссельская,2025-04-19,106,1.12,8.7,6.15,18.2,False,Биоудобрение,B
Цветная,2025-04-23,111,1.3,17.1,6.19,18.2,True,Комплексное,C
Пекинская,2025-06-15,65,1.43,13.0,6.75,10.4,False,Без удобрений,B
Белокочанная,2025-07-07,115,3.43,15.6,5.7,8.0,False,Комплексное,B
Брокколи,2024-12-27,78,0.65,12.9,6.51,16.9,True,Комплексное,C
Краснокочанная,2025-05-13,128,1.32,19.5,7.57,5.5,False,Комплексное,B
Краснокочанная,2025-12-25,112,1.68,13.5,5.38,20.3,True,Минеральное,D
Цветная,2024-11-01,82,0.66,14.8,5.69,13.9,True,Без удобрений,D
Брокколи,2025-10-26,98,0.67,14.1,5.42,12.2,False,Комплексное,B
Белокочанная,2025-01-14,137,3.18,22.5,7.55,21.7,False,Биоудобрение,C
Цветная,2025-02-02,107,1.22,18.4,6.0,9.9,False,Органическое,B
Брюссельская,2026-03-07,130,0.51,8.5,7.58,12.3,False,Минеральное,B
Кольраби,2024-11-25,76,0.92,11.4,7.37,15.0,False,Комплексное,B
Брюссельская,2024-06-24,127,0.71,8.2,7.17,16.6,False,Комплексное,A
Краснокочанная,2024-09-11,128,2.14,13.0,5.5,13.4,True,Комплексное,C
Пекинская,2025-04-08,76,0.85,13.3,5.3,9.0,False,Минеральное,B
Брокколи,2025-02-26,69,1.41,10.9,6.67,14.5,False,Биоудобрение,A
Цветная,2025-07-21,119,1.24,14.0,6.09,18.0,False,Без удобрений,A
Пекинская,2024-09-16,69,0.88,15.1,6.29,13.0,False,Минеральное,A
Савойская,2025-07-30,103,2.41,17.8,5.82,11.2,False,Органическое,A
Савойская,2025-06-27,102,2.56,17.8,6.48,8.8,False,Биоудобрение,A
Брюссельская,2025-03-03,123,1.18,4.4,7.46,11.4,False,Минеральное,C
Савойская,2025-02-25,100,2.56,16.8,5.86,17.0,False,Минеральное,B
Цветная,2024-11-10,72,1.64,12.5,7.01,15.3,False,Без удобрений,B
Краснокочанная,2024-10-29,134,2.15,17.1,5.85,9.6,False,Биоудобрение,A
Брюссельская,2024-06-21,119,0.42,7.3,7.51,19.5,False,Органическое,B
Цветная,2024-04-14,111,2.2,20.8,6.4,18.0,False,Минеральное,A
Брюссельская,2026-02-15,107,1.15,7.9,6.43,14.4,False,Минеральное,A
Цветная,2025-08-19,86,2.25,13.3,6.07,15.2,False,Комплексное,A
Савойская,2024-05-22,118,1.61,19.2,5.53,7.4,False,Биоудобрение,B
Краснокочанная,2024-04-13,142,2.49,17.7,5.73,19.1,False,Комплексное,B
Краснокочанная,2025-03-18,147,1.4,14.3,6.08,10.3,False,Минеральное,B
Краснокочанная,2024-06-21,128,3.29,22.4,6.95,16.9,False,Минеральное,B
Брюссельская,2024-04-04,120,0.87,6.2,6.27,8.1,False,Комплексное,A
Пекинская,2025-07-28,78,1.04,9.8,6.95,15.9,True,Биоудобрение,D
Краснокочанная,2025-02-09,111,1.59,21.6,7.32,8.8,True,Комплексное,C
Кольраби,2024-08-08,88,0.84,12.1,5.64,19.0,False,Комплексное,B
Белокочанная,2026-04-21,123,2.14,19.6,5.34,9.0,False,Органическое,C
Белокочанная,2026-06-02,125,2.81,20.1,5.44,10.3,False,Минеральное,A
Пекинская,2025-09-04,59,1.87,11.7,6.84,13.3,False,Комплексное,A
Брюссельская,2025-02-25,93,0.51,6.7,6.24,18.3,False,Комплексное,A
Белокочанная,2025-03-18,104,2.55,15.5,5.71,10.9,False,Минеральное,B
Кольраби,2026-05-18,60,0.73,12.1,6.37,14.4,False,Органическое,A
Брюссельская,2024-10-10,98,0.49,6.6,7.59,10.1,True,Комплексное,D
Савойская,2024-12-13,120,1.44,14.7,6.94,19.0,False,Комплексное,A
Брокколи,2025-09-18,85,1.43,15.3,6.29,17.6,True,Комплексное,C
Савойская,2024-03-16,124,2.5,16.0,7.03,11.0,False,Минеральное,B
Кольраби,2024-11-13,74,0.63,7.5,6.56,15.4,True,Минеральное,B
Белокочанная,2024-04-11,113,2.82,13.8,6.55,22.5,False,Биоудобрение,B
Пекинская,2025-09-07,78,0.47,8.4,5.41,13.0,True,Без удобрений,D
Брюссельская,2025-07-21,95,1.1,7.1,7.11,11.7,False,Биоудобрение,B
Краснокочанная,2025-01-31,117,0.93,16.2,7.06,6.0,True,Биоудобрение,D
Краснокочанная,2025-04-01,124,1.34,22.9,5.89,21.0,False,Комплексное,B
Пекинская,2024-12-16,82,1.21,14.0,5.24,9.1,False,Органическое,C
Кольраби,2025-08-11,82,0.91,7.4,6.42,5.8,False,Минеральное,A
Кольраби,2025-03-17,65,0.93,7.6,7.27,11.5,False,Минеральное,B
Пекинская,2024-04-05,80,1.31,13.9,7.01,14.8,False,Минеральное,B
Кольраби,2025-03-17,62,0.83,11.9,5.35,13.2,False,Комплексное,A
Белокочанная,2026-05-14,130,1.92,18.3,5.62,9.2,False,Органическое,B
Белокочанная,2025-12-28,135,3.09,18.7,6.78,14.1,False,Комплексное,A
Брюссельская,2024-11-05,112,0.56,5.2,5.21,16.8,False,Минеральное,B
Краснокочанная,2024-12-21,150,3.53,24.3,6.29,12.7,False,Органическое,A
Белокочанная,2024-04-27,96,1.71,25.6,7.41,14.1,False,Минеральное,A
Пекинская,2026-06-09,69,1.25,10.0,7.31,7.9,False,Минеральное,B
Цветная,2025-08-25,87,1.51,11.3,7.35,13.7,False,Органическое,B
Белокочанная,2025-10-10,118,3.93,16.7,6.8,19.7,False,Комплексное,A
Белокочанная,2024-08-27,106,2.86,15.2,5.51,12.0,False,Минеральное,B
Кольраби,2024-12-09,77,0.42,9.2,5.84,8.7,True,Органическое,D
Пекинская,2026-04-28,55,1.43,10.9,6.39,16.1,False,Комплексное,A
Пекинская,2024-11-25,70,0.84,15.4,7.27,18.6,False,Без удобрений,C
Кольраби,2025-11-24,75,0.55,8.8,7.44,8.1,True,Органическое,D
Пекинская,2025-04-25,70,1.36,12.5,6.24,12.0,False,Органическое,A
Краснокочанная,2025-03-01,148,2.44,14.0,6.75,7.2,False,Комплексное,B
Цветная,2024-06-11,102,1.75,14.3,6.3,12.8,False,Органическое,A
Цветная,2024-07-04,75,1.7,15.3,7.1,11.6,False,Комплексное,B
Цветная,2024-12-24,109,0.99,13.8,6.27,7.2,True,Комплексное,C
Пекинская,2026-05-09,47,1.68,10.8,7.06,13.6,False,Органическое,B
Белокочанная,2025-11-23,106,3.08,22.3,5.92,3.0,False,Биоудобрение,C
Кольраби,2025-08-26,70,0.44,11.8,7.27,15.6,False,Без удобрений,B
Пекинская,2024-05-23,65,1.66,14.0,5.96,13.9,False,Органическое,A
Краснокочанная,2024-11-11,111,1.48,11.7,5.69,13.6,True,Минеральное,C
Брюссельская,2025-02-22,99,0.53,8.3,7.23,16.3,False,Органическое,B
Краснокочанная,2025-05-28,138,1.39,15.5,5.77,22.5,False,Минеральное,B
Савойская,2026-05-20,135,1.04,15.3,7.19,7.7,False,Органическое,B
Брюссельская,2024-07-01,99,0.9,5.2,5.34,19.4,False,Комплексное,B
Савойская,2026-05-16,135,1.75,14.9,5.54,10.4,False,Комплексное,B
Белокочанная,2024-10-17,100,2.19,18.1,6.17,11.6,False,Комплексное,A
Краснокочанная,2026-02-20,109,1.9,14.9,5.86,13.0,False,Комплексное,A
Краснокочанная,2024-09-04,105,1.46,19.2,6.59,3.3,False,Органическое,B
Цветная,2025-05-11,120,0.85,19.3,5.41,11.4,False,Комплексное,B
Пекинская,2024-10-15,70,0.82,9.9,6.54,9.4,False,Органическое,A
Брокколи,2024-06-26,91,0.51,16.9,7.02,16.1,False,Минеральное,A
Брюссельская,2024-11-13,97,0.51,6.3,7.07,11.1,False,Биоудобрение,B
Брюссельская,2024-07-29,114,0.29,3.9,5.63,16.2,True,Комплексное,C
Кольраби,2025-04-07,88,0.71,11.7,5.58,15.4,False,Минеральное,B
Белокочанная,2025-01-21,130,1.63,16.3,5.88,21.4,False,Минеральное,B
Савойская,2025-07-28,95,1.38,16.9,5.99,19.1,False,Комплексное,B
Кольраби,2025-12-18,63,0.28,7.5,5.59,17.6,False,Минеральное,B
Савойская,2026-02-01,95,1.11,19.5,6.12,13.3,False,Органическое,A
Брюссельская,2024-03-19,122,0.74,5.0,6.59,16.0,False,Комплексное,A
Пекинская,2024-12-04,61,1.51,15.0,6.63,8.9,False,Минеральное,B
Кольраби,2025-08-20,61,1.0,12.0,5.28,11.2,False,Комплексное,A
Брокколи,2024-11-19,86,0.76,12.0,5.4,7.7,False,Биоудобрение,C
Кольраби,2024-06-21,90,0.29,7.0,5.32,12.5,False,Без удобрений,B
Брокколи,2025-03-27,65,1.18,11.7,6.0,10.8,False,Минеральное,B
Брокколи,2025-06-27,67,1.62,13.5,7.03,14.5,False,Комплексное,B
Пекинская,2024-10-11,47,0.74,10.8,5.87,9.1,False,Без удобрений,B
Краснокочанная,2026-06-05,104,3.04,23.5,6.59,16.7,False,Минеральное,B
Савойская,2024-06-08,140,1.62,13.5,5.45,14.1,True,Без удобрений,D
Белокочанная,2024-09-24,97,1.61,20.2,7.11,18.7,False,Биоудобрение,B
Белокочанная,2026-01-12,121,3.66,23.2,7.08,9.9,False,Минеральное,A
Цветная,2025-01-24,98,2.04,17.7,5.89,6.0,False,Органическое,B
Цветная,2025-08-07,101,1.83,20.1,6.1,11.9,True,Комплексное,C
Белокочанная,2024-10-20,109,2.33,18.6,7.12,19.5,False,Без удобрений,C
Брюссельская,2024-06-02,130,0.68,7.0,7.01,12.0,False,Органическое,A
Кольраби,2025-05-05,94,0.41,7.8,5.91,11.7,True,Минеральное,C
Брокколи,2025-05-27,64,1.48,16.6,6.99,20.7,False,Комплексное,B
Белокочанная,2024-08-11,101,3.44,21.7,7.16,12.1,False,Органическое,B
Брокколи,2025-10-16,71,1.33,13.9,7.14,11.8,True,Комплексное,C
Краснокочанная,2024-06-26,137,1.77,12.3,5.28,17.4,True,Биоудобрение,D
Кольраби,2025-05-19,61,0.43,9.4,7.54,15.3,False,Биоудобрение,A
Брокколи,2024-03-21,90,0.4,11.6,5.48,15.3,True,Без удобрений,D
Белокочанная,2025-01-20,91,2.85,20.6,6.6,14.2,False,Биоудобрение,A
Брюссельская,2025-09-12,101,0.36,7.5,5.25,14.0,True,Минеральное,D
Брюссельская,2025-02-04,117,0.5,3.6,5.33,7.3,True,Органическое,D
Брюссельская,2025-07-16,116,0.55,5.5,7.38,6.2,False,Минеральное,C
Брюссельская,2025-01-21,92,1.22,7.2,7.06,14.4,False,Минеральное,B
Пекинская,2024-06-26,60,0.99,10.2,5.4,17.6,False,Без удобрений,B
Савойская,2025-12-04,101,1.24,18.2,7.3,5.9,False,Органическое,B
Пекинская,2026-05-27,57,1.28,15.6,6.93,5.1,False,Комплексное,B
Пекинская,2025-07-30,72,0.86,12.0,6.84,18.9,False,Минеральное,C
Белокочанная,2026-03-26,121,2.79,25.4,6.46,11.0,False,Биоудобрение,A
Брюссельская,2025-03-31,91,1.18,8.1,5.61,13.3,False,Биоудобрение,B
Цветная,2024-03-06,79,1.65,18.4,6.58,12.1,False,Органическое,A
Брюссельская,2025-06-06,112,0.57,6.3,7.59,6.6,True,Комплексное,D
Кольраби,2024-05-12,66,0.29,11.7,5.62,9.4,False,Минеральное,B
Брюссельская,2025-05-18,124,0.63,7.3,6.11,14.1,False,Минеральное,A
Брокколи,2024-05-29,90,1.53,14.3,5.4,14.3,False,Комплексное,B
Савойская,2024-12-18,101,2.03,19.7,7.07,9.8,False,Комплексное,B
Кольраби,2024-09-22,78,1.01,10.7,6.65,14.9,False,Без удобрений,B
Пекинская,2025-10-25,75,1.09,14.7,6.52,10.2,False,Биоудобрение,A
Кольраби,2024-05-07,73,0.51,11.8,6.95,16.6,False,Минеральное,B
Цветная,2026-02-26,78,1.15,12.6,6.97,15.9,False,Органическое,B
Брокколи,2026-04-11,87,0.85,13.7,6.73,13.0,False,Минеральное,A
Белокочанная,2025-12-26,138,2.02,25.3,6.37,14.0,False,Минеральное,A
Савойская,2025-07-22,134,2.31,17.6,5.78,19.9,False,Органическое,B
Белокочанная,2026-01-22,125,3.17,20.3,6.41,13.3,True,Минеральное,B
Белокочанная,2025-04-27,116,3.17,14.1,7.49,17.4,False,Комплексное,B
Цветная,2025-12-03,88,2.05,18.7,7.38,13.5,False,Комплексное,A
Савойская,2024-05-20,117,1.04,18.0,5.85,9.8,False,Без удобрений,B
Белокочанная,2026-01-14,112,3.4,25.0,6.06,18.8,False,Минеральное,B
Белокочанная,2024-12-19,98,1.57,15.4,7.11,9.7,False,Без удобрений,B
Белокочанная,2026-05-28,134,3.05,15.2,6.35,11.2,False,Минеральное,A
Белокочанная,2026-03-22,112,3.67,22.7,6.33,12.2,False,Минеральное,A
Пекинская,2025-08-04,45,0.91,10.9,6.01,15.9,False,Минеральное,A
Кольраби,2025-03-30,78,0.33,7.2,7.08,10.1,True,Минеральное,C
Краснокочанная,2024-06-27,134,2.51,19.5,7.45,12.7,False,Комплексное,B
Брокколи,2024-05-07,77,0.86,9.6,5.64,7.7,True,Минеральное,D
Пекинская,2025-04-01,66,1.25,17.6,6.33,10.3,False,Комплексное,A
Цветная,2025-05-08,120,0.67,15.8,5.37,17.1,False,Без удобрений,B
Савойская,2025-10-02,116,1.03,21.6,6.86,8.7,False,Комплексное,A
Краснокочанная,2025-11-18,110,2.45,14.1,6.88,13.7,False,Минеральное,A
Краснокочанная,2025-11-30,153,2.51,16.2,6.32,18.6,True,Комплексное,C
Краснокочанная,2025-07-03,146,1.7,17.6,5.75,11.8,False,Биоудобрение,B
Кольраби,2025-06-17,89,0.7,10.9,7.55,7.0,False,Без удобрений,C
Белокочанная,2025-03-31,105,4.13,17.0,6.29,12.3,False,Органическое,A
Брокколи,2025-03-05,84,1.07,14.2,6.25,10.9,False,Минеральное,A
Брокколи,2024-08-30,80,0.61,10.8,6.77,22.0,False,Минеральное,B
Савойская,2024-08-29,112,1.42,13.7,6.0,10.3,False,Комплексное,B
Кольраби,2024-11-15,93,0.44,9.6,7.09,12.6,True,Без удобрений,C
Белокочанная,2026-04-01,121,2.1,22.0,7.42,8.4,False,Без удобрений,B
Белокочанная,2026-05-11,127,3.86,21.8,5.98,11.5,False,Органическое,A
Белокочанная,2025-02-28,105,3.92,19.5,7.21,15.8,False,Комплексное,B
Цветная,2025-10-10,117,2.01,11.9,5.9,10.0,False,Органическое,B
Брокколи,2024-03-17,80,0.61,10.8,7.18,16.4,False,Комплексное,B
Краснокочанная,2026-02-10,131,3.35,19.9,6.72,12.4,False,Минеральное,A
Савойская,2026-02-20,118,2.77,15.8,7.23,13.5,False,Биоудобрение,B
Цветная,2026-02-16,74,1.69,11.4,6.42,13.9,True,Без удобрений,C
Брюссельская,2024-09-27,115,0.67,8.0,5.55,6.7,False,Комплексное,A
Пекинская,2024-11-03,66,0.99,12.8,6.5,13.4,True,Биоудобрение,B
Брокколи,2026-04-05,80,1.5,17.4,6.89,9.5,False,Комплексное,A
Брюссельская,2024-05-23,113,0.49,6.5,7.22,11.4,False,Минеральное,A
Краснокочанная,2024-08-24,121,1.8,20.8,7.06,8.3,False,Органическое,B
Савойская,2026-02-11,96,2.42,20.3,5.89,13.1,False,Комплексное,A
Цветная,2024-12-24,88,1.61,13.1,6.17,11.3,False,Органическое,B
Брюссельская,2024-07-30,105,0.56,3.6,5.47,7.2,False,Минеральное,B
Пекинская,2024-11-05,51,1.63,14.0,6.54,17.4,True,Комплексное,C
Пекинская,2024-06-27,68,0.59,8.9,6.68,6.1,False,Без удобрений,B
Краснокочанная,2025-09-08,111,1.99,15.1,6.31,8.7,True,Органическое,D
Брюссельская,2025-07-12,92,1.09,6.5,5.8,18.8,False,Биоудобрение,B
Краснокочанная,2024-04-28,133,2.24,15.8,5.95,8.1,True,Органическое,C
Савойская,2024-04-22,138,0.9,18.9,6.99,13.8,True,Биоудобрение,B
Кольраби,2025-05-22,85,0.79,10.6,6.7,3.4,True,Органическое,C
Пекинская,2024-03-23,68,0.8,11.8,6.54,12.6,False,Минеральное,A
Краснокочанная,2026-01-13,113,2.63,20.3,6.91,12.3,False,Органическое,A
Цветная,2024-12-28,96,1.88,11.5,5.78,12.9,True,Органическое,C
Брокколи,2026-06-02,66,1.4,16.0,7.47,13.8,False,Биоудобрение,B
Пекинская,2025-10-04,62,1.98,13.4,6.51,12.6,False,Минеральное,A
Пекинская,2026-04-29,71,0.74,11.7,5.91,12.2,False,Биоудобрение,A
Кольраби,2026-03-30,65,0.53,10.7,6.94,17.1,False,Без удобрений,B
Цветная,2024-03-08,72,1.1,14.8,7.27,4.8,False,Органическое,B
Брюссельская,2024-12-28,100,1.34,4.9,5.69,11.6,False,Комплексное,A
Савойская,2025-02-08,106,1.32,19.7,7.51,16.8,False,Минеральное,B
Кольраби,2025-07-09,78,0.69,8.0,6.1,8.5,True,Без удобрений,D
Краснокочанная,2025-12-06,131,2.44,12.8,5.44,10.8,False,Минеральное,A
Брокколи,2024-06-12,88,1.23,13.9,6.17,9.1,False,Минеральное,A
Белокочанная,2025-08-25,135,1.6,16.2,6.1,15.3,True,Биоудобрение,C
Краснокочанная,2024-03-13,101,2.0,22.1,5.83,14.4,False,Минеральное,A
Белокочанная,2025-03-31,102,3.96,20.3,7.16,13.9,False,Минеральное,B
Брокколи,2024-12-21,104,0.52,11.6,7.36,19.8,True,Без удобрений,D
Краснокочанная,2024-10-10,113,2.02,13.9,7.3,9.5,False,Без удобрений,C
Савойская,2024-10-04,128,2.45,16.3,6.36,9.9,False,Без удобрений,B
Брюссельская,2025-10-06,130,1.02,4.5,6.96,4.6,False,Органическое,C
Цветная,2025-04-19,71,1.07,12.9,6.38,8.2,False,Без удобрений,B
Брюссельская,2025-03-10,99,0.6,4.9,7.31,15.4,False,Минеральное,A
Кольраби,2025-01-16,64,0.4,11.7,6.03,11.8,True,Органическое,C
Краснокочанная,2026-02-15,122,2.33,22.4,5.85,9.5,False,Минеральное,B
Пекинская,2025-12-22,61,1.02,11.4,5.55,17.3,False,Минеральное,C
Савойская,2025-08-09,100,1.02,17.3,5.2,12.9,False,Биоудобрение,A
Савойская,2025-06-23,106,1.05,14.1,6.95,20.6,True,Комплексное,D
Савойская,2026-05-12,134,1.99,18.5,5.89,17.1,False,Органическое,A
Брокколи,2024-06-22,77,1.28,10.0,6.83,15.7,True,Минеральное,C
Краснокочанная,2025-10-15,107,3.03,19.5,6.38,12.9,False,Минеральное,A
Белокочанная,2026-05-01,91,2.94,23.6,6.42,8.5,False,Комплексное,A
Краснокочанная,2025-03-29,129,1.28,21.7,5.33,11.9,False,Минеральное,B
Белокочанная,2025-08-18,136,2.78,21.1,6.82,14.9,False,Комплексное,A
Пекинская,2025-10-05,64,1.03,10.8,6.83,13.1,False,Органическое,A
Белокочанная,2024-12-30,105,2.87,22.8,7.33,11.4,False,Органическое,B
Брокколи,2026-05-12,78,1.12,13.6,7.54,13.5,False,Без удобрений,B
Белокочанная,2024-12-05,92,1.96,24.8,7.39,16.5,False,Комплексное,A
Цветная,2025-01-02,102,0.95,18.4,5.31,16.3,False,Комплексное,B
Белокочанная,2024-06-09,124,2.08,28.4,6.65,12.8,False,Минеральное,A
Савойская,2024-07-19,134,1.68,15.9,7.13,7.9,False,Органическое,B
Брокколи,2026-05-02,92,1.42,16.8,7.2,12.7,False,Комплексное,A
Савойская,2024-08-22,131,1.12,23.9,6.3,15.6,False,Биоудобрение,A
Белокочанная,2025-09-04,115,1.3,18.7,6.26,21.7,False,Комплексное,A
Краснокочанная,2024-05-15,142,1.31,19.5,5.94,12.6,False,Органическое,A
Кольраби,2026-03-03,74,0.85,8.9,7.08,13.1,False,Органическое,A
Пекинская,2024-03-21,66,0.83,16.3,6.0,17.0,True,Комплексное,D
Кольраби,2026-05-26,86,0.63,7.7,7.36,8.5,False,Комплексное,B
Краснокочанная,2024-04-22,136,1.98,23.0,7.22,18.2,False,Комплексное,B
Белокочанная,2024-05-30,117,2.41,19.3,5.28,11.2,False,Минеральное,B
Пекинская,2025-09-20,75,0.68,9.6,5.44,10.5,False,Минеральное,B
Белокочанная,2026-01-28,142,1.57,15.4,7.54,6.0,False,Комплексное,B
Брюссельская,2025-11-19,118,0.72,5.0,6.15,16.0,True,Комплексное,C
Краснокочанная,2025-07-10,108,3.03,17.1,6.38,19.4,False,Биоудобрение,A
Савойская,2026-04-01,124,2.38,15.3,5.55,18.6,False,Комплексное,B
Цветная,2025-01-04,88,1.57,17.8,5.69,11.9,False,Комплексное,B
Цветная,2024-11-05,93,1.16,12.4,5.28,16.4,True,Биоудобрение,C
Брокколи,2026-04-21,75,0.43,13.9,7.27,12.8,True,Комплексное,B
Краснокочанная,2024-11-22,111,2.86,22.8,7.09,10.2,False,Комплексное,A
Брокколи,2025-01-23,100,1.58,10.0,5.56,18.3,False,Комплексное,B
Брокколи,2026-03-18,63,0.97,14.7,6.23,15.3,False,Комплексное,A
Белокочанная,2024-04-11,135,3.6,23.7,5.58,13.4,False,Комплексное,A
Пекинская,2025-05-02,61,0.82,13.2,5.88,10.3,False,Комплексное,A
Белокочанная,2025-04-22,132,1.99,17.6,5.73,12.4,False,Биоудобрение,A
Цветная,2025-12-18,86,1.12,11.6,5.53,10.2,False,Без удобрений,B
Савойская,2025-08-07,122,2.51,20.0,7.07,13.6,False,Комплексное,B
Цветная,2025-12-30,109,2.45,14.6,7.17,16.6,False,Комплексное,A
Савойская,2025-10-26,113,2.15,17.4,6.7,16.1,False,Органическое,A
Цветная,2025-11-27,78,1.34,12.3,6.21,15.2,True,Минеральное,C
Брюссельская,2025-07-23,97,0.46,7.4,5.93,14.4,False,Комплексное,A
Пекинская,2025-10-31,79,0.9,11.0,6.95,15.2,True,Биоудобрение,C
Пекинская,2026-01-31,52,1.54,11.6,5.42,6.6,False,Комплексное,B
Брокколи,2024-03-10,76,0.85,9.8,6.37,12.4,True,Без удобрений,C
Брокколи,2026-03-29,86,1.22,14.1,5.74,13.8,True,Комплексное,B
Кольраби,2025-02-26,70,0.26,6.0,7.33,16.1,False,Без удобрений,A
Савойская,2024-04-18,116,0.98,16.8,7.11,17.4,True,Органическое,C
Цветная,2025-12-14,98,1.42,11.9,5.4,11.6,True,Органическое,C
Брокколи,2025-10-25,75,0.97,14.9,7.47,9.5,False,Биоудобрение,B
Цветная,2025-05-12,74,0.61,11.3,5.25,15.4,False,Без удобрений,C
Цветная,2026-04-27,107,0.92,16.9,5.78,8.9,False,Органическое,A
Кольраби,2026-03-21,86,0.52,7.9,6.21,12.4,False,Органическое,A
Брокколи,2026-01-26,78,1.31,18.3,5.37,11.9,False,Комплексное,B
Брюссельская,2024-10-05,102,1.1,4.5,6.6,11.1,False,Минеральное,A
Кольраби,2025-06-21,81,0.8,8.0,6.59,19.6,False,Органическое,A
Пекинская,2026-03-21,51,0.62,10.0,6.59,23.1,False,Минеральное,B
Пекинская,2025-05-14,70,1.4,14.3,6.67,10.3,False,Без удобрений,B
Цветная,2026-05-08,100,1.59,15.1,6.03,15.8,False,Комплексное,A
Цветная,2024-11-28,113,1.33,14.5,5.81,14.1,False,Без удобрений,B
Цветная,2025-07-12,86,0.72,18.2,6.28,12.9,True,Комплексное,B
Белокочанная,2024-05-18,99,1.83,19.4,5.23,14.0,False,Органическое,B
Краснокочанная,2025-06-24,151,2.65,18.6,7.01,13.0,True,Комплексное,C
Краснокочанная,2025-10-11,116,1.25,14.3,5.22,14.9,False,Комплексное,B
Пекинская,2026-01-03,70,0.64,15.4,7.55,12.2,False,Минеральное,B
Краснокочанная,2024-05-28,145,1.77,17.0,6.38,18.0,False,Минеральное,B
Брюссельская,2026-05-14,101,0.65,4.5,6.38,11.7,False,Биоудобрение,A
Краснокочанная,2025-10-05,127,2.56,13.6,5.75,14.9,True,Комплексное,C
Белокочанная,2026-03-29,119,3.2,24.9,7.13,10.0,False,Комплексное,A
Белокочанная,2025-02-10,145,2.76,17.5,7.47,8.4,True,Комплексное,D
Цветная,2025-03-12,84,2.13,15.1,5.59,11.9,False,Органическое,B
Савойская,2024-04-20,128,2.12,20.1,6.18,17.7,False,Биоудобрение,A
Пекинская,2026-01-17,81,0.71,11.5,5.24,9.1,False,Без удобрений,C
Краснокочанная,2024-05-31,125,2.58,18.6,6.54,9.1,False,Органическое,A
Брюссельская,2024-04-18,111,0.76,5.2,7.31,13.7,False,Минеральное,B
Брюссельская,2024-06-21,120,0.58,4.3,5.4,23.2,False,Биоудобрение,C
Пекинская,2024-10-31,70,0.93,11.6,6.46,11.1,False,Биоудобрение,A
Брюссельская,2024-05-29,119,0.77,4.7,7.27,13.1,False,Без удобрений,B
Кольраби,2025-06-19,63,0.63,7.8,7.09,7.0,False,Комплексное,B
Краснокочанная,2025-11-24,150,1.74,21.9,6.54,7.7,False,Минеральное,A
Кольраби,2026-02-07,75,1.03,12.5,7.51,7.6,False,Комплексное,B
Кольраби,2024-04-30,63,0.55,10.9,7.05,11.3,True,Минеральное,C
Пекинская,2024-07-19,50,1.11,9.5,7.44,8.3,False,Без удобрений,C
Цветная,2025-11-05,71,1.97,20.4,6.4,13.8,False,Комплексное,A
Брокколи,2024-07-12,65,1.78,21.0,6.46,12.4,False,Комплексное,A
Брюссельская,2025-05-20,99,0.7,6.3,6.35,14.7,False,Комплексное,A
Брюссельская,2024-08-19,109,0.37,7.1,5.47,21.3,True,Органическое,D
Савойская,2024-11-26,121,1.72,22.2,6.8,11.6,False,Биоудобрение,B
Пекинская,2024-06-22,57,0.87,15.4,7.21,10.1,False,Органическое,A
Белокочанная,2024-12-02,91,3.49,22.3,6.44,10.8,False,Органическое,A
Цветная,2024-06-28,108,1.25,20.9,7.27,15.1,False,Органическое,B
Кольраби,2026-03-21,56,0.98,14.0,6.6,17.6,False,Минеральное,A
Белокочанная,2026-03-10,121,2.63,16.1,5.32,11.1,False,Минеральное,C
Краснокочанная,2024-06-25,124,0.94,12.0,5.6,10.8,True,Без удобрений,D
Савойская,2026-04-03,97,1.96,24.4,6.84,14.8,False,Минеральное,B
Краснокочанная,2025-07-20,142,2.82,24.2,5.8,13.5,False,Биоудобрение,B
Цветная,2024-08-24,76,1.51,19.6,7.44,15.5,False,Комплексное,A
Краснокочанная,2026-03-05,112,2.92,15.5,5.77,12.8,False,Минеральное,B
Брюссельская,2025-12-12,98,0.81,8.6,5.97,12.9,False,Комплексное,A
Цветная,2024-04-23,93,1.24,11.3,5.63,13.4,False,Органическое,A
Брокколи,2024-04-08,93,0.49,13.4,6.61,15.8,False,Органическое,A
Краснокочанная,2026-03-07,138,1.7,12.5,5.38,15.8,False,Органическое,B
Брокколи,2026-05-04,70,1.58,14.1,5.38,14.6,False,Биоудобрение,B
Брюссельская,2025-03-01,122,1.15,3.8,5.72,11.4,False,Комплексное,A
Брюссельская,2025-03-26,116,0.88,4.8,5.57,9.6,False,Органическое,B
Савойская,2025-12-05,104,1.48,19.8,5.44,15.3,False,Комплексное,B
Пекинская,2026-01-19,64,0.79,11.5,5.91,19.6,False,Комплексное,A
Кольраби,2026-05-18,83,0.77,8.9,5.52,16.4,False,Комплексное,B
Пекинская,2024-06-16,73,0.59,11.4,5.31,16.1,False,Комплексное,B
Краснокочанная,2024-11-11,139,2.62,20.1,5.73,15.8,False,Органическое,A
Савойская,2024-12-19,122,2.5,17.1,6.73,17.1,False,Биоудобрение,A
Брокколи,2025-12-26,72,1.16,9.8,5.39,18.9,False,Минеральное,B
Брокколи,2024-12-28,96,1.28,19.0,7.24,13.6,False,Органическое,A
Цветная,2025-12-02,84,2.18,20.6,5.55,11.6,False,Биоудобрение,B
Пекинская,2024-03-14,53,0.75,16.0,6.97,13.9,False,Минеральное,A
Савойская,2024-09-22,99,1.26,20.0,6.15,11.8,False,Комплексное,A
Белокочанная,2024-08-26,114,4.0,21.2,7.52,13.4,False,Комплексное,A
Кольраби,2026-06-02,89,0.94,13.3,6.7,10.7,False,Комплексное,A
Белокочанная,2025-03-31,95,2.05,12.4,6.5,18.3,True,Минеральное,C
Цветная,2024-11-10,85,0.64,16.7,6.69,7.4,True,Биоудобрение,D
Цветная,2024-09-18,110,1.93,15.2,5.65,17.8,False,Минеральное,B
Цветная,2024-03-02,104,1.06,18.3,5.23,9.2,False,Минеральное,B
Белокочанная,2025-04-30,126,2.92,25.4,7.12,18.1,False,Биоудобрение,B
Брюссельская,2024-04-29,132,1.01,5.9,7.28,14.9,True,Минеральное,C
Пекинская,2025-04-17,57,0.61,9.7,6.42,20.6,False,Органическое,A
Пекинская,2024-03-24,70,1.42,10.3,7.37,9.9,False,Биоудобрение,B
Брюссельская,2024-11-02,97,1.19,5.9,6.53,14.2,False,Без удобрений,A
Краснокочанная,2024-06-19,117,1.09,14.9,7.35,6.9,True,Органическое,D
Пекинская,2024-04-14,71,0.87,11.8,5.32,7.0,False,Органическое,B
Пекинская,2025-11-28,52,0.73,15.8,6.42,10.7,False,Биоудобрение,A
Брюссельская,2025-02-18,103,0.42,6.2,7.38,15.3,False,Органическое,A
Цветная,2025-12-12,116,1.43,16.8,6.39,9.3,False,Без удобрений,A
Белокочанная,2024-03-26,118,3.68,17.0,6.33,14.9,True,Минеральное,C
Кольраби,2025-02-12,70,0.6,7.3,7.18,15.2,False,Минеральное,B
Брюссельская,2025-03-28,103,0.77,7.3,6.03,8.2,False,Комплексное,B
Брокколи,2024-05-25,86,1.52,18.7,6.28,11.2,False,Минеральное,A
Белокочанная,2025-06-09,133,2.23,24.1,5.56,17.3,False,Комплексное,A
Цветная,2025-01-22,93,2.25,13.3,7.09,15.0,False,Органическое,B
Кольраби,2026-04-17,74,0.78,11.3,7.02,14.1,False,Минеральное,B
Савойская,2026-03-15,124,1.67,19.9,5.73,11.1,False,Комплексное,B
Кольраби,2024-08-22,72,0.89,9.5,6.7,12.2,True,Минеральное,C
Брокколи,2025-02-12,93,1.56,16.9,7.35,8.9,False,Комплексное,B
Пекинская,2025-06-02,54,1.27,15.6,6.06,13.0,True,Органическое,C
Кольраби,2025-08-02,68,0.54,13.6,5.36,16.7,False,Комплексное,C
Брокколи,2026-05-11,65,0.48,9.3,7.35,9.4,True,Органическое,D
Кольраби,2025-10-16,70,0.63,9.3,5.87,9.9,False,Биоудобрение,B
Кольраби,2024-05-14,72,0.81,10.6,6.26,10.0,False,Биоудобрение,A
Брюссельская,2026-05-30,125,1.17,7.9,7.47,9.9,False,Органическое,B
Белокочанная,2026-02-03,122,3.7,25.2,5.52,8.1,False,Минеральное,B
Савойская,2025-11-15,113,2.09,12.7,5.9,8.0,False,Без удобрений,C
Пекинская,2025-02-21,77,0.89,12.9,6.67,10.7,False,Биоудобрение,A
Брюссельская,2025-11-17,111,0.89,5.3,6.1,18.2,False,Комплексное,A
Брокколи,2024-12-26,100,0.65,14.9,6.55,16.3,True,Биоудобрение,C
Кольраби,2026-03-04,59,0.52,9.6,5.62,11.4,False,Минеральное,B
Краснокочанная,2025-05-08,114,3.02,18.8,5.42,9.9,False,Органическое,C
Брюссельская,2024-10-18,135,0.77,3.7,5.25,16.0,True,Комплексное,D
Белокочанная,2026-03-24,128,3.85,13.8,7.47,11.1,False,Биоудобрение,B
Пекинская,2025-07-05,76,0.73,11.6,7.01,9.6,True,Комплексное,C
Брюссельская,2025-09-11,97,0.94,4.9,7.07,10.2,False,Органическое,A
Брюссельская,2025-12-10,126,0.72,3.7,7.2,7.9,False,Без удобрений,C
Пекинская,2026-02-08,80,1.22,11.3,6.53,16.1,False,Без удобрений,B
Кольраби,2024-11-28,90,0.67,7.9,5.43,19.7,True,Минеральное,D
Кольраби,2025-06-03,56,0.69,11.8,7.26,13.7,False,Комплексное,A
Брюссельская,2025-07-05,120,0.42,5.8,5.5,10.2,False,Без удобрений,C
Брокколи,2024-08-10,61,0.99,16.6,6.38,11.1,False,Минеральное,A
Цветная,2025-03-05,104,1.6,12.4,5.69,14.0,False,Органическое,A
Кольраби,2026-04-06,72,0.67,8.1,6.19,18.5,False,Органическое,B
Савойская,2024-06-02,125,1.92,20.7,6.85,8.8,False,Биоудобрение,A
Краснокочанная,2025-12-25,105,2.07,15.0,5.44,13.4,False,Без удобрений,C
Брокколи,2024-08-29,95,1.04,16.5,7.1,17.6,False,Комплексное,A
Краснокочанная,2025-11-26,102,1.28,19.6,6.98,16.4,False,Без удобрений,B
Краснокочанная,2025-02-04,134,2.42,16.8,6.24,16.7,True,Комплексное,C
Цветная,2024-12-30,102,1.16,11.5,6.02,19.7,True,Без удобрений,D
Брюссельская,2025-12-31,113,0.55,8.2,6.12,2.0,False,Минеральное,B
Пекинская,2024-04-03,57,1.51,15.0,7.36,15.7,False,Комплексное,B
Цветная,2026-03-30,97,1.9,17.6,5.93,7.6,False,Минеральное,B
Савойская,2024-12-15,125,1.94,14.3,5.72,11.4,True,Комплексное,C
Пекинская,2024-09-14,75,1.53,9.3,6.45,11.3,True,Органическое,B
Брюссельская,2026-04-29,122,1.08,3.5,7.33,7.1,False,Органическое,B
Савойская,2024-10-31,125,1.85,15.9,5.93,15.9,True,Биоудобрение,C
Пекинская,2024-07-29,58,0.61,9.5,7.52,13.9,False,Минеральное,B
Краснокочанная,2024-05-21,113,2.37,22.7,6.81,13.9,False,Органическое,A
Цветная,2024-08-10,77,1.12,14.2,5.47,13.8,False,Органическое,B
Брокколи,2024-08-10,95,1.74,20.2,6.64,12.3,False,Органическое,A
Савойская,2024-12-04,114,1.24,16.7,5.24,13.8,False,Биоудобрение,B
Пекинская,2026-05-28,61,0.75,13.9,7.07,12.8,False,Минеральное,A
Брокколи,2025-07-25,80,1.18,12.2,6.24,12.0,False,Комплексное,A
Кольраби,2025-04-14,78,0.77,11.4,6.44,20.7,False,Комплексное,A
Савойская,2026-05-20,124,2.6,15.8,6.7,12.9,False,Минеральное,A
Брюссельская,2025-11-21,124,0.65,3.5,7.45,19.2,False,Биоудобрение,C
Белокочанная,2025-10-15,105,2.32,14.8,5.32,19.4,False,Органическое,B
Брюссельская,2025-08-07,119,0.68,3.5,5.73,15.5,False,Без удобрений,B
Цветная,2025-03-19,104,1.68,15.8,6.68,9.4,False,Комплексное,A
Пекинская,2024-04-01,66,1.12,17.4,7.07,13.9,False,Комплексное,A
Пекинская,2025-09-18,76,0.57,15.8,5.76,15.3,False,Органическое,B
Кольраби,2024-09-08,88,0.84,8.9,6.46,17.4,False,Биоудобрение,B
Кольраби,2024-07-21,85,0.72,8.8,7.26,13.0,True,Комплексное,C
Краснокочанная,2024-08-25,136,1.43,23.0,7.41,15.3,False,Минеральное,B
Краснокочанная,2025-05-16,129,2.94,16.5,7.42,12.7,False,Биоудобрение,B
Брокколи,2025-04-27,101,0.8,13.8,5.56,6.1,True,Без удобрений,D
Брюссельская,2024-10-10,92,0.78,6.7,6.64,11.8,False,Без удобрений,B
Цветная,2025-05-29,113,1.38,22.6,6.59,8.3,False,Минеральное,B
Белокочанная,2026-01-09,100,3.21,24.9,6.93,14.4,True,Комплексное,B
Кольраби,2025-12-25,70,0.3,10.9,7.27,11.7,False,Комплексное,A
Краснокочанная,2024-09-07,145,1.92,16.1,6.39,7.3,False,Комплексное,A
Цветная,2025-12-08,112,1.43,10.3,5.59,17.4,True,Органическое,D
Краснокочанная,2025-04-22,103,2.16,19.8,6.3,17.0,False,Минеральное,A
Цветная,2025-09-05,93,2.46,22.9,6.49,13.3,False,Минеральное,A
Белокочанная,2025-01-15,121,1.83,19.0,6.7,15.6,True,Биоудобрение,C
Кольраби,2025-10-21,88,0.66,10.6,7.37,14.2,False,Органическое,A
Брюссельская,2025-03-27,95,1.05,6.8,5.91,13.1,False,Комплексное,A
Кольраби,2025-04-22,81,1.08,9.4,5.84,15.3,False,Комплексное,B
Пекинская,2025-03-08,67,1.15,11.4,6.67,12.4,False,Комплексное,A
Кольраби,2025-01-28,73,0.99,7.5,5.65,17.3,False,Минеральное,C
Цветная,2024-10-24,108,0.79,16.9,5.93,5.7,False,Комплексное,B
Брюссельская,2025-04-16,94,1.08,8.7,5.74,12.4,False,Комплексное,A
Пекинская,2024-05-24,68,1.36,16.4,6.35,12.7,False,Минеральное,A
Брюссельская,2024-12-20,98,0.39,6.5,6.88,14.2,False,Без удобрений,B
Цветная,2025-10-15,110,1.26,16.5,7.14,16.2,False,Без удобрений,B
Краснокочанная,2024-07-14,103,1.79,20.5,6.2,11.7,False,Минеральное,A
Савойская,2024-11-04,107,2.12,18.6,7.21,12.9,False,Комплексное,A
Белокочанная,2026-01-06,129,1.41,25.3,5.27,11.9,False,Минеральное,B
Пекинская,2024-08-12,66,0.6,9.0,5.29,14.5,False,Без удобрений,B
Пекинская,2024-12-01,62,0.56,13.1,6.86,9.0,False,Биоудобрение,B
Брюссельская,2024-05-08,100,0.37,6.9,5.23,10.9,False,Органическое,B
Савойская,2024-03-15,104,1.6,19.9,6.18,3.3,False,Минеральное,B
Белокочанная,2025-10-01,104,2.59,16.2,5.28,16.6,False,Биоудобрение,B
Краснокочанная,2025-08-19,145,3.12,21.1,6.39,18.5,False,Минеральное,A
Брюссельская,2024-11-25,114,1.19,6.7,6.95,13.7,False,Минеральное,A
Брюссельская,2025-06-11,119,0.41,4.7,6.3,13.7,False,Биоудобрение,A
Брюссельская,2026-03-12,126,1.14,5.9,6.45,20.3,False,Комплексное,B
Пекинская,2025-04-10,66,1.58,15.8,5.53,5.4,False,Комплексное,B
Цветная,2024-11-10,79,1.19,18.4,6.03,8.9,False,Без удобрений,B
Белокочанная,2024-12-13,92,2.52,14.5,7.45,15.8,False,Органическое,B
Пекинская,2025-04-18,59,1.06,15.2,5.55,10.6,False,Комплексное,A
Савойская,2025-02-16,122,2.26,15.1,7.02,13.0,False,Органическое,B
Кольраби,2024-08-19,86,0.26,8.6,7.56,14.2,True,Комплексное,C
Савойская,2025-01-29,96,0.98,19.8,6.48,18.7,False,Органическое,A
Цветная,2024-04-28,103,0.92,13.2,6.63,14.3,False,Органическое,A
Брюссельская,2025-03-31,118,1.08,5.5,7.33,12.6,False,Минеральное,A
Брюссельская,2025-10-14,105,1.11,8.1,5.96,14.4,False,Комплексное,A
Брокколи,2024-10-06,70,1.08,13.2,6.3,8.2,False,Комплексное,A
Кольраби,2026-05-29,86,0.6,8.2,6.76,12.4,False,Органическое,A
Кольраби,2024-08-09,89,0.53,12.1,6.27,9.3,False,Минеральное,B
Савойская,2025-04-06,127,2.13,12.2,5.42,2.0,False,Биоудобрение,D
Пекинская,2025-06-04,72,1.37,16.9,7.46,7.3,False,Минеральное,B
Белокочанная,2025-08-28,125,3.37,17.1,6.61,13.0,False,Минеральное,A
Краснокочанная,2026-02-16,139,1.36,18.6,7.59,13.4,False,Комплексное,B
Краснокочанная,2025-11-27,122,1.35,20.7,6.71,9.9,False,Без удобрений,B
Кольраби,2026-03-04,63,1.03,10.5,6.38,14.0,False,Органическое,A
Брокколи,2024-04-21,77,0.83,16.4,5.39,14.7,False,Биоудобрение,B
Брокколи,2026-03-09,83,1.26,11.3,5.72,14.7,False,Органическое,B
Кольраби,2025-06-30,82,0.65,8.2,7.14,8.4,False,Органическое,A
Цветная,2025-04-27,105,1.44,22.5,5.96,15.0,False,Комплексное,A
Пекинская,2024-09-23,76,1.2,10.8,6.93,12.2,False,Органическое,A
Пекинская,2025-05-26,66,1.15,15.4,6.91,9.0,False,Без удобрений,B
Цветная,2024-03-05,114,1.22,21.5,6.48,18.4,False,Минеральное,B
Брюссельская,2026-02-23,108,0.56,8.5,5.97,6.5,False,Комплексное,B
Цветная,2026-05-31,113,1.34,20.5,5.82,16.5,False,Минеральное,B
Краснокочанная,2026-01-29,143,1.15,19.5,5.52,9.1,False,Органическое,B
Краснокочанная,2025-07-19,130,2.62,14.1,5.49,11.2,False,Комплексное,A
Кольраби,2025-01-20,67,0.72,10.7,7.14,8.9,True,Органическое,C
Брокколи,2025-05-31,66,0.89,10.9,6.03,6.2,False,Минеральное,C
Краснокочанная,2024-08-25,131,1.64,18.7,7.52,10.0,True,Комплексное,C
Брокколи,2026-04-08,75,0.94,12.4,5.7,15.0,False,Органическое,B
Кольраби,2025-12-26,85,0.66,13.1,7.28,13.7,False,Минеральное,A
Краснокочанная,2026-06-10,147,1.57,16.9,5.48,13.4,True,Без удобрений,D
Кольраби,2026-04-05,79,0.31,11.7,6.23,7.4,False,Без удобрений,B
Кольраби,2024-08-23,61,0.73,6.6,7.58,14.0,True,Комплексное,D
Краснокочанная,2025-10-11,113,2.48,22.1,5.68,7.8,False,Органическое,B
Кольраби,2024-06-17,58,0.8,10.1,7.17,18.5,False,Биоудобрение,A
Брокколи,2025-09-03,91,0.67,15.1,5.26,17.5,False,Биоудобрение,B
Краснокочанная,2024-08-08,136,1.29,18.1,5.8,19.6,False,Минеральное,B
Цветная,2025-04-11,93,1.59,17.5,7.46,13.3,False,Минеральное,B
Брюссельская,2025-10-31,127,0.42,8.3,7.18,12.7,True,Комплексное,C
Брюссельская,2024-12-25,92,0.71,3.9,5.4,8.2,False,Минеральное,C
Краснокочанная,2026-03-10,133,2.53,22.8,6.36,11.8,False,Органическое,A
Савойская,2025-04-21,128,1.28,15.9,6.4,17.1,False,Органическое,B
Белокочанная,2024-11-29,108,1.39,12.0,5.36,2.0,True,Минеральное,D
Брюссельская,2025-07-06,124,1.28,7.7,6.64,17.6,False,Минеральное,B
Кольраби,2026-05-09,56,0.42,9.0,5.84,13.8,False,Комплексное,B
Пекинская,2025-06-30,81,0.59,10.2,5.56,13.7,True,Биоудобрение,C
Белокочанная,2026-01-14,116,3.54,17.9,7.2,17.0,False,Комплексное,A
Цветная,2026-02-20,88,2.2,21.0,6.73,12.9,False,Комплексное,A
Краснокочанная,2026-04-30,142,1.22,17.8,6.46,19.0,False,Без удобрений,B
Савойская,2024-07-13,116,1.41,11.3,5.65,17.5,True,Биоудобрение,D
Брокколи,2025-08-15,69,1.6,11.8,6.12,13.4,False,Комплексное,A
Брокколи,2025-04-08,66,1.28,19.4,6.79,12.4,False,Биоудобрение,A
Брокколи,2025-04-01,91,1.02,11.1,7.28,8.7,False,Органическое,B
Пекинская,2025-12-17,47,1.24,15.1,7.07,2.0,False,Биоудобрение,B
Цветная,2026-02-04,95,2.06,12.9,7.0,10.6,False,Органическое,A
Цветная,2024-11-25,86,1.42,15.7,5.62,16.6,False,Биоудобрение,B
Цветная,2024-03-21,96,2.49,15.7,6.65,14.4,False,Минеральное,A
Брюссельская,2025-10-14,113,0.48,4.9,6.72,16.5,True,Комплексное,B
Цветная,2024-10-15,97,1.07,16.9,6.88,11.3,False,Органическое,A
Брюссельская,2025-08-06,111,0.81,5.0,7.05,15.2,True,Минеральное,C
Краснокочанная,2024-06-08,107,2.16,16.0,6.51,13.8,False,Минеральное,A
Краснокочанная,2026-03-18,139,1.57,16.9,6.96,11.2,False,Биоудобрение,A
Брюссельская,2024-04-13,126,0.57,3.3,5.69,9.3,True,Без удобрений,D
Брокколи,2024-07-26,63,1.36,10.2,5.74,11.0,False,Биоудобрение,B
Савойская,2024-05-09,112,2.19,15.7,6.38,7.0,False,Биоудобрение,A
Кольраби,2024-03-25,71,0.9,12.4,7.01,13.4,False,Без удобрений,A
Брокколи,2025-02-24,101,1.01,12.3,7.42,13.9,False,Без удобрений,B
Краснокочанная,2026-05-27,129,3.01,19.5,6.41,16.2,False,Комплексное,A
Брокколи,2024-05-19,72,1.22,17.0,5.77,17.0,True,Минеральное,C
Савойская,2024-11-29,130,1.76,14.7,5.61,11.6,False,Биоудобрение,B
Савойская,2025-05-27,100,1.31,15.4,6.64,12.6,False,Минеральное,A
Брокколи,2024-09-23,78,0.95,14.0,5.32,10.6,False,Биоудобрение,B
Пекинская,2025-12-15,54,1.49,17.2,7.54,18.1,False,Комплексное,B
Белокочанная,2024-12-25,132,2.85,20.6,6.62,24.9,False,Органическое,B
Савойская,2026-01-12,107,1.35,21.6,6.03,11.1,False,Минеральное,A
Белокочанная,2025-04-26,121,3.61,26.0,7.15,8.4,False,Биоудобрение,A
Краснокочанная,2026-02-11,116,1.89,10.8,7.2,15.2,True,Без удобрений,D
Цветная,2026-05-10,77,1.67,13.5,6.57,18.6,False,Минеральное,B
Савойская,2025-02-17,105,1.14,14.8,5.33,6.3,False,Без удобрений,D
Цветная,2025-11-15,72,0.85,14.3,5.62,15.9,False,Комплексное,A
Брюссельская,2025-11-16,105,0.7,6.6,5.25,13.1,False,Минеральное,B
Пекинская,2024-05-17,46,1.07,9.6,6.89,19.8,False,Минеральное,B
Брокколи,2025-06-26,82,1.59,18.6,6.69,11.9,False,Органическое,A
Краснокочанная,2025-10-03,122,1.72,13.7,5.26,10.1,True,Биоудобрение,D
Пекинская,2025-06-20,52,0.56,9.8,5.64,11.8,False,Органическое,B
Белокочанная,2024-03-26,116,1.5,20.9,6.53,13.7,False,Минеральное,A
Белокочанная,2025-08-21,93,2.77,28.2,6.46,12.8,False,Минеральное,A
Савойская,2025-08-23,130,2.1,18.5,5.25,14.1,False,Органическое,B
Брокколи,2026-05-21,70,0.82,17.5,5.97,9.1,False,Органическое,A
Савойская,2026-06-03,109,2.25,15.7,5.39,18.8,False,Органическое,B
Белокочанная,2024-11-24,140,1.85,22.1,7.34,15.3,False,Органическое,B
Цветная,2026-01-15,93,1.74,11.9,6.82,9.1,False,Биоудобрение,B
Краснокочанная,2025-01-24,128,1.94,22.7,6.06,16.1,False,Биоудобрение,B
Кольраби,2025-10-04,82,0.5,7.4,6.49,10.4,True,Органическое,B
Брокколи,2025-03-29,68,1.44,9.0,6.65,16.0,True,Органическое,C
Брюссельская,2025-03-15,124,1.07,5.8,6.31,6.6,False,Биоудобрение,A
Цветная,2025-10-06,107,0.77,17.0,7.31,12.1,True,Комплексное,B
Брюссельская,2025-10-09,118,0.57,5.8,5.7,13.3,False,Без удобрений,B
Пекинская,2025-05-23,62,0.57,9.0,7.52,10.5,False,Минеральное,B
Белокочанная,2026-05-08,111,3.2,21.3,5.93,15.3,True,Минеральное,C
Пекинская,2024-07-04,45,1.5,11.4,6.15,5.6,False,Органическое,B
Савойская,2026-03-16,98,1.56,14.8,5.52,8.8,False,Комплексное,B
Савойская,2024-07-22,134,1.53,18.3,5.45,5.8,False,Без удобрений,D
Белокочанная,2024-03-25,101,3.45,15.1,6.84,5.6,False,Комплексное,A
Брюссельская,2024-11-11,102,0.37,6.1,6.81,7.4,True,Минеральное,D
Савойская,2025-04-20,106,1.56,17.6,7.34,15.2,False,Биоудобрение,B
Белокочанная,2026-04-23,133,3.79,22.0,6.61,12.7,False,Минеральное,A
Савойская,2025-08-26,103,1.45,21.2,6.91,13.7,False,Комплексное,A
Брокколи,2025-01-25,69,1.37,17.5,7.14,3.6,False,Комплексное,B
Брокколи,2024-11-08,85,1.34,12.0,6.96,12.1,False,Органическое,A
Брюссельская,2024-09-13,118,1.08,5.8,5.34,12.1,False,Минеральное,B
Белокочанная,2025-02-02,101,2.08,17.4,6.38,10.7,False,Комплексное,A
Краснокочанная,2025-10-27,112,2.13,19.8,5.29,13.1,True,Биоудобрение,C
Цветная,2024-06-05,92,1.26,10.9,6.1,15.4,True,Минеральное,C
Савойская,2024-07-18,125,1.62,15.7,7.0,14.7,False,Минеральное,A
Савойская,2025-08-18,132,2.47,22.5,5.65,16.7,False,Биоудобрение,B
Савойская,2024-07-07,95,2.52,20.9,6.8,11.4,False,Комплексное,A
Савойская,2024-06-27,102,1.75,17.9,6.32,16.5,True,Минеральное,C
Краснокочанная,2025-08-08,122,2.71,12.6,5.81,10.9,False,Без удобрений,B
Цветная,2024-10-18,95,1.55,20.7,5.71,7.0,False,Минеральное,B
Краснокочанная,2024-07-06,114,2.41,17.9,5.81,8.5,False,Комплексное,B
Брюссельская,2025-10-04,130,0.92,8.4,5.71,13.4,False,Биоудобрение,B
Брюссельская,2024-09-28,125,0.73,5.6,5.28,9.6,False,Комплексное,B
Белокочанная,2024-11-26,111,2.11,26.2,5.81,14.0,False,Комплексное,B
Брюссельская,2025-09-22,110,1.07,5.0,5.48,16.3,False,Комплексное,A
Кольраби,2024-08-30,73,0.42,7.6,7.14,15.8,False,Комплексное,A
Цветная,2025-03-01,111,1.65,16.5,6.32,14.2,False,Биоудобрение,A
Савойская,2024-12-28,104,2.59,19.4,7.11,12.0,False,Комплексное,B
Кольраби,2025-07-24,62,0.41,11.4,7.6,12.8,False,Органическое,B
Брокколи,2025-03-21,85,0.8,14.2,6.2,12.9,False,Биоудобрение,A
Брокколи,2024-08-05,68,1.55,18.2,6.05,11.0,False,Органическое,A
Краснокочанная,2025-06-11,133,1.31,14.1,5.5,13.6,False,Биоудобрение,B
Брюссельская,2025-10-11,97,0.7,4.1,5.73,22.0,False,Минеральное,B
Кольраби,2026-01-02,85,1.21,13.2,6.48,13.1,False,Минеральное,A
Пекинская,2025-11-29,46,0.68,11.7,6.54,7.2,False,Комплексное,A
Краснокочанная,2026-02-23,106,1.79,18.9,7.25,17.0,False,Биоудобрение,B
Кольраби,2025-07-03,77,0.8,6.2,6.33,10.6,True,Без удобрений,C
Белокочанная,2024-09-13,126,3.52,26.7,5.88,14.9,False,Комплексное,A
Брокколи,2024-07-03,76,1.17,15.3,6.58,8.4,False,Комплексное,A
Краснокочанная,2024-11-29,101,1.26,17.2,5.73,21.5,False,Органическое,B
Брюссельская,2026-03-29,120,1.3,8.9,5.82,12.8,False,Минеральное,A
Брокколи,2025-12-25,60,1.75,14.4,6.52,14.0,False,Минеральное,A
Краснокочанная,2025-02-02,149,2.73,17.0,7.35,10.3,False,Минеральное,B
Белокочанная,2026-02-05,113,1.07,17.8,5.32,11.8,True,Органическое,C
Брюссельская,2024-07-31,127,1.36,7.6,5.48,12.7,False,Комплексное,A
Брокколи,2024-05-12,97,1.78,13.0,6.05,12.1,False,Органическое,B
Краснокочанная,2025-06-19,135,1.59,21.2,6.71,19.7,False,Комплексное,B
Цветная,2024-09-08,109,1.33,20.6,7.24,10.3,False,Органическое,B
Савойская,2026-05-03,118,1.73,19.9,5.44,18.0,False,Комплексное,B
Кольраби,2025-06-07,73,0.79,12.1,6.64,19.0,True,Биоудобрение,C
Цветная,2025-05-22,87,2.46,16.9,6.66,13.9,False,Минеральное,A
Брюссельская,2024-06-30,96,0.88,4.1,7.58,13.2,False,Комплексное,B
Белокочанная,2026-02-20,102,3.09,17.9,5.48,12.7,False,Без удобрений,B
Краснокочанная,2024-10-24,107,1.72,20.4,5.82,6.0,False,Без удобрений,C
Брокколи,2025-06-06,100,1.14,9.8,6.36,20.1,False,Без удобрений,B
Кольраби,2025-03-31,87,0.69,7.8,5.42,21.7,False,Без удобрений,C
Брюссельская,2024-12-30,91,0.49,7.7,6.4,14.9,False,Минеральное,A
Брюссельская,2025-08-15,96,1.15,5.9,6.61,9.8,False,Минеральное,A
Пекинская,2024-09-15,72,0.91,12.6,5.93,2.8,False,Комплексное,B
Белокочанная,2025-11-10,108,2.64,17.0,5.82,12.0,False,Комплексное,A
Савойская,2025-01-30,136,2.22,19.7,5.62,9.4,False,Комплексное,B
Брокколи,2024-04-04,95,0.43,17.3,5.37,14.3,True,Комплексное,C
Кольраби,2024-06-20,72,0.29,7.6,6.55,8.1,False,Без удобрений,B
Брюссельская,2025-02-11,127,1.01,4.0,5.97,10.3,True,Комплексное,C
Краснокочанная,2025-06-12,143,2.07,22.8,5.71,15.3,False,Комплексное,A
Брюссельская,2024-05-03,111,0.71,4.8,5.84,11.0,True,Комплексное,C
Белокочанная,2024-05-17,103,2.52,17.3,5.68,13.7,False,Комплексное,A
Кольраби,2024-11-14,65,0.62,8.4,5.47,19.0,False,Комплексное,B
Брокколи,2024-11-13,100,1.46,10.3,5.52,15.8,False,Комплексное,B
Савойская,2025-06-25,113,2.14,17.9,5.97,12.9,False,Комплексное,A
Цветная,2026-03-12,98,1.64,19.6,5.26,16.5,False,Минеральное,B
Брокколи,2024-07-28,67,1.64,15.7,5.36,12.0,False,Минеральное,B
Белокочанная,2025-01-04,133,3.12,26.9,6.62,12.4,False,Комплексное,A
Брюссельская,2025-02-16,100,0.71,7.0,5.52,14.4,True,Органическое,C
Кольраби,2025-09-13,83,0.74,11.1,6.52,12.5,True,Минеральное,C
Цветная,2024-12-28,78,1.64,14.1,7.36,15.2,False,Минеральное,B
Брюссельская,2025-01-09,97,0.37,5.9,6.56,6.3,False,Минеральное,B
Брокколи,2025-08-26,77,1.33,9.4,5.34,19.1,False,Минеральное,C
Брокколи,2025-11-02,78,0.85,11.8,7.04,16.8,True,Комплексное,C
Белокочанная,2025-03-28,130,3.08,20.8,6.87,13.2,False,Минеральное,B
Белокочанная,2024-06-03,121,1.92,26.8,6.32,13.4,False,Комплексное,A
Цветная,2024-12-20,86,1.39,20.4,6.81,14.0,True,Органическое,B
Цветная,2024-05-16,107,0.82,17.4,6.99,12.6,False,Органическое,A
Брокколи,2026-01-26,98,1.08,13.4,5.4,13.0,False,Органическое,B
Пекинская,2024-05-27,45,1.9,13.1,6.93,12.6,False,Биоудобрение,A
Брокколи,2024-04-04,76,0.65,11.3,5.23,18.5,False,Комплексное,B
Цветная,2025-06-08,120,1.15,17.5,5.24,12.0,False,Биоудобрение,C
Цветная,2025-01-13,103,1.94,16.5,6.38,17.0,False,Органическое,A
Пекинская,2025-04-05,57,0.73,12.3,5.42,8.6,True,Без удобрений,D
Краснокочанная,2026-04-22,146,1.05,19.4,6.18,6.6,True,Биоудобрение,D
Пекинская,2025-04-29,58,1.59,11.2,7.05,16.6,False,Комплексное,B
Савойская,2026-06-10,96,1.23,14.1,6.0,12.1,False,Комплексное,A
Кольраби,2026-04-24,59,0.51,13.6,6.43,13.3,False,Комплексное,A
Кольраби,2026-02-10,85,0.31,12.5,6.56,11.6,False,Без удобрений,A
Пекинская,2024-08-06,70,1.01,13.5,7.18,6.8,False,Биоудобрение,B
Краснокочанная,2026-05-22,112,2.57,17.1,7.22,15.6,False,Органическое,A
Кольраби,2024-03-17,88,0.93,7.3,7.23,16.0,False,Биоудобрение,A
Кольраби,2025-05-13,81,0.59,12.4,5.59,15.2,False,Минеральное,A
Белокочанная,2026-05-01,131,3.5,20.3,5.41,8.0,False,Органическое,B
Брокколи,2024-07-30,86,1.26,11.4,5.58,12.5,False,Биоудобрение,B
Пекинская,2025-12-28,58,0.87,11.2,7.28,10.0,False,Комплексное,A
Цветная,2025-04-06,71,1.02,12.5,7.23,28.0,False,Без удобрений,C
Цветная,2024-09-27,74,2.08,20.9,5.85,17.2,False,Органическое,B
Белокочанная,2024-12-18,112,2.22,17.9,7.1,15.8,True,Минеральное,C
Цветная,2025-03-29,117,1.25,18.7,7.45,11.3,False,Комплексное,B
Пекинская,2026-03-16,55,1.42,11.1,7.04,6.9,True,Биоудобрение,D
Савойская,2024-06-28,123,1.68,23.7,6.62,16.6,False,Минеральное,A
Цветная,2025-12-15,88,2.06,19.1,6.94,17.0,False,Биоудобрение,B
Белокочанная,2024-03-20,115,3.13,22.5,5.87,8.0,False,Комплексное,A
Кольраби,2025-04-27,83,1.19,12.5,6.29,16.3,False,Комплексное,A
Кольраби,2025-05-17,83,0.45,9.2,7.09,15.7,False,Биоудобрение,A
Брюссельская,2024-05-19,130,0.82,5.3,7.6,12.2,True,Комплексное,C
Краснокочанная,2024-06-04,123,1.32,21.9,6.42,13.0,True,Комплексное,B
Пекинская,2024-04-04,72,2.11,17.6,6.48,9.1,False,Комплексное,A
Цветная,2024-06-16,74,2.27,19.0,5.99,12.5,False,Органическое,A
Савойская,2024-03-01,130,1.74,13.1,5.39,15.7,True,Без удобрений,C
Брюссельская,2025-05-11,97,1.04,4.6,6.66,8.5,False,Органическое,A
Цветная,2024-03-28,118,1.32,16.5,5.47,12.9,False,Комплексное,A
Брюссельская,2026-04-10,101,0.93,5.5,5.54,7.9,False,Органическое,B
Брокколи,2024-10-24,82,0.98,15.4,5.98,11.3,False,Комплексное,A
Савойская,2025-10-01,117,1.68,16.3,6.11,16.4,False,Органическое,A
Брокколи,2026-06-07,89,0.6,13.3,7.25,16.6,True,Органическое,D
Брюссельская,2025-12-26,106,0.74,7.1,6.25,9.3,True,Биоудобрение,D
Цветная,2025-12-29,104,2.27,20.3,6.57,7.1,False,Комплексное,A
Кольраби,2026-05-12,74,0.31,6.8,6.26,14.6,False,Биоудобрение,A
Брокколи,2024-11-16,69,0.86,16.6,6.43,9.1,False,Без удобрений,B
Брюссельская,2026-04-26,125,0.63,8.5,6.83,11.3,False,Комплексное,A
Краснокочанная,2024-10-22,149,1.69,14.2,7.53,6.7,False,Биоудобрение,C
Краснокочанная,2024-08-17,128,2.6,17.8,6.84,9.0,True,Минеральное,C
Пекинская,2025-02-07,48,0.88,11.2,6.64,20.5,False,Органическое,B
Кольраби,2025-09-20,79,0.66,9.3,6.84,16.1,False,Без удобрений,A
Брокколи,2025-06-17,95,0.77,16.2,5.57,14.5,False,Комплексное,B
Брокколи,2025-07-24,63,0.6,16.0,5.24,15.9,False,Комплексное,B
Цветная,2024-12-29,91,1.28,16.3,7.02,7.3,False,Без удобрений,B
Цветная,2025-05-23,111,2.16,13.5,6.91,4.9,False,Минеральное,B
Белокочанная,2024-09-24,127,3.01,21.4,7.45,22.9,False,Органическое,C
Белокочанная,2026-02-06,110,3.8,23.7,7.57,14.6,False,Органическое,B
Брокколи,2025-07-15,80,0.51,19.0,5.47,16.9,False,Комплексное,B
Савойская,2024-12-06,125,1.72,21.6,5.77,13.1,False,Минеральное,B
Пекинская,2025-05-26,72,1.11,10.8,7.4,9.8,False,Комплексное,B
Кольраби,2026-03-09,77,0.81,11.2,6.94,10.8,False,Органическое,A
Цветная,2025-01-29,106,1.08,19.5,6.92,10.0,False,Без удобрений,B
Белокочанная,2024-05-31,131,3.1,21.4,5.23,9.1,False,Минеральное,B
Краснокочанная,2026-01-12,124,2.18,25.6,6.48,11.9,False,Минеральное,A
Краснокочанная,2025-01-21,134,1.51,18.8,5.21,8.2,False,Минеральное,B
Брюссельская,2024-10-03,101,0.44,5.9,5.44,10.2,False,Органическое,B
Брокколи,2026-02-05,62,1.32,14.0,5.63,13.1,False,Биоудобрение,B
Савойская,2024-07-11,114,2.26,18.6,5.89,13.4,False,Биоудобрение,A
Пекинская,2024-08-10,58,0.69,13.5,5.53,10.3,True,Органическое,C
Кольраби,2025-10-15,62,0.99,6.6,7.08,18.5,False,Комплексное,A
Кольраби,2025-05-25,95,0.86,10.1,5.57,8.5,True,Комплексное,C
Пекинская,2024-08-21,49,0.59,12.0,5.29,22.6,False,Комплексное,C
Кольраби,2025-03-13,81,0.65,9.5,5.5,12.0,False,Биоудобрение,B
Брокколи,2025-07-28,89,1.05,17.6,7.24,20.4,False,Минеральное,B
Савойская,2024-08-09,106,1.36,18.7,7.13,16.1,False,Биоудобрение,A
Брюссельская,2025-12-05,132,0.63,7.7,5.6,12.8,False,Органическое,B
Краснокочанная,2026-05-09,144,1.15,16.5,7.12,14.8,False,Минеральное,A
Краснокочанная,2024-11-28,131,2.24,13.8,5.46,11.5,False,Органическое,B
Цветная,2024-11-07,99,2.14,18.4,7.44,15.6,False,Минеральное,B
Брокколи,2026-01-28,71,0.59,14.4,5.63,17.2,True,Без удобрений,D
Белокочанная,2024-11-28,124,3.1,27.0,7.42,16.9,False,Комплексное,B
Пекинская,2024-07-03,61,1.33,11.2,7.02,14.4,False,Органическое,B
Кольраби,2025-10-21,66,0.62,12.8,6.88,11.1,False,Биоудобрение,A
Брюссельская,2026-05-29,121,1.12,8.3,6.2,10.2,False,Органическое,A
Савойская,2025-05-04,137,1.72,18.5,5.36,16.2,False,Биоудобрение,B
Брюссельская,2025-06-04,104,1.11,7.5,6.59,14.3,False,Комплексное,A
Кольраби,2025-07-12,67,0.67,8.8,7.57,15.7,False,Минеральное,B
Брокколи,2026-06-04,75,0.63,12.9,6.46,13.2,True,Комплексное,B
Кольраби,2025-04-18,73,0.79,11.2,7.51,23.5,False,Биоудобрение,C
Пекинская,2025-01-04,64,0.64,14.3,6.64,7.8,False,Комплексное,A
Белокочанная,2024-08-09,92,2.83,14.3,6.86,5.9,False,Минеральное,B
Брокколи,2024-05-07,93,0.51,12.4,5.89,15.9,True,Органическое,C
Савойская,2026-02-11,112,1.04,12.9,5.27,18.4,False,Минеральное,B
Цветная,2025-08-01,75,1.93,12.9,5.89,16.4,False,Минеральное,B
Кольраби,2024-04-03,55,0.48,12.0,6.18,15.4,False,Комплексное,B
Брокколи,2024-08-07,90,0.76,18.9,6.99,4.9,False,Минеральное,B
Белокочанная,2026-03-11,123,2.06,18.1,7.03,13.5,False,Органическое,A
Савойская,2025-03-18,121,1.8,18.4,5.28,18.2,False,Комплексное,B
Белокочанная,2024-07-26,99,1.7,14.9,6.14,13.9,True,Комплексное,B
Краснокочанная,2025-10-09,118,1.39,20.5,6.75,13.4,False,Без удобрений,B
Пекинская,2024-11-26,68,0.75,13.6,5.32,5.4,True,Комплексное,D
Кольраби,2025-12-03,85,0.98,10.9,5.87,11.3,False,Без удобрений,B
Брюссельская,2024-05-22,95,1.23,3.9,5.51,9.8,False,Минеральное,B
Брюссельская,2024-07-22,105,0.66,7.0,5.53,4.6,False,Комплексное,B
Брокколи,2026-01-08,74,1.32,9.1,6.93,10.7,True,Органическое,C
Кольраби,2024-12-29,55,0.65,8.9,7.1,3.3,False,Органическое,C
Брюссельская,2024-12-12,116,0.66,5.9,5.53,15.5,True,Биоудобрение,D
Краснокочанная,2025-01-20,150,2.74,23.6,6.59,8.8,False,Органическое,A
Брокколи,2024-08-25,69,0.49,13.0,7.09,10.2,False,Без удобрений,B
Пекинская,2025-01-31,83,0.72,12.2,5.22,16.0,False,Комплексное,B
Краснокочанная,2024-12-06,138,1.16,16.7,6.06,15.6,True,Минеральное,B
Савойская,2025-10-11,103,1.15,10.4,7.44,9.4,True,Без удобрений,D
Цветная,2025-05-29,106,1.04,15.9,6.27,18.6,False,Биоудобрение,A
Савойская,2026-05-17,115,1.33,13.5,7.29,9.6,False,Органическое,B
Пекинская,2024-05-18,56,1.36,15.4,7.55,13.8,True,Минеральное,C
Пекинская,2025-02-27,53,1.5,14.5,5.32,17.5,False,Минеральное,B
Цветная,2026-05-24,100,0.85,19.7,6.76,12.9,False,Биоудобрение,A
Брокколи,2024-11-17,86,1.64,10.1,7.55,14.9,False,Органическое,B
Брокколи,2026-02-08,102,1.09,11.8,7.55,16.2,True,Органическое,D
Кольраби,2024-12-25,77,0.58,8.6,5.56,12.3,True,Биоудобрение,C
Краснокочанная,2024-06-17,138,2.82,17.1,6.53,10.0,False,Минеральное,A
Брюссельская,2026-05-13,105,0.87,4.5,7.46,18.1,False,Органическое,B
Краснокочанная,2026-05-17,105,2.23,19.4,5.79,11.0,False,Без удобрений,B
Брокколи,2024-11-16,92,0.88,16.5,6.35,10.2,False,Минеральное,A
Савойская,2024-03-03,101,1.05,22.7,5.49,12.0,False,Комплексное,A
Пекинская,2025-08-21,59,0.6,12.9,6.01,2.0,False,Без удобрений,C
Белокочанная,2025-03-08,105,2.99,18.5,5.31,17.8,False,Минеральное,B
Брюссельская,2024-08-12,110,0.58,7.7,5.8,15.3,False,Органическое,A
Брокколи,2025-03-12,84,1.04,10.7,5.44,11.1,False,Без удобрений,C
Брокколи,2025-06-06,80,0.74,14.3,6.28,13.6,False,Без удобрений,B
Цветная,2026-04-15,78,1.54,15.3,5.27,12.4,False,Без удобрений,B
Брокколи,2026-02-28,75,1.25,12.7,6.66,13.5,False,Органическое,A
Кольраби,2025-02-01,67,0.64,12.9,6.11,7.1,False,Комплексное,A
Белокочанная,2024-04-24,128,1.57,13.9,5.71,18.1,False,Без удобрений,C
Цветная,2024-08-14,102,2.46,22.3,6.7,8.9,False,Комплексное,A
Савойская,2025-08-26,108,1.67,18.2,7.08,10.5,False,Комплексное,A
Цветная,2025-11-07,120,0.79,13.5,5.88,4.0,False,Органическое,B
Брюссельская,2025-12-08,126,0.55,5.3,5.89,13.4,False,Органическое,A
Пекинская,2026-01-18,54,0.97,14.8,6.58,20.1,False,Комплексное,A
Цветная,2025-09-05,120,1.54,22.4,5.98,11.3,False,Органическое,B
Брокколи,2025-12-11,95,0.86,10.7,6.71,14.0,False,Органическое,A
Кольраби,2024-05-18,73,0.74,9.9,5.49,9.7,True,Комплексное,D
Кольраби,2026-02-12,67,0.83,12.0,7.34,13.1,False,Минеральное,A
Белокочанная,2025-11-10,112,3.05,20.7,6.71,14.6,False,Минеральное,A
Пекинская,2024-09-04,81,1.15,15.4,7.53,22.4,False,Минеральное,C
Белокочанная,2024-10-18,106,3.16,16.4,5.89,16.5,True,Минеральное,C
Цветная,2024-03-28,79,1.42,17.3,5.53,10.7,True,Органическое,C
Цветная,2026-04-13,86,2.23,14.3,7.37,8.2,False,Биоудобрение,B
Краснокочанная,2025-09-23,146,1.86,21.4,5.82,9.8,False,Органическое,B
Кольраби,2025-05-14,88,0.46,9.2,5.59,21.0,False,Без удобрений,C
Савойская,2026-04-23,129,0.8,17.9,7.17,18.3,True,Комплексное,C
Цветная,2025-01-01,80,1.21,17.4,6.86,11.0,True,Комплексное,B
Пекинская,2024-04-15,80,0.89,10.7,5.8,12.6,False,Органическое,A
Кольраби,2026-05-29,75,0.83,6.7,7.47,15.2,False,Минеральное,B
Савойская,2024-05-05,110,2.01,14.4,6.95,11.5,False,Комплексное,A
Краснокочанная,2024-06-16,107,2.3,19.7,6.83,12.7,False,Без удобрений,B
Савойская,2025-10-28,133,1.12,19.5,5.84,13.4,False,Минеральное,B
Пекинская,2025-09-02,67,1.26,12.9,7.14,18.0,True,Минеральное,D
Кольраби,2024-11-06,70,0.33,11.9,6.77,9.1,False,Органическое,A
Брюссельская,2024-09-24,108,1.06,6.7,6.38,15.1,False,Комплексное,A
Брюссельская,2025-02-23,110,0.83,7.3,7.3,11.8,False,Без удобрений,C
Белокочанная,2025-04-08,121,3.0,16.3,5.21,12.6,True,Минеральное,D
Савойская,2025-09-14,118,1.17,20.2,6.3,19.1,False,Органическое,B
Савойская,2024-12-20,113,2.24,19.2,6.7,14.2,False,Комплексное,A
Белокочанная,2025-06-15,91,1.55,19.1,6.27,14.5,False,Без удобрений,B
Пекинская,2025-02-27,75,0.76,14.9,6.69,11.0,False,Органическое,B
Брюссельская,2025-11-16,117,0.96,4.6,6.02,12.3,False,Органическое,A
Цветная,2025-11-12,91,1.48,18.3,5.79,14.1,False,Минеральное,B
Кольраби,2024-07-18,81,0.38,13.6,6.86,10.7,False,Комплексное,A
Брокколи,2024-12-12,86,1.01,13.1,5.22,12.4,False,Органическое,B
Брюссельская,2024-12-14,99,0.95,3.5,6.98,8.3,True,Минеральное,C
Цветная,2025-06-20,81,1.57,15.5,7.09,14.3,True,Органическое,C
Цветная,2025-12-10,77,2.05,15.2,6.96,22.9,False,Комплексное,B
Брюссельская,2024-10-20,101,0.42,8.2,7.48,15.6,False,Органическое,B
Цветная,2024-06-28,105,0.82,12.6,5.78,7.9,False,Комплексное,B
Савойская,2024-03-25,113,1.34,22.6,5.99,10.4,False,Минеральное,B
Кольраби,2025-10-14,86,0.33,8.2,6.24,20.1,False,Органическое,C
Краснокочанная,2024-05-07,123,2.05,11.9,7.44,6.8,False,Без удобрений,B
Краснокочанная,2025-10-01,144,2.61,22.1,6.41,17.2,False,Биоудобрение,A
Брокколи,2025-11-03,69,1.24,16.2,7.17,16.4,False,Органическое,A
Брюссельская,2026-02-23,94,0.73,8.1,7.49,11.0,False,Органическое,B
Белокочанная,2024-11-13,121,3.42,20.8,6.77,22.9,False,Комплексное,B
Брокколи,2024-11-14,99,1.36,12.1,5.83,14.4,False,Биоудобрение,A
Кольраби,2025-12-03,73,0.49,9.5,6.09,6.6,True,Без удобрений,D
Брюссельская,2024-04-05,121,1.22,8.2,7.11,10.2,False,Комплексное,A
Брюссельская,2026-04-19,115,0.48,5.9,7.27,9.2,True,Комплексное,C
Пекинская,2024-03-18,53,1.42,10.4,6.19,13.9,False,Комплексное,A
Пекинская,2026-05-21,63,1.77,17.4,7.08,12.5,False,Минеральное,B
Савойская,2025-01-24,106,2.39,17.9,6.84,19.4,False,Комплексное,B
Кольраби,2024-07-31,66,0.68,10.9,7.42,14.1,False,Биоудобрение,A
Пекинская,2026-06-02,53,0.77,15.3,5.73,9.4,False,Минеральное,B
Савойская,2024-09-19,131,2.99,20.8,5.57,12.6,False,Комплексное,B
Белокочанная,2024-08-18,96,2.12,25.9,7.15,10.5,False,Органическое,B
Краснокочанная,2026-02-11,101,3.24,19.6,6.26,16.7,False,Органическое,B
Белокочанная,2025-12-28,96,3.14,23.9,5.4,8.5,False,Комплексное,B
Брокколи,2025-04-05,78,0.93,13.0,5.57,15.9,False,Органическое,B
Брокколи,2024-05-20,69,1.79,17.4,7.24,14.5,False,Комплексное,A
Краснокочанная,2025-01-30,104,2.32,13.1,5.47,5.8,False,Без удобрений,C
Цветная,2025-11-04,111,1.78,20.1,5.73,15.6,False,Минеральное,B
Брюссельская,2026-05-07,113,0.62,5.8,7.18,21.6,True,Органическое,D
Краснокочанная,2025-07-23,106,1.68,18.1,7.44,19.7,False,Комплексное,B
Брюссельская,2026-01-18,125,0.32,6.0,6.49,18.8,False,Без удобрений,A
Цветная,2025-03-04,113,2.12,12.6,5.53,18.1,False,Комплексное,B
Белокочанная,2024-07-25,103,3.16,17.1,6.77,15.2,False,Комплексное,A
Пекинская,2026-01-14,68,1.11,14.5,7.11,13.2,False,Биоудобрение,B
Савойская,2025-02-25,119,0.83,18.9,7.55,17.0,True,Органическое,D
Пекинская,2024-04-10,56,1.28,11.9,7.14,22.3,False,Минеральное,B
Цветная,2025-12-14,87,1.51,14.7,5.57,13.3,False,Минеральное,B
Кольраби,2026-05-26,68,0.7,8.0,6.16,9.0,False,Без удобрений,B
Краснокочанная,2026-01-29,122,2.22,19.1,5.69,20.8,True,Комплексное,D
Белокочанная,2024-03-19,99,3.8,22.3,6.05,12.3,False,Органическое,A
Савойская,2026-02-23,127,1.08,20.4,6.91,16.0,False,Без удобрений,B
Брюссельская,2025-04-25,103,0.43,7.3,5.53,10.8,False,Органическое,B
Савойская,2025-12-27,130,1.03,20.6,5.65,17.3,False,Органическое,C
Брюссельская,2025-09-07,127,0.76,4.8,6.11,6.6,False,Органическое,B
Белокочанная,2024-03-14,96,1.77,17.0,5.53,9.3,False,Минеральное,B
Савойская,2025-05-24,109,1.58,14.3,7.41,14.1,False,Биоудобрение,B
Краснокочанная,2024-12-25,108,1.51,16.0,7.07,15.3,False,Минеральное,B
Брокколи,2024-05-19,77,0.73,15.7,6.71,15.0,False,Без удобрений,A
Брюссельская,2025-07-29,128,1.11,5.9,5.56,13.3,False,Биоудобрение,B
Савойская,2026-04-06,126,1.2,14.6,6.89,6.2,False,Органическое,B
Брокколи,2024-07-12,89,1.42,10.1,5.5,7.4,False,Комплексное,B
Пекинская,2024-06-16,45,0.8,13.3,6.39,16.2,False,Комплексное,A
Кольраби,2024-09-18,63,0.8,7.0,7.29,17.9,False,Комплексное,A
Савойская,2024-08-09,135,1.89,14.9,6.73,5.5,False,Органическое,B
Краснокочанная,2025-01-28,149,1.04,19.6,6.97,13.5,True,Минеральное,B
Брюссельская,2025-01-02,90,1.29,8.8,6.83,17.5,False,Биоудобрение,B
Савойская,2025-05-14,113,1.19,18.1,6.98,17.6,True,Без удобрений,D
Белокочанная,2025-07-08,108,3.34,18.1,6.05,16.8,False,Без удобрений,B
Савойская,2025-08-01,127,1.37,16.8,5.7,5.1,True,Органическое,C
Краснокочанная,2025-04-25,149,3.25,20.3,6.32,8.1,False,Минеральное,B
Савойская,2025-07-07,99,1.36,15.5,5.54,15.6,False,Комплексное,B
Краснокочанная,2025-01-04,117,2.53,21.8,7.45,14.5,False,Минеральное,B
Краснокочанная,2024-07-12,139,1.19,20.4,6.48,22.4,False,Минеральное,B
Брюссельская,2026-02-04,106,0.43,5.2,6.8,14.6,True,Без удобрений,C
Белокочанная,2025-08-25,110,1.35,13.9,7.25,15.0,False,Без удобрений,C
Краснокочанная,2026-05-13,105,2.4,18.6,5.88,6.7,False,Органическое,B
Пекинская,2025-08-16,77,1.8,12.8,5.97,19.1,False,Минеральное,B
Краснокочанная,2024-05-31,127,2.02,19.7,7.05,12.5,True,Комплексное,C
Пекинская,2025-03-03,74,1.01,10.8,7.18,16.9,False,Минеральное,A
Кольраби,2024-10-02,59,0.69,10.0,7.24,12.7,False,Минеральное,A
Краснокочанная,2026-05-10,140,1.78,13.8,7.6,18.5,False,Минеральное,C
Краснокочанная,2025-01-05,135,2.41,13.5,6.84,16.9,False,Минеральное,B
Брокколи,2024-10-06,76,0.8,12.3,5.8,11.8,False,Органическое,B
Брюссельская,2026-01-18,107,1.06,7.4,7.28,14.9,False,Биоудобрение,A
Брокколи,2025-03-06,62,1.28,13.3,6.2,9.1,False,Комплексное,A
Белокочанная,2025-01-28,94,1.58,24.1,6.64,15.7,False,Минеральное,A
Цветная,2026-03-16,71,2.11,17.9,6.87,16.1,False,Комплексное,A
Краснокочанная,2024-08-08,146,1.84,12.3,5.39,13.7,True,Без удобрений,D
Брокколи,2024-07-23,82,0.46,18.1,6.4,7.4,False,Органическое,A
Брокколи,2024-06-13,93,1.88,17.4,6.71,12.7,False,Биоудобрение,A
Пекинская,2026-04-17,48,1.49,15.5,5.63,7.9,False,Комплексное,B
Пекинская,2026-06-11,54,0.74,9.6,7.18,9.5,False,Комплексное,A
Цветная,2025-02-21,107,1.62,10.9,7.36,6.9,False,Минеральное,C
Савойская,2025-11-16,136,2.14,16.6,7.4,13.5,False,Минеральное,B
Белокочанная,2024-04-24,144,3.02,12.2,5.49,20.1,True,Комплексное,C
Краснокочанная,2025-01-16,150,1.22,13.5,5.83,16.8,False,Без удобрений,B
Кольраби,2025-03-17,87,0.77,8.7,5.71,8.5,False,Биоудобрение,B
Брюссельская,2024-03-28,103,0.98,5.0,7.42,14.5,False,Без удобрений,C
Цветная,2025-01-05,114,2.06,12.9,6.04,11.8,False,Биоудобрение,B
Пекинская,2026-01-22,66,1.97,14.4,6.66,9.4,False,Комплексное,A
Краснокочанная,2026-06-14,132,1.34,12.2,5.53,11.9,False,Без удобрений,B
Краснокочанная,2025-11-05,137,0.93,17.5,5.28,9.6,True,Органическое,C
Кольраби,2024-03-30,81,0.3,9.5,7.29,16.6,False,Минеральное,B
Белокочанная,2024-05-03,101,4.33,22.2,6.98,13.3,False,Органическое,A
Брюссельская,2024-12-27,98,0.67,6.2,5.39,11.6,False,Минеральное,B
Краснокочанная,2024-10-09,126,2.04,24.2,6.2,7.3,False,Минеральное,A
Цветная,2025-11-16,89,1.08,10.6,5.93,7.6,False,Без удобрений,B
Брюссельская,2026-05-30,127,0.82,4.6,5.39,9.4,True,Органическое,C
Пекинская,2024-03-05,73,1.3,12.2,5.9,9.2,False,Минеральное,B
Краснокочанная,2025-11-23,111,2.72,12.0,6.88,8.5,False,Без удобрений,B
Цветная,2026-01-17,77,1.51,14.9,6.46,22.2,False,Без удобрений,C
Брюссельская,2024-09-27,121,1.05,6.7,6.99,15.2,True,Органическое,C
